Giornata,ID_Partita,Squadra,Giocatore,Ruolo,Stato,Minuto_Ingresso,Minuti_Giocati,Voto
1,13981421,Inter,Yann Sommer,G,Titolare,0,0,
1,13981421,Inter,Benjamin Pavard,D,Titolare,0,0,
1,13981421,Inter,Francesco Acerbi,D,Titolare,0,0,
1,13981421,Inter,Alessandro Bastoni,D,Titolare,0,0,
1,13981421,Inter,Denzel Dumfries,M,Titolare,0,0,
1,13981421,Inter,Petar Sučić,M,Titolare,0,0,
1,13981421,Inter,Nicolò Barella,M,Titolare,0,0,
1,13981421,Inter,Henrikh Mkhitaryan,M,Titolare,0,0,
1,13981421,Inter,Federico Dimarco,M,Titolare,0,0,
1,13981421,Inter,Marcus Thuram,F,Titolare,0,0,
1,13981421,Inter,Lautaro Martínez,F,Titolare,0,0,
1,13981421,Inter,Carlos Augusto,D,Panchina,0,0,
1,13981421,Inter,Ange-Yoan Bonny,F,Panchina,0,0,
1,13981421,Inter,Andy Diouf,M,Panchina,0,0,
1,13981421,Inter,Piotr Zieliński,M,Panchina,0,0,
1,13981421,Inter,Luís Henrique,M,Panchina,0,0,
1,13981421,Inter,Raffaele Di Gennaro,G,Panchina,0,0,
1,13981421,Inter,Josep Martínez,G,Panchina,0,0,
1,13981421,Inter,Yann Bisseck,D,Panchina,0,0,
1,13981421,Inter,Matteo Darmian,D,Panchina,0,0,
1,13981421,Inter,Stefan de Vrij,D,Panchina,0,0,
1,13981421,Inter,Tomás Palacios,D,Panchina,0,0,
1,13981421,Inter,Davide Frattesi,M,Panchina,0,0,
1,13981421,Torino,Franco Israel,G,Titolare,0,0,
1,13981421,Torino,Valentino Lazaro,M,Titolare,0,0,
1,13981421,Torino,Saúl Coco,D,Titolare,0,0,
1,13981421,Torino,Adam Masina,D,Titolare,0,0,
1,13981421,Torino,Cristiano Biraghi,D,Titolare,0,0,
1,13981421,Torino,Cesare Casadei,M,Titolare,0,0,
1,13981421,Torino,Emirhan İlkhan,M,Titolare,0,0,
1,13981421,Torino,Gvidas Gineitis,M,Titolare,0,0,
1,13981421,Torino,Cyril Ngonge,F,Titolare,0,0,
1,13981421,Torino,Giovanni Simeone,F,Titolare,0,0,
1,13981421,Torino,Nikola Vlašić,M,Titolare,0,0,
1,13981421,Torino,Zakaria Aboukhlal,F,Panchina,0,0,
1,13981421,Torino,Adrien Tameze,D,Panchina,0,0,
1,13981421,Torino,Che Adams,F,Panchina,0,0,
1,13981421,Torino,Tino Anjorin,M,Panchina,0,0,
1,13981421,Torino,Marcus Pedersen,M,Panchina,0,0,
1,13981421,Torino,Mihai Popa,G,Panchina,0,0,
1,13981421,Torino,Alberto Paleari,G,Panchina,0,0,
1,13981421,Torino,Guillermo Maripán,D,Panchina,0,0,
1,13981421,Torino,Ali Dembélé,D,Panchina,0,0,
1,13981421,Torino,Ivan Ilić,M,Panchina,0,0,
1,13981421,Torino,Côme Bianay Balcot,M,Panchina,0,0,
1,13981421,Torino,Sergiu Perciun,M,Panchina,0,0,
1,13981421,Torino,Duván Zapata,F,Panchina,0,0,
1,13981421,Torino,Alieu Njie,F,Panchina,0,0,
1,13981422,Genoa,Nicola Leali,G,Titolare,0,0,
1,13981422,Genoa,Brooke Norton-Cuffy,D,Titolare,0,0,
1,13981422,Genoa,Alessandro Marcandalli,D,Titolare,0,0,
1,13981422,Genoa,Johan Vásquez,D,Titolare,0,0,
1,13981422,Genoa,Aarón Martín,M,Titolare,0,0,
1,13981422,Genoa,Patrizio Masini,M,Titolare,0,0,
1,13981422,Genoa,Morten Frendrup,M,Titolare,0,0,
1,13981422,Genoa,Valentín Carboni,M,Titolare,0,0,
1,13981422,Genoa,Nicolae Stanciu,M,Titolare,0,0,
1,13981422,Genoa,Albert Grønbæk,M,Titolare,0,0,
1,13981422,Genoa,Lorenzo Colombo,F,Titolare,0,0,
1,13981422,Genoa,Junior Messias,F,Panchina,0,0,
1,13981422,Genoa,Mikael Ellertsson,M,Panchina,0,0,
1,13981422,Genoa,Jeff Ekhator,F,Panchina,0,0,
1,13981422,Genoa,Morten Thorsby,M,Panchina,0,0,
1,13981422,Genoa,Vitinha,F,Panchina,0,0,
1,13981422,Genoa,Daniele Sommariva,G,Panchina,0,0,
1,13981422,Genoa,Benjamin Siegrist,G,Panchina,0,0,
1,13981422,Genoa,Leo Østigård,D,Panchina,0,0,
1,13981422,Genoa,Ruslan Malinovskyi,M,Panchina,0,0,
1,13981422,Genoa,Hugo Cuenca,M,Panchina,0,0,
1,13981422,Genoa,Stefano Sabelli,M,Panchina,0,0,
1,13981422,Genoa,Seydou Fini,F,Panchina,0,0,
1,13981422,Genoa,Lorenzo Venturino,F,Panchina,0,0,
1,13981422,Lecce,Wladimiro Falcone,G,Titolare,0,0,
1,13981422,Lecce,Danilo Veiga,D,Titolare,0,0,
1,13981422,Lecce,Kialonda Gaspar,D,Titolare,0,0,
1,13981422,Lecce,Tiago Gabriel,D,Titolare,0,0,
1,13981422,Lecce,Antonino Gallo,D,Titolare,0,0,
1,13981422,Lecce,Lassana Coulibaly,M,Titolare,0,0,
1,13981422,Lecce,Ylber Ramadani,M,Titolare,0,0,
1,13981422,Lecce,Medon Berisha,M,Titolare,0,0,
1,13981422,Lecce,Lameck Banda,M,Titolare,0,0,
1,13981422,Lecce,Francesco Camarda,F,Titolare,0,0,
1,13981422,Lecce,Tete Morente,F,Titolare,0,0,
1,13981422,Lecce,Mohamed Kaba,M,Panchina,0,0,
1,13981422,Lecce,Riccardo Sottil,F,Panchina,0,0,
1,13981422,Lecce,Christ-Owen Kouassi,D,Panchina,0,0,
1,13981422,Lecce,Balthazar Pierret,M,Panchina,0,0,
1,13981422,Lecce,N'Dri Konan,F,Panchina,0,0,
1,13981422,Lecce,Jasper Samooja,G,Panchina,0,0,
1,13981422,Lecce,Christian Früchtl,G,Panchina,0,0,
1,13981422,Lecce,Jamil Siebert,D,Panchina,0,0,
1,13981422,Lecce,Corrie Ndaba,D,Panchina,0,0,
1,13981422,Lecce,Matías Pérez,D,Panchina,0,0,
1,13981422,Lecce,Þórir Jóhann Helgason,M,Panchina,0,0,
1,13981422,Lecce,Youssef Maleh,M,Panchina,0,0,
1,13981422,Lecce,Olaf Gorter,M,Panchina,0,0,
1,13981422,Lecce,Hamza Rafia,M,Panchina,0,0,
1,13981423,Como,Jean Butez,G,Titolare,0,0,
1,13981423,Como,Ignace Van der Brempt,D,Titolare,0,0,
1,13981423,Como,Jacobo Ramón,D,Titolare,0,0,
1,13981423,Como,Marc Kempf,D,Titolare,0,0,
1,13981423,Como,Álex Valle,D,Titolare,0,0,
1,13981423,Como,Máximo Perrone,M,Titolare,0,0,
1,13981423,Como,Lucas Da Cunha,M,Titolare,0,0,
1,13981423,Como,Mërgim Vojvoda,D,Titolare,0,0,
1,13981423,Como,Nico Paz,M,Titolare,0,0,
1,13981423,Como,Jesús Rodriguez,M,Titolare,0,0,
1,13981423,Como,Anastasios Douvikas,F,Titolare,0,0,
1,13981423,Como,Ivan Smolčić,D,Panchina,0,0,
1,13981423,Como,Álvaro Morata,F,Panchina,0,0,
1,13981423,Como,Maxence Caqueret,M,Panchina,0,0,
1,13981423,Como,Sergi Roberto,M,Panchina,0,0,
1,13981423,Como,Nicolas-Gerrit Kühn,F,Panchina,0,0,
1,13981423,Como,Henrique Menke,G,Panchina,0,0,
1,13981423,Como,Mauro Vigorito,G,Panchina,0,0,
1,13981423,Como,Alberto Moreno,D,Panchina,0,0,
1,13981423,Como,Edoardo Goldaniga,D,Panchina,0,0,
1,13981423,Como,Fellipe Jack,D,Panchina,0,0,
1,13981423,Como,Martin Baturina,M,Panchina,0,0,
1,13981423,Como,Alessandro Gabrielloni,F,Panchina,0,0,
1,13981423,Como,Ivan Azón,F,Panchina,0,0,
1,13981423,Como,Patrick Cutrone,F,Panchina,0,0,
1,13981423,Lazio,Ivan Provedel,G,Titolare,0,0,
1,13981423,Lazio,Manuel Lazzari,D,Titolare,0,0,
1,13981423,Lazio,Mario Gila,D,Titolare,0,0,
1,13981423,Lazio,Oliver Provstgaard,D,Titolare,0,0,
1,13981423,Lazio,Nuno Tavares,D,Titolare,0,0,
1,13981423,Lazio,Mattéo Guendouzi,M,Titolare,0,0,
1,13981423,Lazio,Danilo Cataldi,M,Titolare,0,0,
1,13981423,Lazio,Fisayo Dele-Bashiru,M,Titolare,0,0,
1,13981423,Lazio,Matteo Cancellieri,F,Titolare,0,0,
1,13981423,Lazio,Valentín Castellanos,F,Titolare,0,0,
1,13981423,Lazio,Mattia Zaccagni,F,Titolare,0,0,
1,13981423,Lazio,Pedro,F,Panchina,0,0,
1,13981423,Lazio,Adam Marušić,D,Panchina,0,0,
1,13981423,Lazio,Nicolò Rovella,M,Panchina,0,0,
1,13981423,Lazio,Luca Pellegrini,D,Panchina,0,0,
1,13981423,Lazio,Boulaye Dia,F,Panchina,0,0,
1,13981423,Lazio,Alessio Furlanetto,G,Panchina,0,0,
1,13981423,Lazio,Christos Mandas,G,Panchina,0,0,
1,13981423,Lazio,Elseid Hysaj,D,Panchina,0,0,
1,13981423,Lazio,Reda Belahyane,M,Panchina,0,0,
1,13981423,Lazio,Toma Bašić,M,Panchina,0,0,
1,13981423,Lazio,Tijjani Noslin,F,Panchina,0,0,
1,13981424,Juventus,Michele Di Gregorio,G,Titolare,0,0,
1,13981424,Juventus,Federico Gatti,D,Titolare,0,0,
1,13981424,Juventus,Bremer,D,Titolare,0,0,
1,13981424,Juventus,Lloyd Kelly,D,Titolare,0,0,
1,13981424,Juventus,Pierre Kalulu,D,Titolare,0,0,
1,13981424,Juventus,Manuel Locatelli,M,Titolare,0,0,
1,13981424,Juventus,Khéphren Thuram,M,Titolare,0,0,
1,13981424,Juventus,Andrea Cambiaso,M,Titolare,0,0,
1,13981424,Juventus,Francisco Conceição,F,Titolare,0,0,
1,13981424,Juventus,Kenan Yıldız,F,Titolare,0,0,
1,13981424,Juventus,Jonathan David,F,Titolare,0,0,
1,13981424,Juventus,João Mário,D,Panchina,0,0,
1,13981424,Juventus,Teun Koopmeiners,M,Panchina,0,0,
1,13981424,Juventus,Nicolás González,M,Panchina,0,0,
1,13981424,Juventus,Dušan Vlahović,F,Panchina,0,0,
1,13981424,Juventus,Weston McKennie,M,Panchina,0,0,
1,13981424,Juventus,Carlo Pinsoglio,G,Panchina,0,0,
1,13981424,Juventus,Matteo Fuscaldo,G,Panchina,0,0,
1,13981424,Juventus,Daniele Rugani,D,Panchina,0,0,
1,13981424,Juventus,Jonas Rouhi,D,Panchina,0,0,
1,13981424,Juventus,Filip Kostić,M,Panchina,0,0,
1,13981424,Juventus,Vasilije Adžić,M,Panchina,0,0,
1,13981424,Parma,Zion Suzuki,G,Titolare,0,0,
1,13981424,Parma,Enrico Delprato,D,Titolare,0,0,
1,13981424,Parma,Alessandro Circati,D,Titolare,0,0,
1,13981424,Parma,Lautaro Valenti,D,Titolare,0,0,
1,13981424,Parma,Mathias Løvik,D,Titolare,0,0,
1,13981424,Parma,Adrián Bernabé,M,Titolare,0,0,
1,13981424,Parma,Mandela Keita,M,Titolare,0,0,
1,13981424,Parma,Emanuele Valeri,M,Titolare,0,0,
1,13981424,Parma,Pontus Almqvist,F,Titolare,0,0,
1,13981424,Parma,Christian Ordoñez,M,Titolare,0,0,
1,13981424,Parma,Mateo Pellegrino,F,Titolare,0,0,
1,13981424,Parma,Oliver Sørensen,M,Panchina,0,0,
1,13981424,Parma,Adrian Benedyczak,F,Panchina,0,0,
1,13981424,Parma,Nahuel Estévez,M,Panchina,0,0,
1,13981424,Parma,Milan Đurić,F,Panchina,0,0,
1,13981424,Parma,Filippo Rinaldi,G,Panchina,0,0,
1,13981424,Parma,Edoardo Corvi,G,Panchina,0,0,
1,13981424,Parma,Peter Amoran,D,Panchina,0,0,
1,13981424,Parma,Elia Plicco,M,Panchina,0,0,
1,13981424,Parma,Tjaš Begić,F,Panchina,0,0,
1,13981424,Parma,Antoine Joujou,F,Panchina,0,0,
1,13981424,Parma,Dario Sits,F,Panchina,0,0,
1,13981425,Cagliari,Elia Caprile,G,Titolare,0,0,
1,13981425,Cagliari,Gabriele Zappa,D,Titolare,0,0,
1,13981425,Cagliari,Yerry Mina,D,Titolare,0,0,
1,13981425,Cagliari,Sebastiano Luperto,D,Titolare,0,0,
1,13981425,Cagliari,Adam Obert,D,Titolare,0,0,
1,13981425,Cagliari,Michel Adopo,M,Titolare,0,0,
1,13981425,Cagliari,Matteo Prati,M,Titolare,0,0,
1,13981425,Cagliari,Alessandro Deiola,M,Titolare,0,0,
1,13981425,Cagliari,Sebastiano Esposito,F,Titolare,0,0,
1,13981425,Cagliari,Gennaro Borrelli,F,Titolare,0,0,
1,13981425,Cagliari,Michael Folorunsho,M,Titolare,0,0,
1,13981425,Cagliari,Luca Mazzitelli,M,Panchina,0,0,
1,13981425,Cagliari,Zito Luvumbo,F,Panchina,0,0,
1,13981425,Cagliari,Gianluca Gaetano,M,Panchina,0,0,
1,13981425,Cagliari,Riyad Idrissi,D,Panchina,0,0,
1,13981425,Cagliari,Semih Kılıçsoy,F,Panchina,0,0,
1,13981425,Cagliari,Giuseppe Ciocci,G,Panchina,0,0,
1,13981425,Cagliari,Velizar-Iliya Iliev,G,Panchina,0,0,
1,13981425,Cagliari,Nicolò Cavuoti,M,Panchina,0,0,
1,13981425,Cagliari,Alessandro Di Pardo,M,Panchina,0,0,
1,13981425,Cagliari,Alessandro Vinciguerra,F,Panchina,0,0,
1,13981425,Cagliari,Mattia Felici,F,Panchina,0,0,
1,13981425,Fiorentina,David De Gea,G,Titolare,0,0,
1,13981425,Fiorentina,Pietro Comuzzo,D,Titolare,0,0,
1,13981425,Fiorentina,Marin Pongračić,D,Titolare,0,0,
1,13981425,Fiorentina,Luca Ranieri,D,Titolare,0,0,
1,13981425,Fiorentina,Dodô,M,Titolare,0,0,
1,13981425,Fiorentina,Simon Sohm,M,Titolare,0,0,
1,13981425,Fiorentina,Nicolò Fagioli,M,Titolare,0,0,
1,13981425,Fiorentina,Robin Gosens,D,Titolare,0,0,
1,13981425,Fiorentina,Albert Guðmundsson,F,Titolare,0,0,
1,13981425,Fiorentina,Cher Ndour,M,Titolare,0,0,
1,13981425,Fiorentina,Moise Kean,F,Titolare,0,0,
1,13981425,Fiorentina,Mattia Viti,D,Panchina,0,0,
1,13981425,Fiorentina,Rolando Mandragora,M,Panchina,0,0,
1,13981425,Fiorentina,Pablo Marí,D,Panchina,0,0,
1,13981425,Fiorentina,Jacopo Fazzini,F,Panchina,0,0,
1,13981425,Fiorentina,Fabiano Parisi,D,Panchina,0,0,
1,13981425,Fiorentina,Tommaso Martinelli,G,Panchina,0,0,
1,13981425,Fiorentina,Luca Lezzerini,G,Panchina,0,0,
1,13981425,Fiorentina,Eman Košpo,D,Panchina,0,0,
1,13981425,Fiorentina,Eddy Kouadio,D,Panchina,0,0,
1,13981425,Fiorentina,Niccolò Fortini,D,Panchina,0,0,
1,13981425,Fiorentina,Abdelhamid Sabiri,M,Panchina,0,0,
1,13981425,Fiorentina,Amir Richardson,M,Panchina,0,0,
1,13981425,Fiorentina,Riccardo Braschi,F,Panchina,0,0,
1,13981425,Fiorentina,Edin Džeko,F,Panchina,0,0,
1,13981428,AS Roma,Mile Svilar,G,Titolare,0,0,
1,13981428,AS Roma,Mario Hermoso,D,Titolare,0,0,
1,13981428,AS Roma,Gianluca Mancini,D,Titolare,0,0,
1,13981428,AS Roma,Evan Ndicka,D,Titolare,0,0,
1,13981428,AS Roma,Wesley,M,Titolare,0,0,
1,13981428,AS Roma,Bryan Cristante,M,Titolare,0,0,
1,13981428,AS Roma,Manu Koné,M,Titolare,0,0,
1,13981428,AS Roma,Angeliño,M,Titolare,0,0,
1,13981428,AS Roma,Matías Soulé,F,Titolare,0,0,
1,13981428,AS Roma,Stephan El Shaarawy,F,Titolare,0,0,
1,13981428,AS Roma,Evan Ferguson,F,Titolare,0,0,
1,13981428,AS Roma,Neil El Aynaoui,M,Panchina,0,0,
1,13981428,AS Roma,Paulo Dybala,F,Panchina,0,0,
1,13981428,AS Roma,Artem Dovbyk,F,Panchina,0,0,
1,13981428,AS Roma,Devyne Rensch,M,Panchina,0,0,
1,13981428,AS Roma,Devis Vásquez,G,Panchina,0,0,
1,13981428,AS Roma,Radosław Żelezny,G,Panchina,0,0,
1,13981428,AS Roma,Daniele Ghilardi,D,Panchina,0,0,
1,13981428,AS Roma,Tommaso Baldanzi,M,Panchina,0,0,
1,13981428,AS Roma,Niccolò Pisilli,M,Panchina,0,0,
1,13981428,Bologna,Łukasz Skorupski,G,Titolare,0,0,
1,13981428,Bologna,Lorenzo De Silvestri,D,Titolare,0,0,
1,13981428,Bologna,Nicolò Casale,D,Titolare,0,0,
1,13981428,Bologna,Jhon Lucumí,D,Titolare,0,0,
1,13981428,Bologna,Charalampos Lykogiannis,D,Titolare,0,0,
1,13981428,Bologna,Remo Freuler,M,Titolare,0,0,
1,13981428,Bologna,Tommaso Pobega,M,Titolare,0,0,
1,13981428,Bologna,Riccardo Orsolini,M,Titolare,0,0,
1,13981428,Bologna,Jens Odgaard,M,Titolare,0,0,
1,13981428,Bologna,Nicolò Cambiaghi,F,Titolare,0,0,
1,13981428,Bologna,Ciro Immobile,F,Titolare,0,0,
1,13981428,Bologna,Santiago Castro,F,Panchina,0,0,
1,13981428,Bologna,Martin Vitík,D,Panchina,0,0,
1,13981428,Bologna,Nadir Zortea,D,Panchina,0,0,
1,13981428,Bologna,Giovanni Fabbian,M,Panchina,0,0,
1,13981428,Bologna,Federico Bernardeschi,F,Panchina,0,0,
1,13981428,Bologna,Massimo Pessina,G,Panchina,0,0,
1,13981428,Bologna,Federico Ravaglia,G,Panchina,0,0,
1,13981428,Bologna,Stefan Posch,D,Panchina,0,0,
1,13981428,Bologna,Torbjørn Heggem,D,Panchina,0,0,
1,13981428,Bologna,Nikola Moro,M,Panchina,0,0,
1,13981428,Bologna,Lewis Ferguson,M,Panchina,0,0,
1,13981428,Bologna,Benjamín Domínguez,M,Panchina,0,0,
1,13981428,Bologna,Tommaso Corazza,M,Panchina,0,0,
1,13981428,Bologna,Jesper Karlsson,F,Panchina,0,0,
1,13981428,Bologna,Thijs Dallinga,F,Panchina,0,0,
1,13981431,Sassuolo,Stefano Turati,G,Titolare,0,0,
1,13981431,Sassuolo,Sebastian Walukiewicz,D,Titolare,0,0,
1,13981431,Sassuolo,Filippo Romagna,D,Titolare,0,0,
1,13981431,Sassuolo,Tarik Muharemović,D,Titolare,0,0,
1,13981431,Sassuolo,Josh Doig,D,Titolare,0,0,
1,13981431,Sassuolo,Ismael Koné,M,Titolare,0,0,
1,13981431,Sassuolo,Luca Lipani,M,Titolare,0,0,
1,13981431,Sassuolo,Daniel Boloca,M,Titolare,0,0,
1,13981431,Sassuolo,Domenico Berardi,F,Titolare,0,0,
1,13981431,Sassuolo,Andrea Pinamonti,F,Titolare,0,0,
1,13981431,Sassuolo,Armand Laurienté,F,Titolare,0,0,
1,13981431,Sassuolo,Alieu Fadera,F,Panchina,0,0,
1,13981431,Sassuolo,Fali Candé,D,Panchina,0,0,
1,13981431,Sassuolo,Andrea Ghion,M,Panchina,0,0,
1,13981431,Sassuolo,Nicholas Pierini,F,Panchina,0,0,
1,13981431,Sassuolo,Luca Moro,F,Panchina,0,0,
1,13981431,Sassuolo,Gioele Zacchi,G,Panchina,0,0,
1,13981431,Sassuolo,Arijanet Murić,G,Panchina,0,0,
1,13981431,Sassuolo,Giacomo Satalino,G,Panchina,0,0,
1,13981431,Sassuolo,Jay Idzes,D,Panchina,0,0,
1,13981431,Sassuolo,Edoardo Pieragnolo,D,Panchina,0,0,
1,13981431,Sassuolo,Filippo Missori,M,Panchina,0,0,
1,13981431,Sassuolo,Cristian Volpato,M,Panchina,0,0,
1,13981431,Sassuolo,Samuele Mulattieri,F,Panchina,0,0,
1,13981431,Sassuolo,Agustín Álvarez,F,Panchina,0,0,
1,13981431,SSC Napoli,Alex Meret,G,Titolare,0,0,
1,13981431,SSC Napoli,Giovanni Di Lorenzo,D,Titolare,0,0,
1,13981431,SSC Napoli,Amir Rrahmani,D,Titolare,0,0,
1,13981431,SSC Napoli,Juan Jesus,D,Titolare,0,0,
1,13981431,SSC Napoli,Mathías Olivera,D,Titolare,0,0,
1,13981431,SSC Napoli,Stanislav Lobotka,M,Titolare,0,0,
1,13981431,SSC Napoli,Matteo Politano,M,Titolare,0,0,
1,13981431,SSC Napoli,Frank Anguissa,M,Titolare,0,0,
1,13981431,SSC Napoli,Kevin De Bruyne,M,Titolare,0,0,
1,13981431,SSC Napoli,Scott McTominay,M,Titolare,0,0,
1,13981431,SSC Napoli,Lorenzo Lucca,F,Titolare,0,0,
1,13981431,SSC Napoli,David Neres,F,Panchina,0,0,
1,13981431,SSC Napoli,Billy Gilmour,M,Panchina,0,0,
1,13981431,SSC Napoli,Noa Lang,F,Panchina,0,0,
1,13981431,SSC Napoli,Leonardo Spinazzola,D,Panchina,0,0,
1,13981431,SSC Napoli,Antonio Vergara,F,Panchina,0,0,
1,13981431,SSC Napoli,Nikita Contini,G,Panchina,0,0,
1,13981431,SSC Napoli,Vanja Milinković-Savić,G,Panchina,0,0,
1,13981431,SSC Napoli,Luca Marianucci,D,Panchina,0,0,
1,13981431,SSC Napoli,Sam Beukema,D,Panchina,0,0,
1,13981431,SSC Napoli,Alessandro Buongiorno,D,Panchina,0,0,
1,13981431,SSC Napoli,Pasquale Mazzocchi,M,Panchina,0,0,
1,13981431,SSC Napoli,Alessandro Zanoli,M,Panchina,0,0,
1,13981431,SSC Napoli,Luis Hasa,M,Panchina,0,0,
1,13981431,SSC Napoli,Giuseppe Ambrosino,F,Panchina,0,0,
1,13981431,SSC Napoli,Walid Cheddira,F,Panchina,0,0,
1,13981438,Udinese,Răzvan Sava,G,Titolare,0,0,
1,13981438,Udinese,Nicolò Bertola,D,Titolare,0,0,
1,13981438,Udinese,Thomas Kristensen,D,Titolare,0,0,
1,13981438,Udinese,Oumar Solet,D,Titolare,0,0,
1,13981438,Udinese,Kingsley Ehizibue,M,Titolare,0,0,
1,13981438,Udinese,Sandi Lovrić,M,Titolare,0,0,
1,13981438,Udinese,Jesper Karlström,M,Titolare,0,0,
1,13981438,Udinese,Arthur Atta,M,Titolare,0,0,
1,13981438,Udinese,Jordan Zemura,M,Titolare,0,0,
1,13981438,Udinese,Keinan Davis,F,Titolare,0,0,
1,13981438,Udinese,Iker Bravo,F,Titolare,0,0,
1,13981438,Udinese,Oier Zarraga,M,Panchina,0,0,
1,13981438,Udinese,Vakoun Issouf Bayo,F,Panchina,0,0,
1,13981438,Udinese,Jakub Piotrowski,M,Panchina,0,0,
1,13981438,Udinese,Hassane Kamara,M,Panchina,0,0,
1,13981438,Udinese,Alessandro Nunziante,G,Panchina,0,0,
1,13981438,Udinese,Daniele Padelli,G,Panchina,0,0,
1,13981438,Udinese,Saba Goglichidze,D,Panchina,0,0,
1,13981438,Udinese,Christian Kabasele,D,Panchina,0,0,
1,13981438,Udinese,Rui Modesto,M,Panchina,0,0,
1,13981438,Udinese,Lennon Miller,M,Panchina,0,0,
1,13981438,Udinese,Jürgen Ekkelenkamp,M,Panchina,0,0,
1,13981438,Udinese,David Pejičić,M,Panchina,0,0,
1,13981438,Udinese,Abdoulaye Camara,M,Panchina,0,0,
1,13981438,Udinese,Giulio Vinciati,F,Panchina,0,0,
1,13981438,Hellas Verona,Lorenzo Montipò,G,Titolare,0,0,
1,13981438,Hellas Verona,Unai Núñez,D,Titolare,0,0,
1,13981438,Hellas Verona,Victor Nelsson,D,Titolare,0,0,
1,13981438,Hellas Verona,Martin Frese,D,Titolare,0,0,
1,13981438,Hellas Verona,Fallou Cham,D,Titolare,0,0,
1,13981438,Hellas Verona,Cheikh Niasse,M,Titolare,0,0,
1,13981438,Hellas Verona,Antoine Bernede,M,Titolare,0,0,
1,13981438,Hellas Verona,Suat Serdar,M,Titolare,0,0,
1,13981438,Hellas Verona,Domagoj Bradarić,M,Titolare,0,0,
1,13981438,Hellas Verona,Giovane,F,Titolare,0,0,
1,13981438,Hellas Verona,Amin Sarr,F,Titolare,0,0,
1,13981438,Hellas Verona,Abdou Harroui,M,Panchina,0,0,
1,13981438,Hellas Verona,Daniel Mosquera,F,Panchina,0,0,
1,13981438,Hellas Verona,Rafik Belghali,M,Panchina,0,0,
1,13981438,Hellas Verona,Enzo Ebosse,D,Panchina,0,0,
1,13981438,Hellas Verona,Daniel Oyegoke,M,Panchina,0,0,
1,13981438,Hellas Verona,Simone Perilli,G,Panchina,0,0,
1,13981438,Hellas Verona,Giacomo Toniolo,G,Panchina,0,0,
1,13981438,Hellas Verona,Tobias Slotsager,D,Panchina,0,0,
1,13981438,Hellas Verona,Adi Kurti,D,Panchina,0,0,
1,13981438,Hellas Verona,Grigoris Kastanos,M,Panchina,0,0,
1,13981438,Hellas Verona,Charlys,M,Panchina,0,0,
1,13981438,Hellas Verona,Junior Ajayi,F,Panchina,0,0,
1,13981438,Hellas Verona,Mathis Lambourde,F,Panchina,0,0,
1,13981438,Hellas Verona,Dailon Rocha Livramento,F,Panchina,0,0,
1,13981438,Hellas Verona,Stefan Mitrović,F,Panchina,0,0,
1,13981439,AC Milan,Mike Maignan,G,Titolare,0,0,
1,13981439,AC Milan,Fikayo Tomori,D,Titolare,0,0,
1,13981439,AC Milan,Matteo Gabbia,D,Titolare,0,0,
1,13981439,AC Milan,Strahinja Pavlović,D,Titolare,0,0,
1,13981439,AC Milan,Alexis Saelemaekers,M,Titolare,0,0,
1,13981439,AC Milan,Ruben Loftus-Cheek,M,Titolare,0,0,
1,13981439,AC Milan,Luka Modrić,M,Titolare,0,0,
1,13981439,AC Milan,Youssouf Fofana,M,Titolare,0,0,
1,13981439,AC Milan,Pervis Estupiñán,M,Titolare,0,0,
1,13981439,AC Milan,Santiago Giménez,F,Titolare,0,0,
1,13981439,AC Milan,Christian Pulišić,F,Titolare,0,0,
1,13981439,AC Milan,Álex Jiménez,D,Panchina,0,0,
1,13981439,AC Milan,Samuel Chukwueze,F,Panchina,0,0,
1,13981439,AC Milan,Ardon Jashari,M,Panchina,0,0,
1,13981439,AC Milan,Pietro Terracciano,G,Panchina,0,0,
1,13981439,AC Milan,Matteo Pittarella,G,Panchina,0,0,
1,13981439,AC Milan,Koni De Winter,D,Panchina,0,0,
1,13981439,AC Milan,Zachary Athekame,D,Panchina,0,0,
1,13981439,AC Milan,Samuele Ricci,M,Panchina,0,0,
1,13981439,AC Milan,Yunus Musah,M,Panchina,0,0,
1,13981439,AC Milan,Davide Bartesaghi,M,Panchina,0,0,
1,13981439,Cremonese,Emil Audero,G,Titolare,0,0,
1,13981439,Cremonese,Filippo Terracciano,D,Titolare,0,0,
1,13981439,Cremonese,Federico Baschirotto,D,Titolare,0,0,
1,13981439,Cremonese,Matteo Bianchetti,D,Titolare,0,0,
1,13981439,Cremonese,Alessio Zerbin,M,Titolare,0,0,
1,13981439,Cremonese,Michele Collocolo,M,Titolare,0,0,
1,13981439,Cremonese,Alberto Grassi,M,Titolare,0,0,
1,13981439,Cremonese,Jari Vandeputte,M,Titolare,0,0,
1,13981439,Cremonese,Giuseppe Pezzella,M,Titolare,0,0,
1,13981439,Cremonese,David Okereke,F,Titolare,0,0,
1,13981439,Cremonese,Federico Bonazzoli,F,Titolare,0,0,
1,13981439,Cremonese,Warren Bondo,M,Panchina,0,0,
1,13981439,Cremonese,Martín Payero,M,Panchina,0,0,
1,13981439,Cremonese,Antonio Sanabria,F,Panchina,0,0,
1,13981439,Cremonese,Federico Ceccherini,D,Panchina,0,0,
1,13981439,Cremonese,Manuel De Luca,F,Panchina,0,0,
1,13981439,Cremonese,Lapo Nava,G,Panchina,0,0,
1,13981439,Cremonese,Marco Silvestri,G,Panchina,0,0,
1,13981439,Cremonese,Francesco Folino,D,Panchina,0,0,
1,13981439,Cremonese,Leonardo Sernicola,M,Panchina,0,0,
1,13981439,Cremonese,Dachi Lordkipanidze,M,Panchina,0,0,
1,13981439,Cremonese,Romano Floriani Mussolini,M,Panchina,0,0,
1,13981439,Cremonese,Michele Castagnetti,M,Panchina,0,0,
1,13981444,Atalanta,Marco Carnesecchi,G,Titolare,0,0,
1,13981444,Atalanta,Giorgio Scalvini,D,Titolare,0,0,
1,13981444,Atalanta,Isak Hien,D,Titolare,0,0,
1,13981444,Atalanta,Berat Djimsiti,D,Titolare,0,0,
1,13981444,Atalanta,Raoul Bellanova,M,Titolare,0,0,
1,13981444,Atalanta,Marten de Roon,M,Titolare,0,0,
1,13981444,Atalanta,Mario Pašalić,M,Titolare,0,0,
1,13981444,Atalanta,Nicola Zalewski,M,Titolare,0,0,
1,13981444,Atalanta,Charles De Ketelaere,F,Titolare,0,0,
1,13981444,Atalanta,Daniel Maldini,F,Titolare,0,0,
1,13981444,Atalanta,Gianluca Scamacca,F,Titolare,0,0,
1,13981444,Atalanta,Éderson,M,Panchina,0,0,
1,13981444,Atalanta,Kamaldeen Sulemana,F,Panchina,0,0,
1,13981444,Atalanta,Nikola Krstović,F,Panchina,0,0,
1,13981444,Atalanta,Lazar Samardžić,M,Panchina,0,0,
1,13981444,Atalanta,Odilon Kossounou,D,Panchina,0,0,
1,13981444,Atalanta,Marco Sportiello,G,Panchina,0,0,
1,13981444,Atalanta,Francesco Rossi,G,Panchina,0,0,
1,13981444,Atalanta,Giovanni Bonfanti,D,Panchina,0,0,
1,13981444,Atalanta,Honest Ahanor,D,Panchina,0,0,
1,13981444,Atalanta,Davide Zappacosta,M,Panchina,0,0,
1,13981444,Atalanta,Marco Brescianini,M,Panchina,0,0,
1,13981444,Atalanta,Lorenzo Bernasconi,M,Panchina,0,0,
1,13981444,Pisa,Adrian Šemper,G,Titolare,0,0,
1,13981444,Pisa,Daniel Denoon,D,Titolare,0,0,
1,13981444,Pisa,Antonio Caracciolo,D,Titolare,0,0,
1,13981444,Pisa,Simone Canestrelli,D,Titolare,0,0,
1,13981444,Pisa,Idrissa Touré,M,Titolare,0,0,
1,13981444,Pisa,Marius Marin,M,Titolare,0,0,
1,13981444,Pisa,Michel Aebischer,M,Titolare,0,0,
1,13981444,Pisa,Samuele Angori,M,Titolare,0,0,
1,13981444,Pisa,Stefano Moreo,F,Titolare,0,0,
1,13981444,Pisa,Matteo Tramoni,F,Titolare,0,0,
1,13981444,Pisa,Henrik Wendel Meister,F,Titolare,0,0,
1,13981444,Pisa,M'bala Nzola,F,Panchina,0,0,
1,13981444,Pisa,Juan Cuadrado,M,Panchina,0,0,
1,13981444,Pisa,Ebenezer Akinsanmiro,M,Panchina,0,0,
1,13981444,Pisa,Arturo Calabresi,D,Panchina,0,0,
1,13981444,Pisa,Gabriele Piccinini,M,Panchina,0,0,
1,13981444,Pisa,Simone Scuffet,G,Panchina,0,0,
1,13981444,Pisa,Nícolas,G,Panchina,0,0,
1,13981444,Pisa,Jeremy Kandje Mbambi,D,Panchina,0,0,
1,13981444,Pisa,Malthe Højholt,M,Panchina,0,0,
1,13981444,Pisa,Giacomo Maucci,M,Panchina,0,0,
1,13981444,Pisa,Mehdi Léris,M,Panchina,0,0,
1,13981444,Pisa,Mert Durmush,M,Panchina,0,0,
1,13981444,Pisa,Louis Buffon,F,Panchina,0,0,
2,13981426,Parma,Zion Suzuki,G,Titolare,0,0,
2,13981426,Parma,Enrico Delprato,D,Titolare,0,0,
2,13981426,Parma,Alessandro Circati,D,Titolare,0,0,
2,13981426,Parma,Lautaro Valenti,D,Titolare,0,0,
2,13981426,Parma,Mathias Løvik,D,Titolare,0,0,
2,13981426,Parma,Adrián Bernabé,M,Titolare,0,0,
2,13981426,Parma,Mandela Keita,M,Titolare,0,0,
2,13981426,Parma,Emanuele Valeri,M,Titolare,0,0,
2,13981426,Parma,Pontus Almqvist,F,Titolare,0,0,
2,13981426,Parma,Oliver Sørensen,M,Titolare,0,0,
2,13981426,Parma,Mateo Pellegrino,F,Titolare,0,0,
2,13981426,Parma,Gaetano Oristanio,M,Panchina,0,0,
2,13981426,Parma,Christian Ordoñez,M,Panchina,0,0,
2,13981426,Parma,Patrick Cutrone,F,Panchina,0,0,
2,13981426,Parma,Nahuel Estévez,M,Panchina,0,0,
2,13981426,Parma,Edoardo Corvi,G,Panchina,0,0,
2,13981426,Parma,Filippo Rinaldi,G,Panchina,0,0,
2,13981426,Parma,Abdoulaye Ndiaye,D,Panchina,0,0,
2,13981426,Parma,Mariano Troilo,D,Panchina,0,0,
2,13981426,Parma,Sascha Britschgi,D,Panchina,0,0,
2,13981426,Parma,Botond Balogh,D,Panchina,0,0,
2,13981426,Parma,Elia Plicco,M,Panchina,0,0,
2,13981426,Parma,Adrian Benedyczak,F,Panchina,0,0,
2,13981426,Parma,Tjaš Begić,F,Panchina,0,0,
2,13981426,Parma,Milan Đurić,F,Panchina,0,0,
2,13981426,Atalanta,Marco Carnesecchi,G,Titolare,0,0,
2,13981426,Atalanta,Giorgio Scalvini,D,Titolare,0,0,
2,13981426,Atalanta,Isak Hien,D,Titolare,0,0,
2,13981426,Atalanta,Berat Djimsiti,D,Titolare,0,0,
2,13981426,Atalanta,Raoul Bellanova,M,Titolare,0,0,
2,13981426,Atalanta,Marten de Roon,M,Titolare,0,0,
2,13981426,Atalanta,Mario Pašalić,M,Titolare,0,0,
2,13981426,Atalanta,Nicola Zalewski,M,Titolare,0,0,
2,13981426,Atalanta,Charles De Ketelaere,F,Titolare,0,0,
2,13981426,Atalanta,Daniel Maldini,F,Titolare,0,0,
2,13981426,Atalanta,Gianluca Scamacca,F,Titolare,0,0,
2,13981426,Atalanta,Nikola Krstović,F,Panchina,0,0,
2,13981426,Atalanta,Davide Zappacosta,M,Panchina,0,0,
2,13981426,Atalanta,Kamaldeen Sulemana,F,Panchina,0,0,
2,13981426,Atalanta,Marco Brescianini,M,Panchina,0,0,
2,13981426,Atalanta,Marco Sportiello,G,Panchina,0,0,
2,13981426,Atalanta,Francesco Rossi,G,Panchina,0,0,
2,13981426,Atalanta,Giovanni Bonfanti,D,Panchina,0,0,
2,13981426,Atalanta,Honest Ahanor,D,Panchina,0,0,
2,13981426,Atalanta,Odilon Kossounou,D,Panchina,0,0,
2,13981426,Atalanta,Sulemana,M,Panchina,0,0,
2,13981426,Atalanta,Lazar Samardžić,M,Panchina,0,0,
2,13981426,Atalanta,Lorenzo Bernasconi,M,Panchina,0,0,
2,13981429,Torino,Franco Israel,G,Titolare,0,0,
2,13981429,Torino,Marcus Pedersen,M,Titolare,0,0,
2,13981429,Torino,Saúl Coco,D,Titolare,0,0,
2,13981429,Torino,Guillermo Maripán,D,Titolare,0,0,
2,13981429,Torino,Cristiano Biraghi,D,Titolare,0,0,
2,13981429,Torino,Cesare Casadei,M,Titolare,0,0,
2,13981429,Torino,Kristjan Asllani,M,Titolare,0,0,
2,13981429,Torino,Ivan Ilić,M,Titolare,0,0,
2,13981429,Torino,Cyril Ngonge,F,Titolare,0,0,
2,13981429,Torino,Giovanni Simeone,F,Titolare,0,0,
2,13981429,Torino,Nikola Vlašić,M,Titolare,0,0,
2,13981429,Torino,Che Adams,F,Panchina,0,0,
2,13981429,Torino,Gvidas Gineitis,M,Panchina,0,0,
2,13981429,Torino,Valentino Lazaro,M,Panchina,0,0,
2,13981429,Torino,Adrien Tameze,D,Panchina,0,0,
2,13981429,Torino,Zakaria Aboukhlal,F,Panchina,0,0,
2,13981429,Torino,Alberto Paleari,G,Panchina,0,0,
2,13981429,Torino,Mihai Popa,G,Panchina,0,0,
2,13981429,Torino,Adam Masina,D,Panchina,0,0,
2,13981429,Torino,Ali Dembélé,D,Panchina,0,0,
2,13981429,Torino,Emirhan İlkhan,M,Panchina,0,0,
2,13981429,Torino,Tino Anjorin,M,Panchina,0,0,
2,13981429,Torino,Alieu Njie,F,Panchina,0,0,
2,13981429,Torino,Duván Zapata,F,Panchina,0,0,
2,13981429,Fiorentina,David De Gea,G,Titolare,0,0,
2,13981429,Fiorentina,Pietro Comuzzo,D,Titolare,0,0,
2,13981429,Fiorentina,Marin Pongračić,D,Titolare,0,0,
2,13981429,Fiorentina,Luca Ranieri,D,Titolare,0,0,
2,13981429,Fiorentina,Dodô,M,Titolare,0,0,
2,13981429,Fiorentina,Rolando Mandragora,M,Titolare,0,0,
2,13981429,Fiorentina,Simon Sohm,M,Titolare,0,0,
2,13981429,Fiorentina,Robin Gosens,D,Titolare,0,0,
2,13981429,Fiorentina,Albert Guðmundsson,F,Titolare,0,0,
2,13981429,Fiorentina,Roberto Piccoli,F,Titolare,0,0,
2,13981429,Fiorentina,Moise Kean,F,Titolare,0,0,
2,13981429,Fiorentina,Eddy Kouadio,D,Panchina,0,0,
2,13981429,Fiorentina,Nicolò Fagioli,M,Panchina,0,0,
2,13981429,Fiorentina,Cher Ndour,M,Panchina,0,0,
2,13981429,Fiorentina,Edin Džeko,F,Panchina,0,0,
2,13981429,Fiorentina,Jacopo Fazzini,F,Panchina,0,0,
2,13981429,Fiorentina,Luca Lezzerini,G,Panchina,0,0,
2,13981429,Fiorentina,Tommaso Martinelli,G,Panchina,0,0,
2,13981429,Fiorentina,Pablo Marí,D,Panchina,0,0,
2,13981429,Fiorentina,Niccolò Fortini,D,Panchina,0,0,
2,13981429,Fiorentina,Mattia Viti,D,Panchina,0,0,
2,13981429,Fiorentina,Fabiano Parisi,D,Panchina,0,0,
2,13981429,Fiorentina,Abdelhamid Sabiri,M,Panchina,0,0,
2,13981429,Fiorentina,Hans Nicolussi Caviglia,M,Panchina,0,0,
2,13981432,Inter,Yann Sommer,G,Titolare,0,0,
2,13981432,Inter,Yann Bisseck,D,Titolare,0,0,
2,13981432,Inter,Francesco Acerbi,D,Titolare,0,0,
2,13981432,Inter,Alessandro Bastoni,D,Titolare,0,0,
2,13981432,Inter,Denzel Dumfries,M,Titolare,0,0,
2,13981432,Inter,Nicolò Barella,M,Titolare,0,0,
2,13981432,Inter,Hakan Çalhanoğlu,M,Titolare,0,0,
2,13981432,Inter,Petar Sučić,M,Titolare,0,0,
2,13981432,Inter,Federico Dimarco,M,Titolare,0,0,
2,13981432,Inter,Marcus Thuram,F,Titolare,0,0,
2,13981432,Inter,Lautaro Martínez,F,Titolare,0,0,
2,13981432,Inter,Henrikh Mkhitaryan,M,Panchina,0,0,
2,13981432,Inter,Francesco Pio Esposito,F,Panchina,0,0,
2,13981432,Inter,Carlos Augusto,D,Panchina,0,0,
2,13981432,Inter,Piotr Zieliński,M,Panchina,0,0,
2,13981432,Inter,Ange-Yoan Bonny,F,Panchina,0,0,
2,13981432,Inter,Josep Martínez,G,Panchina,0,0,
2,13981432,Inter,Raffaele Di Gennaro,G,Panchina,0,0,
2,13981432,Inter,Benjamin Pavard,D,Panchina,0,0,
2,13981432,Inter,Matteo Darmian,D,Panchina,0,0,
2,13981432,Inter,Stefan de Vrij,D,Panchina,0,0,
2,13981432,Inter,Tomás Palacios,D,Panchina,0,0,
2,13981432,Inter,Davide Frattesi,M,Panchina,0,0,
2,13981432,Inter,Luís Henrique,M,Panchina,0,0,
2,13981432,Inter,Andy Diouf,M,Panchina,0,0,
2,13981432,Udinese,Răzvan Sava,G,Titolare,0,0,
2,13981432,Udinese,Nicolò Bertola,D,Titolare,0,0,
2,13981432,Udinese,Thomas Kristensen,D,Titolare,0,0,
2,13981432,Udinese,Oumar Solet,D,Titolare,0,0,
2,13981432,Udinese,Kingsley Ehizibue,M,Titolare,0,0,
2,13981432,Udinese,Jakub Piotrowski,M,Titolare,0,0,
2,13981432,Udinese,Jesper Karlström,M,Titolare,0,0,
2,13981432,Udinese,Arthur Atta,M,Titolare,0,0,
2,13981432,Udinese,Jordan Zemura,M,Titolare,0,0,
2,13981432,Udinese,Vakoun Issouf Bayo,F,Titolare,0,0,
2,13981432,Udinese,Keinan Davis,F,Titolare,0,0,
2,13981432,Udinese,Saba Goglichidze,D,Panchina,0,0,
2,13981432,Udinese,Adam Buksa,F,Panchina,0,0,
2,13981432,Udinese,Jürgen Ekkelenkamp,M,Panchina,0,0,
2,13981432,Udinese,Oier Zarraga,M,Panchina,0,0,
2,13981432,Udinese,Rui Modesto,M,Panchina,0,0,
2,13981432,Udinese,Alessandro Nunziante,G,Panchina,0,0,
2,13981432,Udinese,Gioele Venuti,G,Panchina,0,0,
2,13981432,Udinese,Christian Kabasele,D,Panchina,0,0,
2,13981432,Udinese,Sandi Lovrić,M,Panchina,0,0,
2,13981432,Udinese,Hassane Kamara,M,Panchina,0,0,
2,13981432,Udinese,Lennon Miller,M,Panchina,0,0,
2,13981432,Udinese,Abdoulaye Camara,M,Panchina,0,0,
2,13981432,Udinese,Iker Bravo,F,Panchina,0,0,
2,13981433,Bologna,Łukasz Skorupski,G,Titolare,0,0,
2,13981433,Bologna,Nadir Zortea,D,Titolare,0,0,
2,13981433,Bologna,Martin Vitík,D,Titolare,0,0,
2,13981433,Bologna,Torbjørn Heggem,D,Titolare,0,0,
2,13981433,Bologna,Charalampos Lykogiannis,D,Titolare,0,0,
2,13981433,Bologna,Remo Freuler,M,Titolare,0,0,
2,13981433,Bologna,Nikola Moro,M,Titolare,0,0,
2,13981433,Bologna,Riccardo Orsolini,M,Titolare,0,0,
2,13981433,Bologna,Giovanni Fabbian,M,Titolare,0,0,
2,13981433,Bologna,Nicolò Cambiaghi,F,Titolare,0,0,
2,13981433,Bologna,Santiago Castro,F,Titolare,0,0,
2,13981433,Bologna,Jhon Lucumí,D,Panchina,0,0,
2,13981433,Bologna,Tommaso Pobega,M,Panchina,0,0,
2,13981433,Bologna,Jens Odgaard,M,Panchina,0,0,
2,13981433,Bologna,Thijs Dallinga,F,Panchina,0,0,
2,13981433,Bologna,Juan Miranda,D,Panchina,0,0,
2,13981433,Bologna,Massimo Pessina,G,Panchina,0,0,
2,13981433,Bologna,Federico Ravaglia,G,Panchina,0,0,
2,13981433,Bologna,Stefan Posch,D,Panchina,0,0,
2,13981433,Bologna,Lorenzo De Silvestri,D,Panchina,0,0,
2,13981433,Bologna,Tommaso Corazza,M,Panchina,0,0,
2,13981433,Bologna,Benjamín Domínguez,M,Panchina,0,0,
2,13981433,Bologna,Lewis Ferguson,M,Panchina,0,0,
2,13981433,Bologna,Federico Bernardeschi,F,Panchina,0,0,
2,13981433,Bologna,Jesper Karlsson,F,Panchina,0,0,
2,13981433,Bologna,Jonathan Rowe,F,Panchina,0,0,
2,13981433,Como,Jean Butez,G,Titolare,0,0,
2,13981433,Como,Ignace Van der Brempt,D,Titolare,0,0,
2,13981433,Como,Jacobo Ramón,D,Titolare,0,0,
2,13981433,Como,Marc Kempf,D,Titolare,0,0,
2,13981433,Como,Álex Valle,D,Titolare,0,0,
2,13981433,Como,Máximo Perrone,M,Titolare,0,0,
2,13981433,Como,Lucas Da Cunha,M,Titolare,0,0,
2,13981433,Como,Mërgim Vojvoda,D,Titolare,0,0,
2,13981433,Como,Nico Paz,M,Titolare,0,0,
2,13981433,Como,Jesús Rodriguez,M,Titolare,0,0,
2,13981433,Como,Anastasios Douvikas,F,Titolare,0,0,
2,13981433,Como,Ivan Smolčić,D,Panchina,0,0,
2,13981433,Como,Sergi Roberto,M,Panchina,0,0,
2,13981433,Como,Álvaro Morata,F,Panchina,0,0,
2,13981433,Como,Nicolas-Gerrit Kühn,F,Panchina,0,0,
2,13981433,Como,Martin Baturina,M,Panchina,0,0,
2,13981433,Como,Mauro Vigorito,G,Panchina,0,0,
2,13981433,Como,Nikola Čavlina,G,Panchina,0,0,
2,13981433,Como,Edoardo Goldaniga,D,Panchina,0,0,
2,13981433,Como,Alberto Moreno,D,Panchina,0,0,
2,13981433,Como,Jayden Addai,M,Panchina,0,0,
2,13981433,Como,Maxence Caqueret,M,Panchina,0,0,
2,13981436,SSC Napoli,Alex Meret,G,Titolare,0,0,
2,13981436,SSC Napoli,Giovanni Di Lorenzo,D,Titolare,0,0,
2,13981436,SSC Napoli,Amir Rrahmani,D,Titolare,0,0,
2,13981436,SSC Napoli,Juan Jesus,D,Titolare,0,0,
2,13981436,SSC Napoli,Leonardo Spinazzola,D,Titolare,0,0,
2,13981436,SSC Napoli,Stanislav Lobotka,M,Titolare,0,0,
2,13981436,SSC Napoli,Matteo Politano,M,Titolare,0,0,
2,13981436,SSC Napoli,Frank Anguissa,M,Titolare,0,0,
2,13981436,SSC Napoli,Kevin De Bruyne,M,Titolare,0,0,
2,13981436,SSC Napoli,Scott McTominay,M,Titolare,0,0,
2,13981436,SSC Napoli,Lorenzo Lucca,F,Titolare,0,0,
2,13981436,SSC Napoli,Alessandro Buongiorno,D,Panchina,0,0,
2,13981436,SSC Napoli,Giuseppe Ambrosino,F,Panchina,0,0,
2,13981436,SSC Napoli,Mathías Olivera,D,Panchina,0,0,
2,13981436,SSC Napoli,Noa Lang,F,Panchina,0,0,
2,13981436,SSC Napoli,Vanja Milinković-Savić,G,Panchina,0,0,
2,13981436,SSC Napoli,Nikita Contini,G,Panchina,0,0,
2,13981436,SSC Napoli,Luca Marianucci,D,Panchina,0,0,
2,13981436,SSC Napoli,Sam Beukema,D,Panchina,0,0,
2,13981436,SSC Napoli,Coli Saco,M,Panchina,0,0,
2,13981436,SSC Napoli,Luis Hasa,M,Panchina,0,0,
2,13981436,SSC Napoli,Pasquale Mazzocchi,M,Panchina,0,0,
2,13981436,SSC Napoli,Billy Gilmour,M,Panchina,0,0,
2,13981436,SSC Napoli,Walid Cheddira,F,Panchina,0,0,
2,13981436,SSC Napoli,Antonio Vergara,F,Panchina,0,0,
2,13981436,Cagliari,Elia Caprile,G,Titolare,0,0,
2,13981436,Cagliari,Gabriele Zappa,D,Titolare,0,0,
2,13981436,Cagliari,Yerry Mina,D,Titolare,0,0,
2,13981436,Cagliari,Sebastiano Luperto,D,Titolare,0,0,
2,13981436,Cagliari,Marco Palestra,M,Titolare,0,0,
2,13981436,Cagliari,Michel Adopo,M,Titolare,0,0,
2,13981436,Cagliari,Matteo Prati,M,Titolare,0,0,
2,13981436,Cagliari,Alessandro Deiola,M,Titolare,0,0,
2,13981436,Cagliari,Adam Obert,D,Titolare,0,0,
2,13981436,Cagliari,Sebastiano Esposito,F,Titolare,0,0,
2,13981436,Cagliari,Michael Folorunsho,M,Titolare,0,0,
2,13981436,Cagliari,Zito Luvumbo,F,Panchina,0,0,
2,13981436,Cagliari,Gianluca Gaetano,M,Panchina,0,0,
2,13981436,Cagliari,Gennaro Borrelli,F,Panchina,0,0,
2,13981436,Cagliari,Riyad Idrissi,D,Panchina,0,0,
2,13981436,Cagliari,Alessandro Di Pardo,M,Panchina,0,0,
2,13981436,Cagliari,Vincenzo Sarno,G,Panchina,0,0,
2,13981436,Cagliari,Giuseppe Ciocci,G,Panchina,0,0,
2,13981436,Cagliari,Nicolò Cavuoti,M,Panchina,0,0,
2,13981436,Cagliari,Luca Mazzitelli,M,Panchina,0,0,
2,13981436,Cagliari,Marko Rog,M,Panchina,0,0,
2,13981436,Cagliari,Mattia Felici,F,Panchina,0,0,
2,13981436,Cagliari,Semih Kılıçsoy,F,Panchina,0,0,
2,13981441,Pisa,Adrian Šemper,G,Titolare,0,0,
2,13981441,Pisa,Simone Canestrelli,D,Titolare,0,0,
2,13981441,Pisa,Antonio Caracciolo,D,Titolare,0,0,
2,13981441,Pisa,Mateus Lusuardi,D,Titolare,0,0,
2,13981441,Pisa,Idrissa Touré,M,Titolare,0,0,
2,13981441,Pisa,Marius Marin,M,Titolare,0,0,
2,13981441,Pisa,Michel Aebischer,M,Titolare,0,0,
2,13981441,Pisa,Matteo Tramoni,F,Titolare,0,0,
2,13981441,Pisa,Samuele Angori,M,Titolare,0,0,
2,13981441,Pisa,Stefano Moreo,F,Titolare,0,0,
2,13981441,Pisa,Henrik Wendel Meister,F,Titolare,0,0,
2,13981441,Pisa,Arturo Calabresi,D,Panchina,0,0,
2,13981441,Pisa,Juan Cuadrado,M,Panchina,0,0,
2,13981441,Pisa,M'bala Nzola,F,Panchina,0,0,
2,13981441,Pisa,Mehdi Léris,M,Panchina,0,0,
2,13981441,Pisa,Calvin Stengs,M,Panchina,0,0,
2,13981441,Pisa,Simone Scuffet,G,Panchina,0,0,
2,13981441,Pisa,Nícolas,G,Panchina,0,0,
2,13981441,Pisa,Jeremy Kandje Mbambi,D,Panchina,0,0,
2,13981441,Pisa,Giacomo Maucci,M,Panchina,0,0,
2,13981441,Pisa,Ebenezer Akinsanmiro,M,Panchina,0,0,
2,13981441,Pisa,Malthe Højholt,M,Panchina,0,0,
2,13981441,Pisa,Gabriele Piccinini,M,Panchina,0,0,
2,13981441,Pisa,Mert Durmush,M,Panchina,0,0,
2,13981441,Pisa,Louis Buffon,F,Panchina,0,0,
2,13981441,AS Roma,Mile Svilar,G,Titolare,0,0,
2,13981441,AS Roma,Mario Hermoso,D,Titolare,0,0,
2,13981441,AS Roma,Gianluca Mancini,D,Titolare,0,0,
2,13981441,AS Roma,Evan Ndicka,D,Titolare,0,0,
2,13981441,AS Roma,Wesley,M,Titolare,0,0,
2,13981441,AS Roma,Bryan Cristante,M,Titolare,0,0,
2,13981441,AS Roma,Manu Koné,M,Titolare,0,0,
2,13981441,AS Roma,Angeliño,M,Titolare,0,0,
2,13981441,AS Roma,Matías Soulé,F,Titolare,0,0,
2,13981441,AS Roma,Evan Ferguson,F,Titolare,0,0,
2,13981441,AS Roma,Stephan El Shaarawy,F,Titolare,0,0,
2,13981441,AS Roma,Paulo Dybala,F,Panchina,0,0,
2,13981441,AS Roma,Artem Dovbyk,F,Panchina,0,0,
2,13981441,AS Roma,Zeki Çelik,D,Panchina,0,0,
2,13981441,AS Roma,Devyne Rensch,M,Panchina,0,0,
2,13981441,AS Roma,Neil El Aynaoui,M,Panchina,0,0,
2,13981441,AS Roma,Devis Vásquez,G,Panchina,0,0,
2,13981441,AS Roma,Radosław Żelezny,G,Panchina,0,0,
2,13981441,AS Roma,Daniele Ghilardi,D,Panchina,0,0,
2,13981441,AS Roma,Tommaso Baldanzi,M,Panchina,0,0,
2,13981441,AS Roma,Niccolò Pisilli,M,Panchina,0,0,
2,13981441,AS Roma,Lorenzo Pellegrini,F,Panchina,0,0,
2,13981441,AS Roma,Antonio Arena,F,Panchina,0,0,
2,13981443,Cremonese,Emil Audero,G,Titolare,0,0,
2,13981443,Cremonese,Filippo Terracciano,D,Titolare,0,0,
2,13981443,Cremonese,Federico Baschirotto,D,Titolare,0,0,
2,13981443,Cremonese,Matteo Bianchetti,D,Titolare,0,0,
2,13981443,Cremonese,Alessio Zerbin,M,Titolare,0,0,
2,13981443,Cremonese,Michele Collocolo,M,Titolare,0,0,
2,13981443,Cremonese,Warren Bondo,M,Titolare,0,0,
2,13981443,Cremonese,Jari Vandeputte,M,Titolare,0,0,
2,13981443,Cremonese,Giuseppe Pezzella,M,Titolare,0,0,
2,13981443,Cremonese,Franco Vázquez,M,Titolare,0,0,
2,13981443,Cremonese,Antonio Sanabria,F,Titolare,0,0,
2,13981443,Cremonese,Alberto Grassi,M,Panchina,0,0,
2,13981443,Cremonese,Martín Payero,M,Panchina,0,0,
2,13981443,Cremonese,David Okereke,F,Panchina,0,0,
2,13981443,Cremonese,Romano Floriani Mussolini,M,Panchina,0,0,
2,13981443,Cremonese,Manuel De Luca,F,Panchina,0,0,
2,13981443,Cremonese,Lapo Nava,G,Panchina,0,0,
2,13981443,Cremonese,Marco Silvestri,G,Panchina,0,0,
2,13981443,Cremonese,Federico Ceccherini,D,Panchina,0,0,
2,13981443,Cremonese,Francesco Folino,D,Panchina,0,0,
2,13981443,Cremonese,Mattia Valoti,M,Panchina,0,0,
2,13981443,Cremonese,Leonardo Sernicola,M,Panchina,0,0,
2,13981443,Cremonese,Dachi Lordkipanidze,M,Panchina,0,0,
2,13981443,Sassuolo,Arijanet Murić,G,Titolare,0,0,
2,13981443,Sassuolo,Sebastian Walukiewicz,D,Titolare,0,0,
2,13981443,Sassuolo,Jay Idzes,D,Titolare,0,0,
2,13981443,Sassuolo,Tarik Muharemović,D,Titolare,0,0,
2,13981443,Sassuolo,Josh Doig,D,Titolare,0,0,
2,13981443,Sassuolo,Aster Vranckx,M,Titolare,0,0,
2,13981443,Sassuolo,Nemanja Matić,M,Titolare,0,0,
2,13981443,Sassuolo,Daniel Boloca,M,Titolare,0,0,
2,13981443,Sassuolo,Domenico Berardi,F,Titolare,0,0,
2,13981443,Sassuolo,Andrea Pinamonti,F,Titolare,0,0,
2,13981443,Sassuolo,Armand Laurienté,F,Titolare,0,0,
2,13981443,Sassuolo,Fali Candé,D,Panchina,0,0,
2,13981443,Sassuolo,Cristian Volpato,M,Panchina,0,0,
2,13981443,Sassuolo,Luca Lipani,M,Panchina,0,0,
2,13981443,Sassuolo,Alieu Fadera,F,Panchina,0,0,
2,13981443,Sassuolo,Edoardo Iannoni,M,Panchina,0,0,
2,13981443,Sassuolo,Stefano Turati,G,Panchina,0,0,
2,13981443,Sassuolo,Gioele Zacchi,G,Panchina,0,0,
2,13981443,Sassuolo,Giacomo Satalino,G,Panchina,0,0,
2,13981443,Sassuolo,Yeferson Paz,D,Panchina,0,0,
2,13981443,Sassuolo,Edoardo Pieragnolo,D,Panchina,0,0,
2,13981443,Sassuolo,Filippo Romagna,D,Panchina,0,0,
2,13981443,Sassuolo,Andrea Ghion,M,Panchina,0,0,
2,13981443,Sassuolo,Nicholas Pierini,F,Panchina,0,0,
2,13981443,Sassuolo,Luca Moro,F,Panchina,0,0,
2,13981446,Lazio,Ivan Provedel,G,Titolare,0,0,
2,13981446,Lazio,Adam Marušić,D,Titolare,0,0,
2,13981446,Lazio,Mario Gila,D,Titolare,0,0,
2,13981446,Lazio,Oliver Provstgaard,D,Titolare,0,0,
2,13981446,Lazio,Nuno Tavares,D,Titolare,0,0,
2,13981446,Lazio,Mattéo Guendouzi,M,Titolare,0,0,
2,13981446,Lazio,Nicolò Rovella,M,Titolare,0,0,
2,13981446,Lazio,Fisayo Dele-Bashiru,M,Titolare,0,0,
2,13981446,Lazio,Matteo Cancellieri,F,Titolare,0,0,
2,13981446,Lazio,Valentín Castellanos,F,Titolare,0,0,
2,13981446,Lazio,Mattia Zaccagni,F,Titolare,0,0,
2,13981446,Lazio,Luca Pellegrini,D,Panchina,0,0,
2,13981446,Lazio,Pedro,F,Panchina,0,0,
2,13981446,Lazio,Reda Belahyane,M,Panchina,0,0,
2,13981446,Lazio,Boulaye Dia,F,Panchina,0,0,
2,13981446,Lazio,Elseid Hysaj,D,Panchina,0,0,
2,13981446,Lazio,Christos Mandas,G,Panchina,0,0,
2,13981446,Lazio,Alessio Furlanetto,G,Panchina,0,0,
2,13981446,Lazio,Manuel Lazzari,D,Panchina,0,0,
2,13981446,Lazio,Danilo Cataldi,M,Panchina,0,0,
2,13981446,Lazio,Toma Bašić,M,Panchina,0,0,
2,13981446,Lazio,Tijjani Noslin,F,Panchina,0,0,
2,13981446,Hellas Verona,Lorenzo Montipò,G,Titolare,0,0,
2,13981446,Hellas Verona,Unai Núñez,D,Titolare,0,0,
2,13981446,Hellas Verona,Victor Nelsson,D,Titolare,0,0,
2,13981446,Hellas Verona,Enzo Ebosse,D,Titolare,0,0,
2,13981446,Hellas Verona,Fallou Cham,D,Titolare,0,0,
2,13981446,Hellas Verona,Abdou Harroui,M,Titolare,0,0,
2,13981446,Hellas Verona,Antoine Bernede,M,Titolare,0,0,
2,13981446,Hellas Verona,Suat Serdar,M,Titolare,0,0,
2,13981446,Hellas Verona,Domagoj Bradarić,M,Titolare,0,0,
2,13981446,Hellas Verona,Giovane,F,Titolare,0,0,
2,13981446,Hellas Verona,Amin Sarr,F,Titolare,0,0,
2,13981446,Hellas Verona,Armel Bella-Kotchap,D,Panchina,0,0,
2,13981446,Hellas Verona,Martin Frese,D,Panchina,0,0,
2,13981446,Hellas Verona,Moatasem Al-Musrati,M,Panchina,0,0,
2,13981446,Hellas Verona,Rafik Belghali,M,Panchina,0,0,
2,13981446,Hellas Verona,Daniel Mosquera,F,Panchina,0,0,
2,13981446,Hellas Verona,Simone Perilli,G,Panchina,0,0,
2,13981446,Hellas Verona,Giacomo Toniolo,G,Panchina,0,0,
2,13981446,Hellas Verona,Tobias Slotsager,D,Panchina,0,0,
2,13981446,Hellas Verona,Daniel Oyegoke,M,Panchina,0,0,
2,13981446,Hellas Verona,Grigoris Kastanos,M,Panchina,0,0,
2,13981446,Hellas Verona,Cheikh Niasse,M,Panchina,0,0,
2,13981446,Hellas Verona,Junior Ajayi,F,Panchina,0,0,
2,13981446,Hellas Verona,Ioan Vermesan,F,Panchina,0,0,
2,13981447,Lecce,Wladimiro Falcone,G,Titolare,0,0,
2,13981447,Lecce,Danilo Veiga,D,Titolare,0,0,
2,13981447,Lecce,Kialonda Gaspar,D,Titolare,0,0,
2,13981447,Lecce,Tiago Gabriel,D,Titolare,0,0,
2,13981447,Lecce,Antonino Gallo,D,Titolare,0,0,
2,13981447,Lecce,Mohamed Kaba,M,Titolare,0,0,
2,13981447,Lecce,Ylber Ramadani,M,Titolare,0,0,
2,13981447,Lecce,Lassana Coulibaly,M,Titolare,0,0,
2,13981447,Lecce,Santiago Pierotti,F,Titolare,0,0,
2,13981447,Lecce,Francesco Camarda,F,Titolare,0,0,
2,13981447,Lecce,Tete Morente,F,Titolare,0,0,
2,13981447,Lecce,Nikola Štulić,F,Panchina,0,0,
2,13981447,Lecce,Medon Berisha,M,Panchina,0,0,
2,13981447,Lecce,Riccardo Sottil,F,Panchina,0,0,
2,13981447,Lecce,Þórir Jóhann Helgason,M,Panchina,0,0,
2,13981447,Lecce,N'Dri Konan,F,Panchina,0,0,
2,13981447,Lecce,Christian Früchtl,G,Panchina,0,0,
2,13981447,Lecce,Jasper Samooja,G,Panchina,0,0,
2,13981447,Lecce,Christ-Owen Kouassi,D,Panchina,0,0,
2,13981447,Lecce,Corrie Ndaba,D,Panchina,0,0,
2,13981447,Lecce,Matías Pérez,D,Panchina,0,0,
2,13981447,Lecce,Jamil Siebert,D,Panchina,0,0,
2,13981447,Lecce,Youssef Maleh,M,Panchina,0,0,
2,13981447,Lecce,Lameck Banda,M,Panchina,0,0,
2,13981447,Lecce,Alex Sala,M,Panchina,0,0,
2,13981447,AC Milan,Mike Maignan,G,Titolare,0,0,
2,13981447,AC Milan,Fikayo Tomori,D,Titolare,0,0,
2,13981447,AC Milan,Matteo Gabbia,D,Titolare,0,0,
2,13981447,AC Milan,Strahinja Pavlović,D,Titolare,0,0,
2,13981447,AC Milan,Yunus Musah,M,Titolare,0,0,
2,13981447,AC Milan,Luka Modrić,M,Titolare,0,0,
2,13981447,AC Milan,Youssouf Fofana,M,Titolare,0,0,
2,13981447,AC Milan,Pervis Estupiñán,M,Titolare,0,0,
2,13981447,AC Milan,Ruben Loftus-Cheek,M,Titolare,0,0,
2,13981447,AC Milan,Alexis Saelemaekers,M,Titolare,0,0,
2,13981447,AC Milan,Santiago Giménez,F,Titolare,0,0,
2,13981447,AC Milan,Samuele Ricci,M,Panchina,0,0,
2,13981447,AC Milan,Christian Pulišić,F,Panchina,0,0,
2,13981447,AC Milan,Cheveyo Mul-Balentien,F,Panchina,0,0,
2,13981447,AC Milan,Pietro Terracciano,G,Panchina,0,0,
2,13981447,AC Milan,Matteo Pittarella,G,Panchina,0,0,
2,13981447,AC Milan,Koni De Winter,D,Panchina,0,0,
2,13981447,AC Milan,Zachary Athekame,D,Panchina,0,0,
2,13981447,AC Milan,Davide Bartesaghi,M,Panchina,0,0,
2,13981447,AC Milan,Samuel Chukwueze,F,Panchina,0,0,
2,13981448,Genoa,Nicola Leali,G,Titolare,0,0,
2,13981448,Genoa,Brooke Norton-Cuffy,D,Titolare,0,0,
2,13981448,Genoa,Leo Østigård,D,Titolare,0,0,
2,13981448,Genoa,Johan Vásquez,D,Titolare,0,0,
2,13981448,Genoa,Aarón Martín,M,Titolare,0,0,
2,13981448,Genoa,Patrizio Masini,M,Titolare,0,0,
2,13981448,Genoa,Morten Frendrup,M,Titolare,0,0,
2,13981448,Genoa,Mikael Ellertsson,M,Titolare,0,0,
2,13981448,Genoa,Valentín Carboni,M,Titolare,0,0,
2,13981448,Genoa,Nicolae Stanciu,M,Titolare,0,0,
2,13981448,Genoa,Lorenzo Colombo,F,Titolare,0,0,
2,13981448,Genoa,Ruslan Malinovskyi,M,Panchina,0,0,
2,13981448,Genoa,Morten Thorsby,M,Panchina,0,0,
2,13981448,Genoa,Vitinha,F,Panchina,0,0,
2,13981448,Genoa,Jeff Ekhator,F,Panchina,0,0,
2,13981448,Genoa,Caleb Ekuban,F,Panchina,0,0,
2,13981448,Genoa,Benjamin Siegrist,G,Panchina,0,0,
2,13981448,Genoa,Daniele Sommariva,G,Panchina,0,0,
2,13981448,Genoa,Alessandro Marcandalli,D,Panchina,0,0,
2,13981448,Genoa,Albert Grønbæk,M,Panchina,0,0,
2,13981448,Genoa,Hugo Cuenca,M,Panchina,0,0,
2,13981448,Genoa,Stefano Sabelli,M,Panchina,0,0,
2,13981448,Genoa,Lorenzo Venturino,F,Panchina,0,0,
2,13981448,Genoa,Seydou Fini,F,Panchina,0,0,
2,13981448,Genoa,Junior Messias,F,Panchina,0,0,
2,13981448,Juventus,Michele Di Gregorio,G,Titolare,0,0,
2,13981448,Juventus,Federico Gatti,D,Titolare,0,0,
2,13981448,Juventus,Bremer,D,Titolare,0,0,
2,13981448,Juventus,Lloyd Kelly,D,Titolare,0,0,
2,13981448,Juventus,Pierre Kalulu,D,Titolare,0,0,
2,13981448,Juventus,Manuel Locatelli,M,Titolare,0,0,
2,13981448,Juventus,Khéphren Thuram,M,Titolare,0,0,
2,13981448,Juventus,João Mário,D,Titolare,0,0,
2,13981448,Juventus,Francisco Conceição,F,Titolare,0,0,
2,13981448,Juventus,Kenan Yıldız,F,Titolare,0,0,
2,13981448,Juventus,Jonathan David,F,Titolare,0,0,
2,13981448,Juventus,Filip Kostić,M,Panchina,0,0,
2,13981448,Juventus,Teun Koopmeiners,M,Panchina,0,0,
2,13981448,Juventus,Dušan Vlahović,F,Panchina,0,0,
2,13981448,Juventus,Nicolás González,M,Panchina,0,0,
2,13981448,Juventus,Weston McKennie,M,Panchina,0,0,
2,13981448,Juventus,Carlo Pinsoglio,G,Panchina,0,0,
2,13981448,Juventus,Matteo Fuscaldo,G,Panchina,0,0,
2,13981448,Juventus,Daniele Rugani,D,Panchina,0,0,
2,13981448,Juventus,Vasilije Adžić,M,Panchina,0,0,
3,13981427,Cagliari,Elia Caprile,G,Titolare,0,0,
3,13981427,Cagliari,Gabriele Zappa,D,Titolare,0,0,
3,13981427,Cagliari,Yerry Mina,D,Titolare,0,0,
3,13981427,Cagliari,Sebastiano Luperto,D,Titolare,0,0,
3,13981427,Cagliari,Adam Obert,D,Titolare,0,0,
3,13981427,Cagliari,Michel Adopo,M,Titolare,0,0,
3,13981427,Cagliari,Matteo Prati,M,Titolare,0,0,
3,13981427,Cagliari,Michael Folorunsho,M,Titolare,0,0,
3,13981427,Cagliari,Gianluca Gaetano,M,Titolare,0,0,
3,13981427,Cagliari,Sebastiano Esposito,F,Titolare,0,0,
3,13981427,Cagliari,Andrea Belotti,F,Titolare,0,0,
3,13981427,Cagliari,Alessandro Deiola,M,Panchina,0,0,
3,13981427,Cagliari,Marco Palestra,M,Panchina,0,0,
3,13981427,Cagliari,Gennaro Borrelli,F,Panchina,0,0,
3,13981427,Cagliari,Mattia Felici,F,Panchina,0,0,
3,13981427,Cagliari,Zé Pedro,D,Panchina,0,0,
3,13981427,Cagliari,Vincenzo Sarno,G,Panchina,0,0,
3,13981427,Cagliari,Giuseppe Ciocci,G,Panchina,0,0,
3,13981427,Cagliari,Riyad Idrissi,D,Panchina,0,0,
3,13981427,Cagliari,Nicola Pintus,D,Panchina,0,0,
3,13981427,Cagliari,Alessandro Di Pardo,M,Panchina,0,0,
3,13981427,Cagliari,Nicolò Cavuoti,M,Panchina,0,0,
3,13981427,Cagliari,Marko Rog,M,Panchina,0,0,
3,13981427,Cagliari,Joseph Liteta,M,Panchina,0,0,
3,13981427,Cagliari,Luca Mazzitelli,M,Panchina,0,0,
3,13981427,Cagliari,Semih Kılıçsoy,F,Panchina,0,0,
3,13981427,Parma,Zion Suzuki,G,Titolare,0,0,
3,13981427,Parma,Enrico Delprato,D,Titolare,0,0,
3,13981427,Parma,Alessandro Circati,D,Titolare,0,0,
3,13981427,Parma,Abdoulaye Ndiaye,D,Titolare,0,0,
3,13981427,Parma,Mathias Løvik,D,Titolare,0,0,
3,13981427,Parma,Christian Ordoñez,M,Titolare,0,0,
3,13981427,Parma,Adrián Bernabé,M,Titolare,0,0,
3,13981427,Parma,Oliver Sørensen,M,Titolare,0,0,
3,13981427,Parma,Emanuele Valeri,M,Titolare,0,0,
3,13981427,Parma,Patrick Cutrone,F,Titolare,0,0,
3,13981427,Parma,Mateo Pellegrino,F,Titolare,0,0,
3,13981427,Parma,Gaetano Oristanio,M,Panchina,0,0,
3,13981427,Parma,Pontus Almqvist,F,Panchina,0,0,
3,13981427,Parma,Nahuel Estévez,M,Panchina,0,0,
3,13981427,Parma,Milan Đurić,F,Panchina,0,0,
3,13981427,Parma,Mandela Keita,M,Panchina,0,0,
3,13981427,Parma,Edoardo Corvi,G,Panchina,0,0,
3,13981427,Parma,Filippo Rinaldi,G,Panchina,0,0,
3,13981427,Parma,Mariano Troilo,D,Panchina,0,0,
3,13981427,Parma,Nicolas Trabucchi,D,Panchina,0,0,
3,13981427,Parma,Sascha Britschgi,D,Panchina,0,0,
3,13981427,Parma,Elia Plicco,M,Panchina,0,0,
3,13981427,Parma,Benjamin Cremaschi,M,Panchina,0,0,
3,13981427,Parma,Tjaš Begić,F,Panchina,0,0,
3,13981427,Parma,Adrian Benedyczak,F,Panchina,0,0,
3,13981430,Como,Jean Butez,G,Titolare,0,0,
3,13981430,Como,Mërgim Vojvoda,D,Titolare,0,0,
3,13981430,Como,Jacobo Ramón,D,Titolare,0,0,
3,13981430,Como,Marc Kempf,D,Titolare,0,0,
3,13981430,Como,Álex Valle,D,Titolare,0,0,
3,13981430,Como,Lucas Da Cunha,M,Titolare,0,0,
3,13981430,Como,Maxence Caqueret,M,Titolare,0,0,
3,13981430,Como,Nicolas-Gerrit Kühn,F,Titolare,0,0,
3,13981430,Como,Nico Paz,M,Titolare,0,0,
3,13981430,Como,Jesús Rodriguez,M,Titolare,0,0,
3,13981430,Como,Álvaro Morata,F,Titolare,0,0,
3,13981430,Como,Máximo Perrone,M,Panchina,0,0,
3,13981430,Como,Anastasios Douvikas,F,Panchina,0,0,
3,13981430,Como,Sergi Roberto,M,Panchina,0,0,
3,13981430,Como,Jayden Addai,M,Panchina,0,0,
3,13981430,Como,Martin Baturina,M,Panchina,0,0,
3,13981430,Como,Nikola Čavlina,G,Panchina,0,0,
3,13981430,Como,Mauro Vigorito,G,Panchina,0,0,
3,13981430,Como,Diego Carlos,D,Panchina,0,0,
3,13981430,Como,Stefan Posch,D,Panchina,0,0,
3,13981430,Como,Edoardo Goldaniga,D,Panchina,0,0,
3,13981430,Como,Ivan Smolčić,D,Panchina,0,0,
3,13981430,Como,Alberto Moreno,D,Panchina,0,0,
3,13981430,Como,Alberto Cerri,F,Panchina,0,0,
3,13981430,Genoa,Nicola Leali,G,Titolare,0,0,
3,13981430,Genoa,Stefano Sabelli,M,Titolare,0,0,
3,13981430,Genoa,Leo Østigård,D,Titolare,0,0,
3,13981430,Genoa,Johan Vásquez,D,Titolare,0,0,
3,13981430,Genoa,Aarón Martín,M,Titolare,0,0,
3,13981430,Genoa,Patrizio Masini,M,Titolare,0,0,
3,13981430,Genoa,Morten Frendrup,M,Titolare,0,0,
3,13981430,Genoa,Brooke Norton-Cuffy,D,Titolare,0,0,
3,13981430,Genoa,Ruslan Malinovskyi,M,Titolare,0,0,
3,13981430,Genoa,Mikael Ellertsson,M,Titolare,0,0,
3,13981430,Genoa,Lorenzo Colombo,F,Titolare,0,0,
3,13981430,Genoa,Junior Messias,F,Panchina,0,0,
3,13981430,Genoa,Valentín Carboni,M,Panchina,0,0,
3,13981430,Genoa,Caleb Ekuban,F,Panchina,0,0,
3,13981430,Genoa,Jeff Ekhator,F,Panchina,0,0,
3,13981430,Genoa,Daniele Sommariva,G,Panchina,0,0,
3,13981430,Genoa,Benjamin Siegrist,G,Panchina,0,0,
3,13981430,Genoa,Alessandro Marcandalli,D,Panchina,0,0,
3,13981430,Genoa,Sebastian Otoa,D,Panchina,0,0,
3,13981430,Genoa,Hugo Cuenca,M,Panchina,0,0,
3,13981430,Genoa,Morten Thorsby,M,Panchina,0,0,
3,13981430,Genoa,Nicolae Stanciu,M,Panchina,0,0,
3,13981430,Genoa,Albert Grønbæk,M,Panchina,0,0,
3,13981430,Genoa,Lorenzo Venturino,F,Panchina,0,0,
3,13981430,Genoa,Vitinha,F,Panchina,0,0,
3,13981430,Genoa,Seydou Fini,F,Panchina,0,0,
3,13981434,AS Roma,Mile Svilar,G,Titolare,0,0,
3,13981434,AS Roma,Mario Hermoso,D,Titolare,0,0,
3,13981434,AS Roma,Gianluca Mancini,D,Titolare,0,0,
3,13981434,AS Roma,Evan Ndicka,D,Titolare,0,0,
3,13981434,AS Roma,Wesley,M,Titolare,0,0,
3,13981434,AS Roma,Manu Koné,M,Titolare,0,0,
3,13981434,AS Roma,Bryan Cristante,M,Titolare,0,0,
3,13981434,AS Roma,Angeliño,M,Titolare,0,0,
3,13981434,AS Roma,Neil El Aynaoui,M,Titolare,0,0,
3,13981434,AS Roma,Matías Soulé,F,Titolare,0,0,
3,13981434,AS Roma,Paulo Dybala,F,Titolare,0,0,
3,13981434,AS Roma,Tommaso Baldanzi,M,Panchina,0,0,
3,13981434,AS Roma,Evan Ferguson,F,Panchina,0,0,
3,13981434,AS Roma,Niccolò Pisilli,M,Panchina,0,0,
3,13981434,AS Roma,Zeki Çelik,D,Panchina,0,0,
3,13981434,AS Roma,Stephan El Shaarawy,F,Panchina,0,0,
3,13981434,AS Roma,Devis Vásquez,G,Panchina,0,0,
3,13981434,AS Roma,Pierluigi Gollini,G,Panchina,0,0,
3,13981434,AS Roma,Kostas Tsimikas,D,Panchina,0,0,
3,13981434,AS Roma,Daniele Ghilardi,D,Panchina,0,0,
3,13981434,AS Roma,Jan Ziółkowski,D,Panchina,0,0,
3,13981434,AS Roma,Devyne Rensch,M,Panchina,0,0,
3,13981434,AS Roma,Lorenzo Pellegrini,F,Panchina,0,0,
3,13981434,AS Roma,Artem Dovbyk,F,Panchina,0,0,
3,13981434,Torino,Franco Israel,G,Titolare,0,0,
3,13981434,Torino,Saúl Coco,D,Titolare,0,0,
3,13981434,Torino,Guillermo Maripán,D,Titolare,0,0,
3,13981434,Torino,Ardian Ismajli,D,Titolare,0,0,
3,13981434,Torino,Valentino Lazaro,M,Titolare,0,0,
3,13981434,Torino,Cesare Casadei,M,Titolare,0,0,
3,13981434,Torino,Kristjan Asllani,M,Titolare,0,0,
3,13981434,Torino,Cristiano Biraghi,D,Titolare,0,0,
3,13981434,Torino,Cyril Ngonge,F,Titolare,0,0,
3,13981434,Torino,Giovanni Simeone,F,Titolare,0,0,
3,13981434,Torino,Nikola Vlašić,M,Titolare,0,0,
3,13981434,Torino,Ivan Ilić,M,Panchina,0,0,
3,13981434,Torino,Che Adams,F,Panchina,0,0,
3,13981434,Torino,Zakaria Aboukhlal,F,Panchina,0,0,
3,13981434,Torino,Adrien Tameze,D,Panchina,0,0,
3,13981434,Torino,Tino Anjorin,M,Panchina,0,0,
3,13981434,Torino,Mihai Popa,G,Panchina,0,0,
3,13981434,Torino,Alberto Paleari,G,Panchina,0,0,
3,13981434,Torino,Ali Dembélé,D,Panchina,0,0,
3,13981434,Torino,Niels Nkounkou,D,Panchina,0,0,
3,13981434,Torino,Marcus Pedersen,M,Panchina,0,0,
3,13981434,Torino,Emirhan İlkhan,M,Panchina,0,0,
3,13981434,Torino,Gvidas Gineitis,M,Panchina,0,0,
3,13981434,Torino,Alieu Njie,F,Panchina,0,0,
3,13981434,Torino,Duván Zapata,F,Panchina,0,0,
3,13981435,Juventus,Michele Di Gregorio,G,Titolare,0,0,
3,13981435,Juventus,Federico Gatti,D,Titolare,0,0,
3,13981435,Juventus,Bremer,D,Titolare,0,0,
3,13981435,Juventus,Lloyd Kelly,D,Titolare,0,0,
3,13981435,Juventus,Pierre Kalulu,D,Titolare,0,0,
3,13981435,Juventus,Teun Koopmeiners,M,Titolare,0,0,
3,13981435,Juventus,Manuel Locatelli,M,Titolare,0,0,
3,13981435,Juventus,Khéphren Thuram,M,Titolare,0,0,
3,13981435,Juventus,Weston McKennie,M,Titolare,0,0,
3,13981435,Juventus,Kenan Yıldız,F,Titolare,0,0,
3,13981435,Juventus,Dušan Vlahović,F,Titolare,0,0,
3,13981435,Juventus,Juan Cabal,D,Panchina,0,0,
3,13981435,Juventus,Vasilije Adžić,M,Panchina,0,0,
3,13981435,Juventus,Loïs Openda,F,Panchina,0,0,
3,13981435,Juventus,João Mário,D,Panchina,0,0,
3,13981435,Juventus,Jonathan David,F,Panchina,0,0,
3,13981435,Juventus,Carlo Pinsoglio,G,Panchina,0,0,
3,13981435,Juventus,Mattia Perin,G,Panchina,0,0,
3,13981435,Juventus,Daniele Rugani,D,Panchina,0,0,
3,13981435,Juventus,Filip Kostić,M,Panchina,0,0,
3,13981435,Inter,Yann Sommer,G,Titolare,0,0,
3,13981435,Inter,Manuel Akanji,D,Titolare,0,0,
3,13981435,Inter,Francesco Acerbi,D,Titolare,0,0,
3,13981435,Inter,Alessandro Bastoni,D,Titolare,0,0,
3,13981435,Inter,Denzel Dumfries,M,Titolare,0,0,
3,13981435,Inter,Nicolò Barella,M,Titolare,0,0,
3,13981435,Inter,Hakan Çalhanoğlu,M,Titolare,0,0,
3,13981435,Inter,Henrikh Mkhitaryan,M,Titolare,0,0,
3,13981435,Inter,Carlos Augusto,D,Titolare,0,0,
3,13981435,Inter,Marcus Thuram,F,Titolare,0,0,
3,13981435,Inter,Lautaro Martínez,F,Titolare,0,0,
3,13981435,Inter,Federico Dimarco,M,Panchina,0,0,
3,13981435,Inter,Piotr Zieliński,M,Panchina,0,0,
3,13981435,Inter,Ange-Yoan Bonny,F,Panchina,0,0,
3,13981435,Inter,Matteo Darmian,D,Panchina,0,0,
3,13981435,Inter,Petar Sučić,M,Panchina,0,0,
3,13981435,Inter,Josep Martínez,G,Panchina,0,0,
3,13981435,Inter,Raffaele Di Gennaro,G,Panchina,0,0,
3,13981435,Inter,Yann Bisseck,D,Panchina,0,0,
3,13981435,Inter,Stefan de Vrij,D,Panchina,0,0,
3,13981435,Inter,Tomás Palacios,D,Panchina,0,0,
3,13981435,Inter,Davide Frattesi,M,Panchina,0,0,
3,13981435,Inter,Luís Henrique,M,Panchina,0,0,
3,13981435,Inter,Andy Diouf,M,Panchina,0,0,
3,13981435,Inter,Francesco Pio Esposito,F,Panchina,0,0,
3,13981437,AC Milan,Mike Maignan,G,Titolare,0,0,
3,13981437,AC Milan,Fikayo Tomori,D,Titolare,0,0,
3,13981437,AC Milan,Matteo Gabbia,D,Titolare,0,0,
3,13981437,AC Milan,Strahinja Pavlović,D,Titolare,0,0,
3,13981437,AC Milan,Alexis Saelemaekers,M,Titolare,0,0,
3,13981437,AC Milan,Youssouf Fofana,M,Titolare,0,0,
3,13981437,AC Milan,Luka Modrić,M,Titolare,0,0,
3,13981437,AC Milan,Pervis Estupiñán,M,Titolare,0,0,
3,13981437,AC Milan,Ruben Loftus-Cheek,M,Titolare,0,0,
3,13981437,AC Milan,Adrien Rabiot,M,Titolare,0,0,
3,13981437,AC Milan,Santiago Giménez,F,Titolare,0,0,
3,13981437,AC Milan,Koni De Winter,D,Panchina,0,0,
3,13981437,AC Milan,Pietro Terracciano,G,Panchina,0,0,
3,13981437,AC Milan,Samuele Ricci,M,Panchina,0,0,
3,13981437,AC Milan,Christian Pulišić,F,Panchina,0,0,
3,13981437,AC Milan,Christopher Nkunku,F,Panchina,0,0,
3,13981437,AC Milan,Matteo Pittarella,G,Panchina,0,0,
3,13981437,AC Milan,David Odogu,D,Panchina,0,0,
3,13981437,AC Milan,Zachary Athekame,D,Panchina,0,0,
3,13981437,AC Milan,Davide Bartesaghi,M,Panchina,0,0,
3,13981437,AC Milan,Cheveyo Mul-Balentien,F,Panchina,0,0,
3,13981437,Bologna,Łukasz Skorupski,G,Titolare,0,0,
3,13981437,Bologna,Nadir Zortea,D,Titolare,0,0,
3,13981437,Bologna,Torbjørn Heggem,D,Titolare,0,0,
3,13981437,Bologna,Jhon Lucumí,D,Titolare,0,0,
3,13981437,Bologna,Charalampos Lykogiannis,D,Titolare,0,0,
3,13981437,Bologna,Giovanni Fabbian,M,Titolare,0,0,
3,13981437,Bologna,Lewis Ferguson,M,Titolare,0,0,
3,13981437,Bologna,Remo Freuler,M,Titolare,0,0,
3,13981437,Bologna,Riccardo Orsolini,M,Titolare,0,0,
3,13981437,Bologna,Santiago Castro,F,Titolare,0,0,
3,13981437,Bologna,Nicolò Cambiaghi,F,Titolare,0,0,
3,13981437,Bologna,Juan Miranda,D,Panchina,0,0,
3,13981437,Bologna,Federico Bernardeschi,F,Panchina,0,0,
3,13981437,Bologna,Jens Odgaard,M,Panchina,0,0,
3,13981437,Bologna,Jonathan Rowe,F,Panchina,0,0,
3,13981437,Bologna,Thijs Dallinga,F,Panchina,0,0,
3,13981437,Bologna,Federico Ravaglia,G,Panchina,0,0,
3,13981437,Bologna,Ukko Happonen,G,Panchina,0,0,
3,13981437,Bologna,Lorenzo De Silvestri,D,Panchina,0,0,
3,13981437,Bologna,Martin Vitík,D,Panchina,0,0,
3,13981437,Bologna,Bodin Tomašević,D,Panchina,0,0,
3,13981437,Bologna,Benjamín Domínguez,M,Panchina,0,0,
3,13981437,Bologna,Nikola Moro,M,Panchina,0,0,
3,13981442,Fiorentina,David De Gea,G,Titolare,0,0,
3,13981442,Fiorentina,Pietro Comuzzo,D,Titolare,0,0,
3,13981442,Fiorentina,Marin Pongračić,D,Titolare,0,0,
3,13981442,Fiorentina,Luca Ranieri,D,Titolare,0,0,
3,13981442,Fiorentina,Dodô,M,Titolare,0,0,
3,13981442,Fiorentina,Rolando Mandragora,M,Titolare,0,0,
3,13981442,Fiorentina,Nicolò Fagioli,M,Titolare,0,0,
3,13981442,Fiorentina,Simon Sohm,M,Titolare,0,0,
3,13981442,Fiorentina,Robin Gosens,D,Titolare,0,0,
3,13981442,Fiorentina,Moise Kean,F,Titolare,0,0,
3,13981442,Fiorentina,Edin Džeko,F,Titolare,0,0,
3,13981442,Fiorentina,Roberto Piccoli,F,Panchina,0,0,
3,13981442,Fiorentina,Hans Nicolussi Caviglia,M,Panchina,0,0,
3,13981442,Fiorentina,Jacopo Fazzini,F,Panchina,0,0,
3,13981442,Fiorentina,Tariq Lamptey,D,Panchina,0,0,
3,13981442,Fiorentina,Mattia Viti,D,Panchina,0,0,
3,13981442,Fiorentina,Luca Lezzerini,G,Panchina,0,0,
3,13981442,Fiorentina,Tommaso Martinelli,G,Panchina,0,0,
3,13981442,Fiorentina,Fabiano Parisi,D,Panchina,0,0,
3,13981442,Fiorentina,Pablo Marí,D,Panchina,0,0,
3,13981442,Fiorentina,Niccolò Fortini,D,Panchina,0,0,
3,13981442,Fiorentina,Eddy Kouadio,D,Panchina,0,0,
3,13981442,Fiorentina,Cher Ndour,M,Panchina,0,0,
3,13981442,Fiorentina,Amir Richardson,M,Panchina,0,0,
3,13981442,SSC Napoli,Vanja Milinković-Savić,G,Titolare,0,0,
3,13981442,SSC Napoli,Giovanni Di Lorenzo,D,Titolare,0,0,
3,13981442,SSC Napoli,Sam Beukema,D,Titolare,0,0,
3,13981442,SSC Napoli,Alessandro Buongiorno,D,Titolare,0,0,
3,13981442,SSC Napoli,Leonardo Spinazzola,D,Titolare,0,0,
3,13981442,SSC Napoli,Stanislav Lobotka,M,Titolare,0,0,
3,13981442,SSC Napoli,Matteo Politano,M,Titolare,0,0,
3,13981442,SSC Napoli,Frank Anguissa,M,Titolare,0,0,
3,13981442,SSC Napoli,Kevin De Bruyne,M,Titolare,0,0,
3,13981442,SSC Napoli,Scott McTominay,M,Titolare,0,0,
3,13981442,SSC Napoli,Rasmus Højlund,F,Titolare,0,0,
3,13981442,SSC Napoli,Mathías Olivera,D,Panchina,0,0,
3,13981442,SSC Napoli,Eljif Elmas,M,Panchina,0,0,
3,13981442,SSC Napoli,David Neres,F,Panchina,0,0,
3,13981442,SSC Napoli,Lorenzo Lucca,F,Panchina,0,0,
3,13981442,SSC Napoli,Billy Gilmour,M,Panchina,0,0,
3,13981442,SSC Napoli,Mathias Ferrante,G,Panchina,0,0,
3,13981442,SSC Napoli,Juan Jesus,D,Panchina,0,0,
3,13981442,SSC Napoli,Miguel Gutiérrez,D,Panchina,0,0,
3,13981442,SSC Napoli,Luca Marianucci,D,Panchina,0,0,
3,13981442,SSC Napoli,Pasquale Mazzocchi,M,Panchina,0,0,
3,13981442,SSC Napoli,Antonio Vergara,F,Panchina,0,0,
3,13981442,SSC Napoli,Giuseppe Ambrosino,F,Panchina,0,0,
3,13981442,SSC Napoli,Noa Lang,F,Panchina,0,0,
3,13981445,Pisa,Adrian Šemper,G,Titolare,0,0,
3,13981445,Pisa,Simone Canestrelli,D,Titolare,0,0,
3,13981445,Pisa,Antonio Caracciolo,D,Titolare,0,0,
3,13981445,Pisa,Mateus Lusuardi,D,Titolare,0,0,
3,13981445,Pisa,Idrissa Touré,M,Titolare,0,0,
3,13981445,Pisa,Ebenezer Akinsanmiro,M,Titolare,0,0,
3,13981445,Pisa,Michel Aebischer,M,Titolare,0,0,
3,13981445,Pisa,Samuele Angori,M,Titolare,0,0,
3,13981445,Pisa,Stefano Moreo,F,Titolare,0,0,
3,13981445,Pisa,Matteo Tramoni,F,Titolare,0,0,
3,13981445,Pisa,Henrik Wendel Meister,F,Titolare,0,0,
3,13981445,Pisa,Giovanni Bonfanti,D,Panchina,0,0,
3,13981445,Pisa,Mehdi Léris,M,Panchina,0,0,
3,13981445,Pisa,M'bala Nzola,F,Panchina,0,0,
3,13981445,Pisa,Gabriele Piccinini,M,Panchina,0,0,
3,13981445,Pisa,Calvin Stengs,M,Panchina,0,0,
3,13981445,Pisa,Simone Scuffet,G,Panchina,0,0,
3,13981445,Pisa,Nícolas,G,Panchina,0,0,
3,13981445,Pisa,Daniel Denoon,D,Panchina,0,0,
3,13981445,Pisa,Raúl Albiol,D,Panchina,0,0,
3,13981445,Pisa,Arturo Calabresi,D,Panchina,0,0,
3,13981445,Pisa,Marius Marin,M,Panchina,0,0,
3,13981445,Pisa,Isak Vural,M,Panchina,0,0,
3,13981445,Pisa,Malthe Højholt,M,Panchina,0,0,
3,13981445,Pisa,Lorran,M,Panchina,0,0,
3,13981445,Pisa,Tomás Esteves,F,Panchina,0,0,
3,13981445,Udinese,Răzvan Sava,G,Titolare,0,0,
3,13981445,Udinese,Nicolò Bertola,D,Titolare,0,0,
3,13981445,Udinese,Thomas Kristensen,D,Titolare,0,0,
3,13981445,Udinese,Oumar Solet,D,Titolare,0,0,
3,13981445,Udinese,Kingsley Ehizibue,M,Titolare,0,0,
3,13981445,Udinese,Jakub Piotrowski,M,Titolare,0,0,
3,13981445,Udinese,Jesper Karlström,M,Titolare,0,0,
3,13981445,Udinese,Arthur Atta,M,Titolare,0,0,
3,13981445,Udinese,Hassane Kamara,M,Titolare,0,0,
3,13981445,Udinese,Iker Bravo,F,Titolare,0,0,
3,13981445,Udinese,Keinan Davis,F,Titolare,0,0,
3,13981445,Udinese,Oier Zarraga,M,Panchina,0,0,
3,13981445,Udinese,Nicolò Zaniolo,F,Panchina,0,0,
3,13981445,Udinese,Adam Buksa,F,Panchina,0,0,
3,13981445,Udinese,Saba Goglichidze,D,Panchina,0,0,
3,13981445,Udinese,Jordan Zemura,M,Panchina,0,0,
3,13981445,Udinese,Alessandro Nunziante,G,Panchina,0,0,
3,13981445,Udinese,Gioele Venuti,G,Panchina,0,0,
3,13981445,Udinese,Christian Kabasele,D,Panchina,0,0,
3,13981445,Udinese,Matteo Palma,D,Panchina,0,0,
3,13981445,Udinese,Lennon Miller,M,Panchina,0,0,
3,13981445,Udinese,Jürgen Ekkelenkamp,M,Panchina,0,0,
3,13981445,Udinese,Alessandro Zanoli,M,Panchina,0,0,
3,13981445,Udinese,Rui Modesto,M,Panchina,0,0,
3,13981449,Sassuolo,Arijanet Murić,G,Titolare,0,0,
3,13981449,Sassuolo,Sebastian Walukiewicz,D,Titolare,0,0,
3,13981449,Sassuolo,Jay Idzes,D,Titolare,0,0,
3,13981449,Sassuolo,Tarik Muharemović,D,Titolare,0,0,
3,13981449,Sassuolo,Josh Doig,D,Titolare,0,0,
3,13981449,Sassuolo,Aster Vranckx,M,Titolare,0,0,
3,13981449,Sassuolo,Nemanja Matić,M,Titolare,0,0,
3,13981449,Sassuolo,Ismael Koné,M,Titolare,0,0,
3,13981449,Sassuolo,Domenico Berardi,F,Titolare,0,0,
3,13981449,Sassuolo,Andrea Pinamonti,F,Titolare,0,0,
3,13981449,Sassuolo,Armand Laurienté,F,Titolare,0,0,
3,13981449,Sassuolo,Woyo Coulibaly,D,Panchina,0,0,
3,13981449,Sassuolo,Cristian Volpato,M,Panchina,0,0,
3,13981449,Sassuolo,Alieu Fadera,F,Panchina,0,0,
3,13981449,Sassuolo,Kristian Thorstvedt,M,Panchina,0,0,
3,13981449,Sassuolo,Walid Cheddira,F,Panchina,0,0,
3,13981449,Sassuolo,Giacomo Satalino,G,Panchina,0,0,
3,13981449,Sassuolo,Stefano Turati,G,Panchina,0,0,
3,13981449,Sassuolo,Edoardo Pieragnolo,D,Panchina,0,0,
3,13981449,Sassuolo,Filippo Romagna,D,Panchina,0,0,
3,13981449,Sassuolo,Fali Candé,D,Panchina,0,0,
3,13981449,Sassuolo,Edoardo Iannoni,M,Panchina,0,0,
3,13981449,Sassuolo,Luca Lipani,M,Panchina,0,0,
3,13981449,Sassuolo,Daniel Boloca,M,Panchina,0,0,
3,13981449,Sassuolo,Nicholas Pierini,F,Panchina,0,0,
3,13981449,Sassuolo,Luca Moro,F,Panchina,0,0,
3,13981449,Lazio,Ivan Provedel,G,Titolare,0,0,
3,13981449,Lazio,Adam Marušić,D,Titolare,0,0,
3,13981449,Lazio,Mario Gila,D,Titolare,0,0,
3,13981449,Lazio,Alessio Romagnoli,D,Titolare,0,0,
3,13981449,Lazio,Nuno Tavares,D,Titolare,0,0,
3,13981449,Lazio,Mattéo Guendouzi,M,Titolare,0,0,
3,13981449,Lazio,Nicolò Rovella,M,Titolare,0,0,
3,13981449,Lazio,Fisayo Dele-Bashiru,M,Titolare,0,0,
3,13981449,Lazio,Matteo Cancellieri,F,Titolare,0,0,
3,13981449,Lazio,Valentín Castellanos,F,Titolare,0,0,
3,13981449,Lazio,Mattia Zaccagni,F,Titolare,0,0,
3,13981449,Lazio,Danilo Cataldi,M,Panchina,0,0,
3,13981449,Lazio,Reda Belahyane,M,Panchina,0,0,
3,13981449,Lazio,Pedro,F,Panchina,0,0,
3,13981449,Lazio,Boulaye Dia,F,Panchina,0,0,
3,13981449,Lazio,Gustav Isaksen,F,Panchina,0,0,
3,13981449,Lazio,Alessio Furlanetto,G,Panchina,0,0,
3,13981449,Lazio,Christos Mandas,G,Panchina,0,0,
3,13981449,Lazio,Elseid Hysaj,D,Panchina,0,0,
3,13981449,Lazio,Oliver Provstgaard,D,Panchina,0,0,
3,13981449,Lazio,Luca Pellegrini,D,Panchina,0,0,
3,13981449,Lazio,Tijjani Noslin,F,Panchina,0,0,
3,13981450,Atalanta,Marco Carnesecchi,G,Titolare,0,0,
3,13981450,Atalanta,Odilon Kossounou,D,Titolare,0,0,
3,13981450,Atalanta,Isak Hien,D,Titolare,0,0,
3,13981450,Atalanta,Giorgio Scalvini,D,Titolare,0,0,
3,13981450,Atalanta,Raoul Bellanova,M,Titolare,0,0,
3,13981450,Atalanta,Marten de Roon,M,Titolare,0,0,
3,13981450,Atalanta,Mario Pašalić,M,Titolare,0,0,
3,13981450,Atalanta,Nicola Zalewski,M,Titolare,0,0,
3,13981450,Atalanta,Charles De Ketelaere,F,Titolare,0,0,
3,13981450,Atalanta,Kamaldeen Sulemana,F,Titolare,0,0,
3,13981450,Atalanta,Nikola Krstović,F,Titolare,0,0,
3,13981450,Atalanta,Marco Brescianini,M,Panchina,0,0,
3,13981450,Atalanta,Lazar Samardžić,M,Panchina,0,0,
3,13981450,Atalanta,Daniel Maldini,F,Panchina,0,0,
3,13981450,Atalanta,Yunus Musah,M,Panchina,0,0,
3,13981450,Atalanta,Lorenzo Bernasconi,M,Panchina,0,0,
3,13981450,Atalanta,Marco Sportiello,G,Panchina,0,0,
3,13981450,Atalanta,Francesco Rossi,G,Panchina,0,0,
3,13981450,Atalanta,Berat Djimsiti,D,Panchina,0,0,
3,13981450,Atalanta,Honest Ahanor,D,Panchina,0,0,
3,13981450,Atalanta,Relja Obrić,D,Panchina,0,0,
3,13981450,Atalanta,Davide Zappacosta,M,Panchina,0,0,
3,13981450,Atalanta,Henry Camara,F,Panchina,0,0,
3,13981450,Lecce,Wladimiro Falcone,G,Titolare,0,0,
3,13981450,Lecce,Christ-Owen Kouassi,D,Titolare,0,0,
3,13981450,Lecce,Kialonda Gaspar,D,Titolare,0,0,
3,13981450,Lecce,Jamil Siebert,D,Titolare,0,0,
3,13981450,Lecce,Antonino Gallo,D,Titolare,0,0,
3,13981450,Lecce,Lassana Coulibaly,M,Titolare,0,0,
3,13981450,Lecce,Ylber Ramadani,M,Titolare,0,0,
3,13981450,Lecce,Alex Sala,M,Titolare,0,0,
3,13981450,Lecce,Tete Morente,F,Titolare,0,0,
3,13981450,Lecce,Nikola Štulić,F,Titolare,0,0,
3,13981450,Lecce,Riccardo Sottil,F,Titolare,0,0,
3,13981450,Lecce,Santiago Pierotti,F,Panchina,0,0,
3,13981450,Lecce,N'Dri Konan,F,Panchina,0,0,
3,13981450,Lecce,Danilo Veiga,D,Panchina,0,0,
3,13981450,Lecce,Francesco Camarda,F,Panchina,0,0,
3,13981450,Lecce,Tiago Gabriel,D,Panchina,0,0,
3,13981450,Lecce,Jasper Samooja,G,Panchina,0,0,
3,13981450,Lecce,Christian Früchtl,G,Panchina,0,0,
3,13981450,Lecce,Corrie Ndaba,D,Panchina,0,0,
3,13981450,Lecce,Medon Berisha,M,Panchina,0,0,
3,13981450,Lecce,Niko Kovač,M,Panchina,0,0,
3,13981450,Lecce,Lameck Banda,M,Panchina,0,0,
3,13981450,Lecce,Þórir Jóhann Helgason,M,Panchina,0,0,
3,13981451,Hellas Verona,Lorenzo Montipò,G,Titolare,0,0,
3,13981451,Hellas Verona,Unai Núñez,D,Titolare,0,0,
3,13981451,Hellas Verona,Victor Nelsson,D,Titolare,0,0,
3,13981451,Hellas Verona,Martin Frese,D,Titolare,0,0,
3,13981451,Hellas Verona,Roberto Gagliardini,M,Titolare,0,0,
3,13981451,Hellas Verona,Rafik Belghali,M,Titolare,0,0,
3,13981451,Hellas Verona,Suat Serdar,M,Titolare,0,0,
3,13981451,Hellas Verona,Antoine Bernede,M,Titolare,0,0,
3,13981451,Hellas Verona,Domagoj Bradarić,M,Titolare,0,0,
3,13981451,Hellas Verona,Giovane,F,Titolare,0,0,
3,13981451,Hellas Verona,Gift Orban,F,Titolare,0,0,
3,13981451,Hellas Verona,Jean Daniel Akpa-Akpro,M,Panchina,0,0,
3,13981451,Hellas Verona,Armel Bella-Kotchap,D,Panchina,0,0,
3,13981451,Hellas Verona,Cheikh Niasse,M,Panchina,0,0,
3,13981451,Hellas Verona,Moatasem Al-Musrati,M,Panchina,0,0,
3,13981451,Hellas Verona,Amin Sarr,F,Panchina,0,0,
3,13981451,Hellas Verona,Giacomo Toniolo,G,Panchina,0,0,
3,13981451,Hellas Verona,Simone Perilli,G,Panchina,0,0,
3,13981451,Hellas Verona,Tobias Slotsager,D,Panchina,0,0,
3,13981451,Hellas Verona,Enzo Ebosse,D,Panchina,0,0,
3,13981451,Hellas Verona,Yellu Santiago,M,Panchina,0,0,
3,13981451,Hellas Verona,Daniel Oyegoke,M,Panchina,0,0,
3,13981451,Hellas Verona,Grigoris Kastanos,M,Panchina,0,0,
3,13981451,Hellas Verona,Junior Ajayi,F,Panchina,0,0,
3,13981451,Hellas Verona,Ioan Vermesan,F,Panchina,0,0,
3,13981451,Cremonese,Emil Audero,G,Titolare,0,0,
3,13981451,Cremonese,Filippo Terracciano,D,Titolare,0,0,
3,13981451,Cremonese,Federico Baschirotto,D,Titolare,0,0,
3,13981451,Cremonese,Matteo Bianchetti,D,Titolare,0,0,
3,13981451,Cremonese,Alessio Zerbin,M,Titolare,0,0,
3,13981451,Cremonese,Michele Collocolo,M,Titolare,0,0,
3,13981451,Cremonese,Warren Bondo,M,Titolare,0,0,
3,13981451,Cremonese,Jari Vandeputte,M,Titolare,0,0,
3,13981451,Cremonese,Giuseppe Pezzella,M,Titolare,0,0,
3,13981451,Cremonese,Federico Bonazzoli,F,Titolare,0,0,
3,13981451,Cremonese,Antonio Sanabria,F,Titolare,0,0,
3,13981451,Cremonese,Jeremy Sarmiento,M,Panchina,0,0,
3,13981451,Cremonese,Alberto Grassi,M,Panchina,0,0,
3,13981451,Cremonese,Jamie Vardy,F,Panchina,0,0,
3,13981451,Cremonese,Franco Vázquez,M,Panchina,0,0,
3,13981451,Cremonese,Romano Floriani Mussolini,M,Panchina,0,0,
3,13981451,Cremonese,Lapo Nava,G,Panchina,0,0,
3,13981451,Cremonese,Marco Silvestri,G,Panchina,0,0,
3,13981451,Cremonese,Federico Ceccherini,D,Panchina,0,0,
3,13981451,Cremonese,Francesco Folino,D,Panchina,0,0,
3,13981451,Cremonese,Mikayil Faye,D,Panchina,0,0,
3,13981451,Cremonese,Dachi Lordkipanidze,M,Panchina,0,0,
3,13981451,Cremonese,Faris Moumbagna,F,Panchina,0,0,
3,13981451,Cremonese,Dennis Johnsen,F,Panchina,0,0,
4,13981452,Hellas Verona,Lorenzo Montipò,G,Titolare,0,0,
4,13981452,Hellas Verona,Unai Núñez,D,Titolare,0,0,
4,13981452,Hellas Verona,Victor Nelsson,D,Titolare,0,0,
4,13981452,Hellas Verona,Martin Frese,D,Titolare,0,0,
4,13981452,Hellas Verona,Rafik Belghali,M,Titolare,0,0,
4,13981452,Hellas Verona,Suat Serdar,M,Titolare,0,0,
4,13981452,Hellas Verona,Jean Daniel Akpa-Akpro,M,Titolare,0,0,
4,13981452,Hellas Verona,Antoine Bernede,M,Titolare,0,0,
4,13981452,Hellas Verona,Domagoj Bradarić,M,Titolare,0,0,
4,13981452,Hellas Verona,Giovane,F,Titolare,0,0,
4,13981452,Hellas Verona,Gift Orban,F,Titolare,0,0,
4,13981452,Hellas Verona,Amin Sarr,F,Panchina,0,0,
4,13981452,Hellas Verona,Cheikh Niasse,M,Panchina,0,0,
4,13981452,Hellas Verona,Grigoris Kastanos,M,Panchina,0,0,
4,13981452,Hellas Verona,Yellu Santiago,M,Panchina,0,0,
4,13981452,Hellas Verona,Junior Ajayi,F,Panchina,0,0,
4,13981452,Hellas Verona,Giacomo Toniolo,G,Panchina,0,0,
4,13981452,Hellas Verona,Simone Perilli,G,Panchina,0,0,
4,13981452,Hellas Verona,Enzo Ebosse,D,Panchina,0,0,
4,13981452,Hellas Verona,Tobias Slotsager,D,Panchina,0,0,
4,13981452,Hellas Verona,Armel Bella-Kotchap,D,Panchina,0,0,
4,13981452,Hellas Verona,Davide De Battisti,M,Panchina,0,0,
4,13981452,Hellas Verona,Moatasem Al-Musrati,M,Panchina,0,0,
4,13981452,Hellas Verona,Ioan Vermesan,F,Panchina,0,0,
4,13981452,Juventus,Michele Di Gregorio,G,Titolare,0,0,
4,13981452,Juventus,Pierre Kalulu,D,Titolare,0,0,
4,13981452,Juventus,Federico Gatti,D,Titolare,0,0,
4,13981452,Juventus,Lloyd Kelly,D,Titolare,0,0,
4,13981452,Juventus,João Mário,D,Titolare,0,0,
4,13981452,Juventus,Manuel Locatelli,M,Titolare,0,0,
4,13981452,Juventus,Khéphren Thuram,M,Titolare,0,0,
4,13981452,Juventus,Andrea Cambiaso,M,Titolare,0,0,
4,13981452,Juventus,Francisco Conceição,F,Titolare,0,0,
4,13981452,Juventus,Kenan Yıldız,F,Titolare,0,0,
4,13981452,Juventus,Dušan Vlahović,F,Titolare,0,0,
4,13981452,Juventus,Teun Koopmeiners,M,Panchina,0,0,
4,13981452,Juventus,Vasilije Adžić,M,Panchina,0,0,
4,13981452,Juventus,Loïs Openda,F,Panchina,0,0,
4,13981452,Juventus,Jonathan David,F,Panchina,0,0,
4,13981452,Juventus,Edon Zhegrova,F,Panchina,0,0,
4,13981452,Juventus,Carlo Pinsoglio,G,Panchina,0,0,
4,13981452,Juventus,Mattia Perin,G,Panchina,0,0,
4,13981452,Juventus,Bremer,D,Panchina,0,0,
4,13981452,Juventus,Juan Cabal,D,Panchina,0,0,
4,13981452,Juventus,Daniele Rugani,D,Panchina,0,0,
4,13981452,Juventus,Weston McKennie,M,Panchina,0,0,
4,13981452,Juventus,Filip Kostić,M,Panchina,0,0,
4,13981453,Udinese,Răzvan Sava,G,Titolare,0,0,
4,13981453,Udinese,Kingsley Ehizibue,M,Titolare,0,0,
4,13981453,Udinese,Thomas Kristensen,D,Titolare,0,0,
4,13981453,Udinese,Oumar Solet,D,Titolare,0,0,
4,13981453,Udinese,Jordan Zemura,M,Titolare,0,0,
4,13981453,Udinese,Jürgen Ekkelenkamp,M,Titolare,0,0,
4,13981453,Udinese,Jesper Karlström,M,Titolare,0,0,
4,13981453,Udinese,Oier Zarraga,M,Titolare,0,0,
4,13981453,Udinese,Arthur Atta,M,Titolare,0,0,
4,13981453,Udinese,Keinan Davis,F,Titolare,0,0,
4,13981453,Udinese,Iker Bravo,F,Titolare,0,0,
4,13981453,Udinese,Adam Buksa,F,Panchina,0,0,
4,13981453,Udinese,Alessandro Zanoli,M,Panchina,0,0,
4,13981453,Udinese,Rui Modesto,M,Panchina,0,0,
4,13981453,Udinese,Nicolò Zaniolo,F,Panchina,0,0,
4,13981453,Udinese,Lennon Miller,M,Panchina,0,0,
4,13981453,Udinese,Gioele Venuti,G,Panchina,0,0,
4,13981453,Udinese,Alessandro Nunziante,G,Panchina,0,0,
4,13981453,Udinese,Matteo Palma,D,Panchina,0,0,
4,13981453,Udinese,Christian Kabasele,D,Panchina,0,0,
4,13981453,Udinese,Saba Goglichidze,D,Panchina,0,0,
4,13981453,Udinese,Nicolò Bertola,D,Panchina,0,0,
4,13981453,Udinese,Jakub Piotrowski,M,Panchina,0,0,
4,13981453,Udinese,Hassane Kamara,M,Panchina,0,0,
4,13981453,Udinese,Idrissa Gueye,F,Panchina,0,0,
4,13981453,AC Milan,Pietro Terracciano,G,Titolare,0,0,
4,13981453,AC Milan,Fikayo Tomori,D,Titolare,0,0,
4,13981453,AC Milan,Matteo Gabbia,D,Titolare,0,0,
4,13981453,AC Milan,Strahinja Pavlović,D,Titolare,0,0,
4,13981453,AC Milan,Alexis Saelemaekers,M,Titolare,0,0,
4,13981453,AC Milan,Youssouf Fofana,M,Titolare,0,0,
4,13981453,AC Milan,Luka Modrić,M,Titolare,0,0,
4,13981453,AC Milan,Adrien Rabiot,M,Titolare,0,0,
4,13981453,AC Milan,Pervis Estupiñán,M,Titolare,0,0,
4,13981453,AC Milan,Santiago Giménez,F,Titolare,0,0,
4,13981453,AC Milan,Christian Pulišić,F,Titolare,0,0,
4,13981453,AC Milan,Ruben Loftus-Cheek,M,Panchina,0,0,
4,13981453,AC Milan,Christopher Nkunku,F,Panchina,0,0,
4,13981453,AC Milan,Koni De Winter,D,Panchina,0,0,
4,13981453,AC Milan,Samuele Ricci,M,Panchina,0,0,
4,13981453,AC Milan,Zachary Athekame,D,Panchina,0,0,
4,13981453,AC Milan,Lorenzo Torriani,G,Panchina,0,0,
4,13981453,AC Milan,Matteo Pittarella,G,Panchina,0,0,
4,13981453,AC Milan,David Odogu,D,Panchina,0,0,
4,13981453,AC Milan,Davide Bartesaghi,M,Panchina,0,0,
4,13981453,AC Milan,Cheveyo Mul-Balentien,F,Panchina,0,0,
4,13981454,Torino,Franco Israel,G,Titolare,0,0,
4,13981454,Torino,Saúl Coco,D,Titolare,0,0,
4,13981454,Torino,Guillermo Maripán,D,Titolare,0,0,
4,13981454,Torino,Ardian Ismajli,D,Titolare,0,0,
4,13981454,Torino,Valentino Lazaro,M,Titolare,0,0,
4,13981454,Torino,Ivan Ilić,M,Titolare,0,0,
4,13981454,Torino,Kristjan Asllani,M,Titolare,0,0,
4,13981454,Torino,Cristiano Biraghi,D,Titolare,0,0,
4,13981454,Torino,Zakaria Aboukhlal,F,Titolare,0,0,
4,13981454,Torino,Nikola Vlašić,M,Titolare,0,0,
4,13981454,Torino,Giovanni Simeone,F,Titolare,0,0,
4,13981454,Torino,Adrien Tameze,D,Panchina,0,0,
4,13981454,Torino,Cesare Casadei,M,Panchina,0,0,
4,13981454,Torino,Che Adams,F,Panchina,0,0,
4,13981454,Torino,Duván Zapata,F,Panchina,0,0,
4,13981454,Torino,Tino Anjorin,M,Panchina,0,0,
4,13981454,Torino,Alberto Paleari,G,Panchina,0,0,
4,13981454,Torino,Mihai Popa,G,Panchina,0,0,
4,13981454,Torino,Ali Dembélé,D,Panchina,0,0,
4,13981454,Torino,Niels Nkounkou,D,Panchina,0,0,
4,13981454,Torino,Marcus Pedersen,M,Panchina,0,0,
4,13981454,Torino,Gvidas Gineitis,M,Panchina,0,0,
4,13981454,Torino,Emirhan İlkhan,M,Panchina,0,0,
4,13981454,Torino,Cyril Ngonge,F,Panchina,0,0,
4,13981454,Torino,Alieu Njie,F,Panchina,0,0,
4,13981454,Atalanta,Marco Carnesecchi,G,Titolare,0,0,
4,13981454,Atalanta,Odilon Kossounou,D,Titolare,0,0,
4,13981454,Atalanta,Isak Hien,D,Titolare,0,0,
4,13981454,Atalanta,Berat Djimsiti,D,Titolare,0,0,
4,13981454,Atalanta,Davide Zappacosta,M,Titolare,0,0,
4,13981454,Atalanta,Marten de Roon,M,Titolare,0,0,
4,13981454,Atalanta,Mario Pašalić,M,Titolare,0,0,
4,13981454,Atalanta,Nicola Zalewski,M,Titolare,0,0,
4,13981454,Atalanta,Lazar Samardžić,M,Titolare,0,0,
4,13981454,Atalanta,Kamaldeen Sulemana,F,Titolare,0,0,
4,13981454,Atalanta,Nikola Krstović,F,Titolare,0,0,
4,13981454,Atalanta,Raoul Bellanova,M,Panchina,0,0,
4,13981454,Atalanta,Honest Ahanor,D,Panchina,0,0,
4,13981454,Atalanta,Daniel Maldini,F,Panchina,0,0,
4,13981454,Atalanta,Yunus Musah,M,Panchina,0,0,
4,13981454,Atalanta,Ademola Lookman,F,Panchina,0,0,
4,13981454,Atalanta,Marco Sportiello,G,Panchina,0,0,
4,13981454,Atalanta,Francesco Rossi,G,Panchina,0,0,
4,13981454,Atalanta,Relja Obrić,D,Panchina,0,0,
4,13981454,Atalanta,Marco Brescianini,M,Panchina,0,0,
4,13981454,Atalanta,Lorenzo Bernasconi,M,Panchina,0,0,
4,13981455,Lecce,Wladimiro Falcone,G,Titolare,0,0,
4,13981455,Lecce,Christ-Owen Kouassi,D,Titolare,0,0,
4,13981455,Lecce,Kialonda Gaspar,D,Titolare,0,0,
4,13981455,Lecce,Tiago Gabriel,D,Titolare,0,0,
4,13981455,Lecce,Antonino Gallo,D,Titolare,0,0,
4,13981455,Lecce,Lassana Coulibaly,M,Titolare,0,0,
4,13981455,Lecce,Ylber Ramadani,M,Titolare,0,0,
4,13981455,Lecce,Alex Sala,M,Titolare,0,0,
4,13981455,Lecce,Santiago Pierotti,F,Titolare,0,0,
4,13981455,Lecce,Nikola Štulić,F,Titolare,0,0,
4,13981455,Lecce,Riccardo Sottil,F,Titolare,0,0,
4,13981455,Lecce,Corrie Ndaba,D,Panchina,0,0,
4,13981455,Lecce,Mohamed Kaba,M,Panchina,0,0,
4,13981455,Lecce,Tete Morente,F,Panchina,0,0,
4,13981455,Lecce,Francesco Camarda,F,Panchina,0,0,
4,13981455,Lecce,N'Dri Konan,F,Panchina,0,0,
4,13981455,Lecce,Jasper Samooja,G,Panchina,0,0,
4,13981455,Lecce,Christian Früchtl,G,Panchina,0,0,
4,13981455,Lecce,Danilo Veiga,D,Panchina,0,0,
4,13981455,Lecce,Jamil Siebert,D,Panchina,0,0,
4,13981455,Lecce,Matías Pérez,D,Panchina,0,0,
4,13981455,Lecce,Niko Kovač,M,Panchina,0,0,
4,13981455,Lecce,Þórir Jóhann Helgason,M,Panchina,0,0,
4,13981455,Lecce,Lameck Banda,M,Panchina,0,0,
4,13981455,Lecce,Medon Berisha,M,Panchina,0,0,
4,13981455,Cagliari,Elia Caprile,G,Titolare,0,0,
4,13981455,Cagliari,Yerry Mina,D,Titolare,0,0,
4,13981455,Cagliari,Sebastiano Luperto,D,Titolare,0,0,
4,13981455,Cagliari,Adam Obert,D,Titolare,0,0,
4,13981455,Cagliari,Marco Palestra,M,Titolare,0,0,
4,13981455,Cagliari,Michel Adopo,M,Titolare,0,0,
4,13981455,Cagliari,Matteo Prati,M,Titolare,0,0,
4,13981455,Cagliari,Alessandro Deiola,M,Titolare,0,0,
4,13981455,Cagliari,Michael Folorunsho,M,Titolare,0,0,
4,13981455,Cagliari,Sebastiano Esposito,F,Titolare,0,0,
4,13981455,Cagliari,Andrea Belotti,F,Titolare,0,0,
4,13981455,Cagliari,Gianluca Gaetano,M,Panchina,0,0,
4,13981455,Cagliari,Mattia Felici,F,Panchina,0,0,
4,13981455,Cagliari,Semih Kılıçsoy,F,Panchina,0,0,
4,13981455,Cagliari,Gabriele Zappa,D,Panchina,0,0,
4,13981455,Cagliari,Luca Mazzitelli,M,Panchina,0,0,
4,13981455,Cagliari,Vincenzo Sarno,G,Panchina,0,0,
4,13981455,Cagliari,Giuseppe Ciocci,G,Panchina,0,0,
4,13981455,Cagliari,Juan Rodríguez,D,Panchina,0,0,
4,13981455,Cagliari,Riyad Idrissi,D,Panchina,0,0,
4,13981455,Cagliari,Zé Pedro,D,Panchina,0,0,
4,13981455,Cagliari,Alessandro Di Pardo,M,Panchina,0,0,
4,13981455,Cagliari,Nicolò Cavuoti,M,Panchina,0,0,
4,13981455,Cagliari,Marko Rog,M,Panchina,0,0,
4,13981455,Cagliari,Leonardo Pavoletti,F,Panchina,0,0,
4,13981455,Cagliari,Gennaro Borrelli,F,Panchina,0,0,
4,13981456,Inter,Josep Martínez,G,Titolare,0,0,
4,13981456,Inter,Manuel Akanji,D,Titolare,0,0,
4,13981456,Inter,Francesco Acerbi,D,Titolare,0,0,
4,13981456,Inter,Carlos Augusto,D,Titolare,0,0,
4,13981456,Inter,Denzel Dumfries,M,Titolare,0,0,
4,13981456,Inter,Nicolò Barella,M,Titolare,0,0,
4,13981456,Inter,Hakan Çalhanoğlu,M,Titolare,0,0,
4,13981456,Inter,Petar Sučić,M,Titolare,0,0,
4,13981456,Inter,Federico Dimarco,M,Titolare,0,0,
4,13981456,Inter,Francesco Pio Esposito,F,Titolare,0,0,
4,13981456,Inter,Marcus Thuram,F,Titolare,0,0,
4,13981456,Inter,Luís Henrique,M,Panchina,0,0,
4,13981456,Inter,Lautaro Martínez,F,Panchina,0,0,
4,13981456,Inter,Davide Frattesi,M,Panchina,0,0,
4,13981456,Inter,Ange-Yoan Bonny,F,Panchina,0,0,
4,13981456,Inter,Yann Sommer,G,Panchina,0,0,
4,13981456,Inter,Raffaele Di Gennaro,G,Panchina,0,0,
4,13981456,Inter,Alessandro Bastoni,D,Panchina,0,0,
4,13981456,Inter,Matteo Darmian,D,Panchina,0,0,
4,13981456,Inter,Yann Bisseck,D,Panchina,0,0,
4,13981456,Inter,Stefan de Vrij,D,Panchina,0,0,
4,13981456,Inter,Tomás Palacios,D,Panchina,0,0,
4,13981456,Inter,Henrikh Mkhitaryan,M,Panchina,0,0,
4,13981456,Inter,Andy Diouf,M,Panchina,0,0,
4,13981456,Inter,Piotr Zieliński,M,Panchina,0,0,
4,13981456,Sassuolo,Arijanet Murić,G,Titolare,0,0,
4,13981456,Sassuolo,Woyo Coulibaly,D,Titolare,0,0,
4,13981456,Sassuolo,Jay Idzes,D,Titolare,0,0,
4,13981456,Sassuolo,Tarik Muharemović,D,Titolare,0,0,
4,13981456,Sassuolo,Josh Doig,D,Titolare,0,0,
4,13981456,Sassuolo,Aster Vranckx,M,Titolare,0,0,
4,13981456,Sassuolo,Nemanja Matić,M,Titolare,0,0,
4,13981456,Sassuolo,Ismael Koné,M,Titolare,0,0,
4,13981456,Sassuolo,Domenico Berardi,F,Titolare,0,0,
4,13981456,Sassuolo,Andrea Pinamonti,F,Titolare,0,0,
4,13981456,Sassuolo,Armand Laurienté,F,Titolare,0,0,
4,13981456,Sassuolo,Kristian Thorstvedt,M,Panchina,0,0,
4,13981456,Sassuolo,Cristian Volpato,M,Panchina,0,0,
4,13981456,Sassuolo,Alieu Fadera,F,Panchina,0,0,
4,13981456,Sassuolo,Walid Cheddira,F,Panchina,0,0,
4,13981456,Sassuolo,Nicholas Pierini,F,Panchina,0,0,
4,13981456,Sassuolo,Stefano Turati,G,Panchina,0,0,
4,13981456,Sassuolo,Giacomo Satalino,G,Panchina,0,0,
4,13981456,Sassuolo,Fali Candé,D,Panchina,0,0,
4,13981456,Sassuolo,Cas Odenthal,D,Panchina,0,0,
4,13981456,Sassuolo,Filippo Romagna,D,Panchina,0,0,
4,13981456,Sassuolo,Edoardo Pieragnolo,D,Panchina,0,0,
4,13981456,Sassuolo,Daniel Boloca,M,Panchina,0,0,
4,13981456,Sassuolo,Luca Lipani,M,Panchina,0,0,
4,13981456,Sassuolo,Edoardo Iannoni,M,Panchina,0,0,
4,13981456,Sassuolo,Luca Moro,F,Panchina,0,0,
4,13981457,Lazio,Ivan Provedel,G,Titolare,0,0,
4,13981457,Lazio,Adam Marušić,D,Titolare,0,0,
4,13981457,Lazio,Mario Gila,D,Titolare,0,0,
4,13981457,Lazio,Alessio Romagnoli,D,Titolare,0,0,
4,13981457,Lazio,Nuno Tavares,D,Titolare,0,0,
4,13981457,Lazio,Mattéo Guendouzi,M,Titolare,0,0,
4,13981457,Lazio,Nicolò Rovella,M,Titolare,0,0,
4,13981457,Lazio,Fisayo Dele-Bashiru,M,Titolare,0,0,
4,13981457,Lazio,Pedro,F,Titolare,0,0,
4,13981457,Lazio,Boulaye Dia,F,Titolare,0,0,
4,13981457,Lazio,Mattia Zaccagni,F,Titolare,0,0,
4,13981457,Lazio,Reda Belahyane,M,Panchina,0,0,
4,13981457,Lazio,Luca Pellegrini,D,Panchina,0,0,
4,13981457,Lazio,Danilo Cataldi,M,Panchina,0,0,
4,13981457,Lazio,Valentín Castellanos,F,Panchina,0,0,
4,13981457,Lazio,Tijjani Noslin,F,Panchina,0,0,
4,13981457,Lazio,Alessio Furlanetto,G,Panchina,0,0,
4,13981457,Lazio,Christos Mandas,G,Panchina,0,0,
4,13981457,Lazio,Patric,D,Panchina,0,0,
4,13981457,Lazio,Elseid Hysaj,D,Panchina,0,0,
4,13981457,Lazio,Oliver Provstgaard,D,Panchina,0,0,
4,13981457,Lazio,Valerio Farcomeni,M,Panchina,0,0,
4,13981457,Lazio,Pietro Pinelli,M,Panchina,0,0,
4,13981457,Lazio,Gustav Isaksen,F,Panchina,0,0,
4,13981457,Lazio,Matteo Cancellieri,F,Panchina,0,0,
4,13981457,AS Roma,Mile Svilar,G,Titolare,0,0,
4,13981457,AS Roma,Zeki Çelik,D,Titolare,0,0,
4,13981457,AS Roma,Gianluca Mancini,D,Titolare,0,0,
4,13981457,AS Roma,Evan Ndicka,D,Titolare,0,0,
4,13981457,AS Roma,Devyne Rensch,M,Titolare,0,0,
4,13981457,AS Roma,Manu Koné,M,Titolare,0,0,
4,13981457,AS Roma,Bryan Cristante,M,Titolare,0,0,
4,13981457,AS Roma,Angeliño,M,Titolare,0,0,
4,13981457,AS Roma,Lorenzo Pellegrini,F,Titolare,0,0,
4,13981457,AS Roma,Matías Soulé,F,Titolare,0,0,
4,13981457,AS Roma,Evan Ferguson,F,Titolare,0,0,
4,13981457,AS Roma,Artem Dovbyk,F,Panchina,0,0,
4,13981457,AS Roma,Tommaso Baldanzi,M,Panchina,0,0,
4,13981457,AS Roma,Niccolò Pisilli,M,Panchina,0,0,
4,13981457,AS Roma,Kostas Tsimikas,D,Panchina,0,0,
4,13981457,AS Roma,Neil El Aynaoui,M,Panchina,0,0,
4,13981457,AS Roma,Pierluigi Gollini,G,Panchina,0,0,
4,13981457,AS Roma,Devis Vásquez,G,Panchina,0,0,
4,13981457,AS Roma,Daniele Ghilardi,D,Panchina,0,0,
4,13981457,AS Roma,Jan Ziółkowski,D,Panchina,0,0,
4,13981457,AS Roma,Buba Sangaré,D,Panchina,0,0,
4,13981457,AS Roma,Stephan El Shaarawy,F,Panchina,0,0,
4,13981458,SSC Napoli,Alex Meret,G,Titolare,0,0,
4,13981458,SSC Napoli,Giovanni Di Lorenzo,D,Titolare,0,0,
4,13981458,SSC Napoli,Sam Beukema,D,Titolare,0,0,
4,13981458,SSC Napoli,Alessandro Buongiorno,D,Titolare,0,0,
4,13981458,SSC Napoli,Leonardo Spinazzola,D,Titolare,0,0,
4,13981458,SSC Napoli,Billy Gilmour,M,Titolare,0,0,
4,13981458,SSC Napoli,Matteo Politano,M,Titolare,0,0,
4,13981458,SSC Napoli,Eljif Elmas,M,Titolare,0,0,
4,13981458,SSC Napoli,Kevin De Bruyne,M,Titolare,0,0,
4,13981458,SSC Napoli,Scott McTominay,M,Titolare,0,0,
4,13981458,SSC Napoli,Rasmus Højlund,F,Titolare,0,0,
4,13981458,SSC Napoli,Frank Anguissa,M,Panchina,0,0,
4,13981458,SSC Napoli,Stanislav Lobotka,M,Panchina,0,0,
4,13981458,SSC Napoli,Lorenzo Lucca,F,Panchina,0,0,
4,13981458,SSC Napoli,Juan Jesus,D,Panchina,0,0,
4,13981458,SSC Napoli,Vanja Milinković-Savić,G,Panchina,0,0,
4,13981458,SSC Napoli,Mathias Ferrante,G,Panchina,0,0,
4,13981458,SSC Napoli,Miguel Gutiérrez,D,Panchina,0,0,
4,13981458,SSC Napoli,Luca Marianucci,D,Panchina,0,0,
4,13981458,SSC Napoli,Amir Rrahmani,D,Panchina,0,0,
4,13981458,SSC Napoli,Mathías Olivera,D,Panchina,0,0,
4,13981458,SSC Napoli,Noa Lang,F,Panchina,0,0,
4,13981458,SSC Napoli,Antonio Vergara,F,Panchina,0,0,
4,13981458,SSC Napoli,David Neres,F,Panchina,0,0,
4,13981458,SSC Napoli,Giuseppe Ambrosino,F,Panchina,0,0,
4,13981458,Pisa,Adrian Šemper,G,Titolare,0,0,
4,13981458,Pisa,Simone Canestrelli,D,Titolare,0,0,
4,13981458,Pisa,Antonio Caracciolo,D,Titolare,0,0,
4,13981458,Pisa,Mateus Lusuardi,D,Titolare,0,0,
4,13981458,Pisa,Mehdi Léris,M,Titolare,0,0,
4,13981458,Pisa,Marius Marin,M,Titolare,0,0,
4,13981458,Pisa,Michel Aebischer,M,Titolare,0,0,
4,13981458,Pisa,Ebenezer Akinsanmiro,M,Titolare,0,0,
4,13981458,Pisa,Giovanni Bonfanti,D,Titolare,0,0,
4,13981458,Pisa,M'bala Nzola,F,Titolare,0,0,
4,13981458,Pisa,Stefano Moreo,F,Titolare,0,0,
4,13981458,Pisa,Juan Cuadrado,M,Panchina,0,0,
4,13981458,Pisa,Henrik Wendel Meister,F,Panchina,0,0,
4,13981458,Pisa,Samuele Angori,M,Panchina,0,0,
4,13981458,Pisa,Matteo Tramoni,F,Panchina,0,0,
4,13981458,Pisa,Lorran,M,Panchina,0,0,
4,13981458,Pisa,Nícolas,G,Panchina,0,0,
4,13981458,Pisa,Simone Scuffet,G,Panchina,0,0,
4,13981458,Pisa,Arturo Calabresi,D,Panchina,0,0,
4,13981458,Pisa,Raúl Albiol,D,Panchina,0,0,
4,13981458,Pisa,Isak Vural,M,Panchina,0,0,
4,13981458,Pisa,Gabriele Piccinini,M,Panchina,0,0,
4,13981458,Pisa,Malthe Højholt,M,Panchina,0,0,
4,13981458,Pisa,Tomás Esteves,F,Panchina,0,0,
4,13981460,Bologna,Łukasz Skorupski,G,Titolare,0,0,
4,13981460,Bologna,Lorenzo De Silvestri,D,Titolare,0,0,
4,13981460,Bologna,Martin Vitík,D,Titolare,0,0,
4,13981460,Bologna,Torbjørn Heggem,D,Titolare,0,0,
4,13981460,Bologna,Juan Miranda,D,Titolare,0,0,
4,13981460,Bologna,Nikola Moro,M,Titolare,0,0,
4,13981460,Bologna,Remo Freuler,M,Titolare,0,0,
4,13981460,Bologna,Riccardo Orsolini,M,Titolare,0,0,
4,13981460,Bologna,Federico Bernardeschi,F,Titolare,0,0,
4,13981460,Bologna,Benjamín Domínguez,M,Titolare,0,0,
4,13981460,Bologna,Santiago Castro,F,Titolare,0,0,
4,13981460,Bologna,Nadir Zortea,D,Panchina,0,0,
4,13981460,Bologna,Nicolò Cambiaghi,F,Panchina,0,0,
4,13981460,Bologna,Lewis Ferguson,M,Panchina,0,0,
4,13981460,Bologna,Thijs Dallinga,F,Panchina,0,0,
4,13981460,Bologna,Jhon Lucumí,D,Panchina,0,0,
4,13981460,Bologna,Federico Ravaglia,G,Panchina,0,0,
4,13981460,Bologna,Massimo Pessina,G,Panchina,0,0,
4,13981460,Bologna,Charalampos Lykogiannis,D,Panchina,0,0,
4,13981460,Bologna,Emil Holm,D,Panchina,0,0,
4,13981460,Bologna,Giovanni Fabbian,M,Panchina,0,0,
4,13981460,Bologna,Jens Odgaard,M,Panchina,0,0,
4,13981460,Bologna,Jonathan Rowe,F,Panchina,0,0,
4,13981460,Genoa,Nicola Leali,G,Titolare,0,0,
4,13981460,Genoa,Brooke Norton-Cuffy,D,Titolare,0,0,
4,13981460,Genoa,Leo Østigård,D,Titolare,0,0,
4,13981460,Genoa,Johan Vásquez,D,Titolare,0,0,
4,13981460,Genoa,Aarón Martín,M,Titolare,0,0,
4,13981460,Genoa,Patrizio Masini,M,Titolare,0,0,
4,13981460,Genoa,Morten Frendrup,M,Titolare,0,0,
4,13981460,Genoa,Mikael Ellertsson,M,Titolare,0,0,
4,13981460,Genoa,Ruslan Malinovskyi,M,Titolare,0,0,
4,13981460,Genoa,Vitinha,F,Titolare,0,0,
4,13981460,Genoa,Lorenzo Colombo,F,Titolare,0,0,
4,13981460,Genoa,Alessandro Marcandalli,D,Panchina,0,0,
4,13981460,Genoa,Caleb Ekuban,F,Panchina,0,0,
4,13981460,Genoa,Valentín Carboni,M,Panchina,0,0,
4,13981460,Genoa,Jeff Ekhator,F,Panchina,0,0,
4,13981460,Genoa,Ernestas Lysionok,G,Panchina,0,0,
4,13981460,Genoa,Daniele Sommariva,G,Panchina,0,0,
4,13981460,Genoa,Sebastian Otoa,D,Panchina,0,0,
4,13981460,Genoa,Albert Grønbæk,M,Panchina,0,0,
4,13981460,Genoa,Hugo Cuenca,M,Panchina,0,0,
4,13981460,Genoa,Stefano Sabelli,M,Panchina,0,0,
4,13981460,Genoa,Morten Thorsby,M,Panchina,0,0,
4,13981460,Genoa,Nicolae Stanciu,M,Panchina,0,0,
4,13981460,Genoa,Lorenzo Venturino,F,Panchina,0,0,
4,13981460,Genoa,Seydou Fini,F,Panchina,0,0,
4,13981460,Genoa,Junior Messias,F,Panchina,0,0,
4,13981461,Fiorentina,David De Gea,G,Titolare,0,0,
4,13981461,Fiorentina,Dodô,M,Titolare,0,0,
4,13981461,Fiorentina,Marin Pongračić,D,Titolare,0,0,
4,13981461,Fiorentina,Luca Ranieri,D,Titolare,0,0,
4,13981461,Fiorentina,Robin Gosens,D,Titolare,0,0,
4,13981461,Fiorentina,Tariq Lamptey,D,Titolare,0,0,
4,13981461,Fiorentina,Hans Nicolussi Caviglia,M,Titolare,0,0,
4,13981461,Fiorentina,Rolando Mandragora,M,Titolare,0,0,
4,13981461,Fiorentina,Jacopo Fazzini,F,Titolare,0,0,
4,13981461,Fiorentina,Roberto Piccoli,F,Titolare,0,0,
4,13981461,Fiorentina,Moise Kean,F,Titolare,0,0,
4,13981461,Fiorentina,Niccolò Fortini,D,Panchina,0,0,
4,13981461,Fiorentina,Simon Sohm,M,Panchina,0,0,
4,13981461,Fiorentina,Nicolò Fagioli,M,Panchina,0,0,
4,13981461,Fiorentina,Mattia Viti,D,Panchina,0,0,
4,13981461,Fiorentina,Edin Džeko,F,Panchina,0,0,
4,13981461,Fiorentina,Luca Lezzerini,G,Panchina,0,0,
4,13981461,Fiorentina,Tommaso Martinelli,G,Panchina,0,0,
4,13981461,Fiorentina,Pietro Comuzzo,D,Panchina,0,0,
4,13981461,Fiorentina,Fabiano Parisi,D,Panchina,0,0,
4,13981461,Fiorentina,Pablo Marí,D,Panchina,0,0,
4,13981461,Fiorentina,Cher Ndour,M,Panchina,0,0,
4,13981461,Fiorentina,Amir Richardson,M,Panchina,0,0,
4,13981461,Fiorentina,Abdelhamid Sabiri,M,Panchina,0,0,
4,13981461,Fiorentina,Albert Guðmundsson,F,Panchina,0,0,
4,13981461,Como,Jean Butez,G,Titolare,0,0,
4,13981461,Como,Ivan Smolčić,D,Titolare,0,0,
4,13981461,Como,Diego Carlos,D,Titolare,0,0,
4,13981461,Como,Marc Kempf,D,Titolare,0,0,
4,13981461,Como,Álex Valle,D,Titolare,0,0,
4,13981461,Como,Máximo Perrone,M,Titolare,0,0,
4,13981461,Como,Sergi Roberto,M,Titolare,0,0,
4,13981461,Como,Mërgim Vojvoda,D,Titolare,0,0,
4,13981461,Como,Nico Paz,M,Titolare,0,0,
4,13981461,Como,Nicolas-Gerrit Kühn,F,Titolare,0,0,
4,13981461,Como,Álvaro Morata,F,Titolare,0,0,
4,13981461,Como,Jesús Rodriguez,M,Panchina,0,0,
4,13981461,Como,Jayden Addai,M,Panchina,0,0,
4,13981461,Como,Anastasios Douvikas,F,Panchina,0,0,
4,13981461,Como,Stefan Posch,D,Panchina,0,0,
4,13981461,Como,Edoardo Goldaniga,D,Panchina,0,0,
4,13981461,Como,Nikola Čavlina,G,Panchina,0,0,
4,13981461,Como,Mauro Vigorito,G,Panchina,0,0,
4,13981461,Como,Alberto Moreno,D,Panchina,0,0,
4,13981461,Como,Lucas Da Cunha,M,Panchina,0,0,
4,13981461,Como,Maxence Caqueret,M,Panchina,0,0,
4,13981461,Como,Martin Baturina,M,Panchina,0,0,
4,13981461,Como,Alberto Cerri,F,Panchina,0,0,
4,13981463,Cremonese,Emil Audero,G,Titolare,0,0,
4,13981463,Cremonese,Filippo Terracciano,D,Titolare,0,0,
4,13981463,Cremonese,Federico Baschirotto,D,Titolare,0,0,
4,13981463,Cremonese,Matteo Bianchetti,D,Titolare,0,0,
4,13981463,Cremonese,Alessio Zerbin,M,Titolare,0,0,
4,13981463,Cremonese,Michele Collocolo,M,Titolare,0,0,
4,13981463,Cremonese,Warren Bondo,M,Titolare,0,0,
4,13981463,Cremonese,Jari Vandeputte,M,Titolare,0,0,
4,13981463,Cremonese,Giuseppe Pezzella,M,Titolare,0,0,
4,13981463,Cremonese,Franco Vázquez,M,Titolare,0,0,
4,13981463,Cremonese,Antonio Sanabria,F,Titolare,0,0,
4,13981463,Cremonese,Alberto Grassi,M,Panchina,0,0,
4,13981463,Cremonese,Federico Ceccherini,D,Panchina,0,0,
4,13981463,Cremonese,Romano Floriani Mussolini,M,Panchina,0,0,
4,13981463,Cremonese,Faris Moumbagna,F,Panchina,0,0,
4,13981463,Cremonese,Dennis Johnsen,F,Panchina,0,0,
4,13981463,Cremonese,Marco Silvestri,G,Panchina,0,0,
4,13981463,Cremonese,Lapo Nava,G,Panchina,0,0,
4,13981463,Cremonese,Francesco Folino,D,Panchina,0,0,
4,13981463,Cremonese,Mikayil Faye,D,Panchina,0,0,
4,13981463,Cremonese,Tommaso Barbieri,M,Panchina,0,0,
4,13981463,Cremonese,Dachi Lordkipanidze,M,Panchina,0,0,
4,13981463,Cremonese,Federico Bonazzoli,F,Panchina,0,0,
4,13981463,Parma,Zion Suzuki,G,Titolare,0,0,
4,13981463,Parma,Enrico Delprato,D,Titolare,0,0,
4,13981463,Parma,Alessandro Circati,D,Titolare,0,0,
4,13981463,Parma,Abdoulaye Ndiaye,D,Titolare,0,0,
4,13981463,Parma,Pontus Almqvist,F,Titolare,0,0,
4,13981463,Parma,Mandela Keita,M,Titolare,0,0,
4,13981463,Parma,Adrián Bernabé,M,Titolare,0,0,
4,13981463,Parma,Oliver Sørensen,M,Titolare,0,0,
4,13981463,Parma,Emanuele Valeri,M,Titolare,0,0,
4,13981463,Parma,Patrick Cutrone,F,Titolare,0,0,
4,13981463,Parma,Mateo Pellegrino,F,Titolare,0,0,
4,13981463,Parma,Gaetano Oristanio,M,Panchina,0,0,
4,13981463,Parma,Mathias Løvik,D,Panchina,0,0,
4,13981463,Parma,Christian Ordoñez,M,Panchina,0,0,
4,13981463,Parma,Milan Đurić,F,Panchina,0,0,
4,13981463,Parma,Edoardo Corvi,G,Panchina,0,0,
4,13981463,Parma,Filippo Rinaldi,G,Panchina,0,0,
4,13981463,Parma,Nicolas Trabucchi,D,Panchina,0,0,
4,13981463,Parma,Mariano Troilo,D,Panchina,0,0,
4,13981463,Parma,Sascha Britschgi,D,Panchina,0,0,
4,13981463,Parma,Benjamin Cremaschi,M,Panchina,0,0,
4,13981463,Parma,Elia Plicco,M,Panchina,0,0,
4,13981463,Parma,Nahuel Estévez,M,Panchina,0,0,
4,13981463,Parma,Adrian Benedyczak,F,Panchina,0,0,
4,13981463,Parma,Tjaš Begić,F,Panchina,0,0,
5,13981459,Cagliari,Elia Caprile,G,Titolare,0,0,
5,13981459,Cagliari,Zé Pedro,D,Titolare,0,0,
5,13981459,Cagliari,Yerry Mina,D,Titolare,0,0,
5,13981459,Cagliari,Sebastiano Luperto,D,Titolare,0,0,
5,13981459,Cagliari,Marco Palestra,M,Titolare,0,0,
5,13981459,Cagliari,Michel Adopo,M,Titolare,0,0,
5,13981459,Cagliari,Alessandro Deiola,M,Titolare,0,0,
5,13981459,Cagliari,Michael Folorunsho,M,Titolare,0,0,
5,13981459,Cagliari,Adam Obert,D,Titolare,0,0,
5,13981459,Cagliari,Andrea Belotti,F,Titolare,0,0,
5,13981459,Cagliari,Sebastiano Esposito,F,Titolare,0,0,
5,13981459,Cagliari,Matteo Prati,M,Panchina,0,0,
5,13981459,Cagliari,Gianluca Gaetano,M,Panchina,0,0,
5,13981459,Cagliari,Mattia Felici,F,Panchina,0,0,
5,13981459,Cagliari,Riyad Idrissi,D,Panchina,0,0,
5,13981459,Cagliari,Gennaro Borrelli,F,Panchina,0,0,
5,13981459,Cagliari,Giuseppe Ciocci,G,Panchina,0,0,
5,13981459,Cagliari,Vincenzo Sarno,G,Panchina,0,0,
5,13981459,Cagliari,Juan Rodríguez,D,Panchina,0,0,
5,13981459,Cagliari,Luca Mazzitelli,M,Panchina,0,0,
5,13981459,Cagliari,Joseph Liteta,M,Panchina,0,0,
5,13981459,Cagliari,Marko Rog,M,Panchina,0,0,
5,13981459,Cagliari,Nicolò Cavuoti,M,Panchina,0,0,
5,13981459,Cagliari,Alessandro Di Pardo,M,Panchina,0,0,
5,13981459,Cagliari,Semih Kılıçsoy,F,Panchina,0,0,
5,13981459,Cagliari,Leonardo Pavoletti,F,Panchina,0,0,
5,13981459,Inter,Josep Martínez,G,Titolare,0,0,
5,13981459,Inter,Manuel Akanji,D,Titolare,0,0,
5,13981459,Inter,Stefan de Vrij,D,Titolare,0,0,
5,13981459,Inter,Alessandro Bastoni,D,Titolare,0,0,
5,13981459,Inter,Luís Henrique,M,Titolare,0,0,
5,13981459,Inter,Nicolò Barella,M,Titolare,0,0,
5,13981459,Inter,Hakan Çalhanoğlu,M,Titolare,0,0,
5,13981459,Inter,Henrikh Mkhitaryan,M,Titolare,0,0,
5,13981459,Inter,Carlos Augusto,D,Titolare,0,0,
5,13981459,Inter,Marcus Thuram,F,Titolare,0,0,
5,13981459,Inter,Lautaro Martínez,F,Titolare,0,0,
5,13981459,Inter,Federico Dimarco,M,Panchina,0,0,
5,13981459,Inter,Davide Frattesi,M,Panchina,0,0,
5,13981459,Inter,Francesco Pio Esposito,F,Panchina,0,0,
5,13981459,Inter,Denzel Dumfries,M,Panchina,0,0,
5,13981459,Inter,Ange-Yoan Bonny,F,Panchina,0,0,
5,13981459,Inter,Yann Sommer,G,Panchina,0,0,
5,13981459,Inter,Raffaele Di Gennaro,G,Panchina,0,0,
5,13981459,Inter,Francesco Acerbi,D,Panchina,0,0,
5,13981459,Inter,Matteo Darmian,D,Panchina,0,0,
5,13981459,Inter,Yann Bisseck,D,Panchina,0,0,
5,13981459,Inter,Tomás Palacios,D,Panchina,0,0,
5,13981459,Inter,Petar Sučić,M,Panchina,0,0,
5,13981459,Inter,Andy Diouf,M,Panchina,0,0,
5,13981459,Inter,Piotr Zieliński,M,Panchina,0,0,
5,13981462,Como,Jean Butez,G,Titolare,0,0,
5,13981462,Como,Stefan Posch,D,Titolare,0,0,
5,13981462,Como,Diego Carlos,D,Titolare,0,0,
5,13981462,Como,Jacobo Ramón,D,Titolare,0,0,
5,13981462,Como,Álex Valle,D,Titolare,0,0,
5,13981462,Como,Máximo Perrone,M,Titolare,0,0,
5,13981462,Como,Sergi Roberto,M,Titolare,0,0,
5,13981462,Como,Nicolas-Gerrit Kühn,F,Titolare,0,0,
5,13981462,Como,Nico Paz,M,Titolare,0,0,
5,13981462,Como,Jesús Rodriguez,M,Titolare,0,0,
5,13981462,Como,Anastasios Douvikas,F,Titolare,0,0,
5,13981462,Como,Lucas Da Cunha,M,Panchina,0,0,
5,13981462,Como,Marc Kempf,D,Panchina,0,0,
5,13981462,Como,Jayden Addai,M,Panchina,0,0,
5,13981462,Como,Maxence Caqueret,M,Panchina,0,0,
5,13981462,Como,Álvaro Morata,F,Panchina,0,0,
5,13981462,Como,Mauro Vigorito,G,Panchina,0,0,
5,13981462,Como,Nikola Čavlina,G,Panchina,0,0,
5,13981462,Como,Mërgim Vojvoda,D,Panchina,0,0,
5,13981462,Como,Ivan Smolčić,D,Panchina,0,0,
5,13981462,Como,Edoardo Goldaniga,D,Panchina,0,0,
5,13981462,Como,Alberto Moreno,D,Panchina,0,0,
5,13981462,Como,Martin Baturina,M,Panchina,0,0,
5,13981462,Como,Alberto Cerri,F,Panchina,0,0,
5,13981462,Cremonese,Marco Silvestri,G,Titolare,0,0,
5,13981462,Cremonese,Filippo Terracciano,D,Titolare,0,0,
5,13981462,Cremonese,Federico Baschirotto,D,Titolare,0,0,
5,13981462,Cremonese,Matteo Bianchetti,D,Titolare,0,0,
5,13981462,Cremonese,Alessio Zerbin,M,Titolare,0,0,
5,13981462,Cremonese,Warren Bondo,M,Titolare,0,0,
5,13981462,Cremonese,Alberto Grassi,M,Titolare,0,0,
5,13981462,Cremonese,Martín Payero,M,Titolare,0,0,
5,13981462,Cremonese,Giuseppe Pezzella,M,Titolare,0,0,
5,13981462,Cremonese,Federico Bonazzoli,F,Titolare,0,0,
5,13981462,Cremonese,Dennis Johnsen,F,Titolare,0,0,
5,13981462,Cremonese,Romano Floriani Mussolini,M,Panchina,0,0,
5,13981462,Cremonese,Franco Vázquez,M,Panchina,0,0,
5,13981462,Cremonese,Antonio Sanabria,F,Panchina,0,0,
5,13981462,Cremonese,Jari Vandeputte,M,Panchina,0,0,
5,13981462,Cremonese,Jeremy Sarmiento,M,Panchina,0,0,
5,13981462,Cremonese,Lapo Nava,G,Panchina,0,0,
5,13981462,Cremonese,Emil Audero,G,Panchina,0,0,
5,13981462,Cremonese,Federico Ceccherini,D,Panchina,0,0,
5,13981462,Cremonese,Mikayil Faye,D,Panchina,0,0,
5,13981462,Cremonese,Francesco Folino,D,Panchina,0,0,
5,13981462,Cremonese,Tommaso Barbieri,M,Panchina,0,0,
5,13981462,Cremonese,Dachi Lordkipanidze,M,Panchina,0,0,
5,13981462,Cremonese,Jamie Vardy,F,Panchina,0,0,
5,13981464,Genoa,Nicola Leali,G,Titolare,0,0,
5,13981464,Genoa,Brooke Norton-Cuffy,D,Titolare,0,0,
5,13981464,Genoa,Leo Østigård,D,Titolare,0,0,
5,13981464,Genoa,Johan Vásquez,D,Titolare,0,0,
5,13981464,Genoa,Aarón Martín,M,Titolare,0,0,
5,13981464,Genoa,Patrizio Masini,M,Titolare,0,0,
5,13981464,Genoa,Morten Frendrup,M,Titolare,0,0,
5,13981464,Genoa,Mikael Ellertsson,M,Titolare,0,0,
5,13981464,Genoa,Ruslan Malinovskyi,M,Titolare,0,0,
5,13981464,Genoa,Vitinha,F,Titolare,0,0,
5,13981464,Genoa,Lorenzo Colombo,F,Titolare,0,0,
5,13981464,Genoa,Valentín Carboni,M,Panchina,0,0,
5,13981464,Genoa,Nicolae Stanciu,M,Panchina,0,0,
5,13981464,Genoa,Caleb Ekuban,F,Panchina,0,0,
5,13981464,Genoa,Jeff Ekhator,F,Panchina,0,0,
5,13981464,Genoa,Lorenzo Venturino,F,Panchina,0,0,
5,13981464,Genoa,Benjamin Siegrist,G,Panchina,0,0,
5,13981464,Genoa,Daniele Sommariva,G,Panchina,0,0,
5,13981464,Genoa,Alessandro Marcandalli,D,Panchina,0,0,
5,13981464,Genoa,Sebastian Otoa,D,Panchina,0,0,
5,13981464,Genoa,Morten Thorsby,M,Panchina,0,0,
5,13981464,Genoa,Stefano Sabelli,M,Panchina,0,0,
5,13981464,Genoa,Albert Grønbæk,M,Panchina,0,0,
5,13981464,Genoa,Hugo Cuenca,M,Panchina,0,0,
5,13981464,Genoa,Seydou Fini,F,Panchina,0,0,
5,13981464,Genoa,Maxwel Cornet,F,Panchina,0,0,
5,13981464,Lazio,Ivan Provedel,G,Titolare,0,0,
5,13981464,Lazio,Adam Marušić,D,Titolare,0,0,
5,13981464,Lazio,Mario Gila,D,Titolare,0,0,
5,13981464,Lazio,Alessio Romagnoli,D,Titolare,0,0,
5,13981464,Lazio,Luca Pellegrini,D,Titolare,0,0,
5,13981464,Lazio,Danilo Cataldi,M,Titolare,0,0,
5,13981464,Lazio,Toma Bašić,M,Titolare,0,0,
5,13981464,Lazio,Matteo Cancellieri,F,Titolare,0,0,
5,13981464,Lazio,Boulaye Dia,F,Titolare,0,0,
5,13981464,Lazio,Mattia Zaccagni,F,Titolare,0,0,
5,13981464,Lazio,Valentín Castellanos,F,Titolare,0,0,
5,13981464,Lazio,Elseid Hysaj,D,Panchina,0,0,
5,13981464,Lazio,Nuno Tavares,D,Panchina,0,0,
5,13981464,Lazio,Patric,D,Panchina,0,0,
5,13981464,Lazio,Oliver Provstgaard,D,Panchina,0,0,
5,13981464,Lazio,Pedro,F,Panchina,0,0,
5,13981464,Lazio,Christos Mandas,G,Panchina,0,0,
5,13981464,Lazio,Alessio Furlanetto,G,Panchina,0,0,
5,13981464,Lazio,Pietro Pinelli,M,Panchina,0,0,
5,13981464,Lazio,Valerio Farcomeni,M,Panchina,0,0,
5,13981464,Lazio,Gustav Isaksen,F,Panchina,0,0,
5,13981464,Lazio,Tijjani Noslin,F,Panchina,0,0,
5,13981465,Juventus,Michele Di Gregorio,G,Titolare,0,0,
5,13981465,Juventus,Federico Gatti,D,Titolare,0,0,
5,13981465,Juventus,Bremer,D,Titolare,0,0,
5,13981465,Juventus,Lloyd Kelly,D,Titolare,0,0,
5,13981465,Juventus,Pierre Kalulu,D,Titolare,0,0,
5,13981465,Juventus,Teun Koopmeiners,M,Titolare,0,0,
5,13981465,Juventus,Khéphren Thuram,M,Titolare,0,0,
5,13981465,Juventus,Andrea Cambiaso,M,Titolare,0,0,
5,13981465,Juventus,Vasilije Adžić,M,Titolare,0,0,
5,13981465,Juventus,Kenan Yıldız,F,Titolare,0,0,
5,13981465,Juventus,Loïs Openda,F,Titolare,0,0,
5,13981465,Juventus,Weston McKennie,M,Panchina,0,0,
5,13981465,Juventus,Dušan Vlahović,F,Panchina,0,0,
5,13981465,Juventus,Edon Zhegrova,F,Panchina,0,0,
5,13981465,Juventus,João Mário,D,Panchina,0,0,
5,13981465,Juventus,Juan Cabal,D,Panchina,0,0,
5,13981465,Juventus,Carlo Pinsoglio,G,Panchina,0,0,
5,13981465,Juventus,Mattia Perin,G,Panchina,0,0,
5,13981465,Juventus,Daniele Rugani,D,Panchina,0,0,
5,13981465,Juventus,Manuel Locatelli,M,Panchina,0,0,
5,13981465,Juventus,Filip Kostić,M,Panchina,0,0,
5,13981465,Juventus,Jonathan David,F,Panchina,0,0,
5,13981465,Atalanta,Marco Carnesecchi,G,Titolare,0,0,
5,13981465,Atalanta,Odilon Kossounou,D,Titolare,0,0,
5,13981465,Atalanta,Berat Djimsiti,D,Titolare,0,0,
5,13981465,Atalanta,Honest Ahanor,D,Titolare,0,0,
5,13981465,Atalanta,Raoul Bellanova,M,Titolare,0,0,
5,13981465,Atalanta,Marten de Roon,M,Titolare,0,0,
5,13981465,Atalanta,Mario Pašalić,M,Titolare,0,0,
5,13981465,Atalanta,Davide Zappacosta,M,Titolare,0,0,
5,13981465,Atalanta,Lazar Samardžić,M,Titolare,0,0,
5,13981465,Atalanta,Kamaldeen Sulemana,F,Titolare,0,0,
5,13981465,Atalanta,Nikola Krstović,F,Titolare,0,0,
5,13981465,Atalanta,Charles De Ketelaere,F,Panchina,0,0,
5,13981465,Atalanta,Yunus Musah,M,Panchina,0,0,
5,13981465,Atalanta,Marco Brescianini,M,Panchina,0,0,
5,13981465,Atalanta,Marco Sportiello,G,Panchina,0,0,
5,13981465,Atalanta,Francesco Rossi,G,Panchina,0,0,
5,13981465,Atalanta,Relja Obrić,D,Panchina,0,0,
5,13981465,Atalanta,Éderson,M,Panchina,0,0,
5,13981465,Atalanta,Lorenzo Bernasconi,M,Panchina,0,0,
5,13981465,Atalanta,Daniel Maldini,F,Panchina,0,0,
5,13981465,Atalanta,Ademola Lookman,F,Panchina,0,0,
5,13981466,Parma,Zion Suzuki,G,Titolare,0,0,
5,13981466,Parma,Enrico Delprato,D,Titolare,0,0,
5,13981466,Parma,Alessandro Circati,D,Titolare,0,0,
5,13981466,Parma,Abdoulaye Ndiaye,D,Titolare,0,0,
5,13981466,Parma,Sascha Britschgi,D,Titolare,0,0,
5,13981466,Parma,Adrián Bernabé,M,Titolare,0,0,
5,13981466,Parma,Mandela Keita,M,Titolare,0,0,
5,13981466,Parma,Emanuele Valeri,M,Titolare,0,0,
5,13981466,Parma,Gaetano Oristanio,M,Titolare,0,0,
5,13981466,Parma,Patrick Cutrone,F,Titolare,0,0,
5,13981466,Parma,Mateo Pellegrino,F,Titolare,0,0,
5,13981466,Parma,Adrian Benedyczak,F,Panchina,0,0,
5,13981466,Parma,Oliver Sørensen,M,Panchina,0,0,
5,13981466,Parma,Nahuel Estévez,M,Panchina,0,0,
5,13981466,Parma,Milan Đurić,F,Panchina,0,0,
5,13981466,Parma,Filippo Rinaldi,G,Panchina,0,0,
5,13981466,Parma,Edoardo Corvi,G,Panchina,0,0,
5,13981466,Parma,Mathias Løvik,D,Panchina,0,0,
5,13981466,Parma,Nicolas Trabucchi,D,Panchina,0,0,
5,13981466,Parma,Mariano Troilo,D,Panchina,0,0,
5,13981466,Parma,Christian Ordoñez,M,Panchina,0,0,
5,13981466,Parma,Elia Plicco,M,Panchina,0,0,
5,13981466,Parma,Pontus Almqvist,F,Panchina,0,0,
5,13981466,Parma,Tjaš Begić,F,Panchina,0,0,
5,13981466,Torino,Franco Israel,G,Titolare,0,0,
5,13981466,Torino,Ardian Ismajli,D,Titolare,0,0,
5,13981466,Torino,Guillermo Maripán,D,Titolare,0,0,
5,13981466,Torino,Saúl Coco,D,Titolare,0,0,
5,13981466,Torino,Valentino Lazaro,M,Titolare,0,0,
5,13981466,Torino,Cesare Casadei,M,Titolare,0,0,
5,13981466,Torino,Kristjan Asllani,M,Titolare,0,0,
5,13981466,Torino,Niels Nkounkou,D,Titolare,0,0,
5,13981466,Torino,Cyril Ngonge,F,Titolare,0,0,
5,13981466,Torino,Giovanni Simeone,F,Titolare,0,0,
5,13981466,Torino,Nikola Vlašić,M,Titolare,0,0,
5,13981466,Torino,Cristiano Biraghi,D,Panchina,0,0,
5,13981466,Torino,Adrien Tameze,D,Panchina,0,0,
5,13981466,Torino,Che Adams,F,Panchina,0,0,
5,13981466,Torino,Alieu Njie,F,Panchina,0,0,
5,13981466,Torino,Zakaria Aboukhlal,F,Panchina,0,0,
5,13981466,Torino,Alberto Paleari,G,Panchina,0,0,
5,13981466,Torino,Mihai Popa,G,Panchina,0,0,
5,13981466,Torino,Ali Dembélé,D,Panchina,0,0,
5,13981466,Torino,Adam Masina,D,Panchina,0,0,
5,13981466,Torino,Marcus Pedersen,M,Panchina,0,0,
5,13981466,Torino,Gvidas Gineitis,M,Panchina,0,0,
5,13981466,Torino,Emirhan İlkhan,M,Panchina,0,0,
5,13981466,Torino,Duván Zapata,F,Panchina,0,0,
5,13981467,Pisa,Adrian Šemper,G,Titolare,0,0,
5,13981467,Pisa,Simone Canestrelli,D,Titolare,0,0,
5,13981467,Pisa,Antonio Caracciolo,D,Titolare,0,0,
5,13981467,Pisa,Giovanni Bonfanti,D,Titolare,0,0,
5,13981467,Pisa,Idrissa Touré,M,Titolare,0,0,
5,13981467,Pisa,Marius Marin,M,Titolare,0,0,
5,13981467,Pisa,Michel Aebischer,M,Titolare,0,0,
5,13981467,Pisa,Ebenezer Akinsanmiro,M,Titolare,0,0,
5,13981467,Pisa,Mehdi Léris,M,Titolare,0,0,
5,13981467,Pisa,Matteo Tramoni,F,Titolare,0,0,
5,13981467,Pisa,M'bala Nzola,F,Titolare,0,0,
5,13981467,Pisa,Malthe Højholt,M,Panchina,0,0,
5,13981467,Pisa,Juan Cuadrado,M,Panchina,0,0,
5,13981467,Pisa,Isak Vural,M,Panchina,0,0,
5,13981467,Pisa,Henrik Wendel Meister,F,Panchina,0,0,
5,13981467,Pisa,Stefano Moreo,F,Panchina,0,0,
5,13981467,Pisa,Nícolas,G,Panchina,0,0,
5,13981467,Pisa,Simone Scuffet,G,Panchina,0,0,
5,13981467,Pisa,Mateus Lusuardi,D,Panchina,0,0,
5,13981467,Pisa,Jeremy Kandje Mbambi,D,Panchina,0,0,
5,13981467,Pisa,Raúl Albiol,D,Panchina,0,0,
5,13981467,Pisa,Arturo Calabresi,D,Panchina,0,0,
5,13981467,Pisa,Samuele Angori,M,Panchina,0,0,
5,13981467,Pisa,Lorran,M,Panchina,0,0,
5,13981467,Pisa,Gabriele Piccinini,M,Panchina,0,0,
5,13981467,Pisa,Louis Buffon,F,Panchina,0,0,
5,13981467,Fiorentina,David De Gea,G,Titolare,0,0,
5,13981467,Fiorentina,Marin Pongračić,D,Titolare,0,0,
5,13981467,Fiorentina,Pablo Marí,D,Titolare,0,0,
5,13981467,Fiorentina,Luca Ranieri,D,Titolare,0,0,
5,13981467,Fiorentina,Dodô,M,Titolare,0,0,
5,13981467,Fiorentina,Rolando Mandragora,M,Titolare,0,0,
5,13981467,Fiorentina,Hans Nicolussi Caviglia,M,Titolare,0,0,
5,13981467,Fiorentina,Robin Gosens,D,Titolare,0,0,
5,13981467,Fiorentina,Jacopo Fazzini,F,Titolare,0,0,
5,13981467,Fiorentina,Albert Guðmundsson,F,Titolare,0,0,
5,13981467,Fiorentina,Moise Kean,F,Titolare,0,0,
5,13981467,Fiorentina,Roberto Piccoli,F,Panchina,0,0,
5,13981467,Fiorentina,Simon Sohm,M,Panchina,0,0,
5,13981467,Fiorentina,Edin Džeko,F,Panchina,0,0,
5,13981467,Fiorentina,Luca Lezzerini,G,Panchina,0,0,
5,13981467,Fiorentina,Tommaso Martinelli,G,Panchina,0,0,
5,13981467,Fiorentina,Mattia Viti,D,Panchina,0,0,
5,13981467,Fiorentina,Fabiano Parisi,D,Panchina,0,0,
5,13981467,Fiorentina,Niccolò Fortini,D,Panchina,0,0,
5,13981467,Fiorentina,Pietro Comuzzo,D,Panchina,0,0,
5,13981467,Fiorentina,Eddy Kouadio,D,Panchina,0,0,
5,13981467,Fiorentina,Nicolò Fagioli,M,Panchina,0,0,
5,13981467,Fiorentina,Abdelhamid Sabiri,M,Panchina,0,0,
5,13981467,Fiorentina,Cher Ndour,M,Panchina,0,0,
5,13981467,Fiorentina,Amir Richardson,M,Panchina,0,0,
5,13981468,Lecce,Wladimiro Falcone,G,Titolare,0,0,
5,13981468,Lecce,Christ-Owen Kouassi,D,Titolare,0,0,
5,13981468,Lecce,Kialonda Gaspar,D,Titolare,0,0,
5,13981468,Lecce,Tiago Gabriel,D,Titolare,0,0,
5,13981468,Lecce,Antonino Gallo,D,Titolare,0,0,
5,13981468,Lecce,Lassana Coulibaly,M,Titolare,0,0,
5,13981468,Lecce,Ylber Ramadani,M,Titolare,0,0,
5,13981468,Lecce,Medon Berisha,M,Titolare,0,0,
5,13981468,Lecce,Santiago Pierotti,F,Titolare,0,0,
5,13981468,Lecce,Nikola Štulić,F,Titolare,0,0,
5,13981468,Lecce,Tete Morente,F,Titolare,0,0,
5,13981468,Lecce,Danilo Veiga,D,Panchina,0,0,
5,13981468,Lecce,Francesco Camarda,F,Panchina,0,0,
5,13981468,Lecce,Corrie Ndaba,D,Panchina,0,0,
5,13981468,Lecce,Lameck Banda,M,Panchina,0,0,
5,13981468,Lecce,N'Dri Konan,F,Panchina,0,0,
5,13981468,Lecce,Jasper Samooja,G,Panchina,0,0,
5,13981468,Lecce,Christian Früchtl,G,Panchina,0,0,
5,13981468,Lecce,Jamil Siebert,D,Panchina,0,0,
5,13981468,Lecce,Mohamed Kaba,M,Panchina,0,0,
5,13981468,Lecce,Niko Kovač,M,Panchina,0,0,
5,13981468,Lecce,Þórir Jóhann Helgason,M,Panchina,0,0,
5,13981468,Lecce,Alex Sala,M,Panchina,0,0,
5,13981468,Lecce,Riccardo Sottil,F,Panchina,0,0,
5,13981468,Bologna,Łukasz Skorupski,G,Titolare,0,0,
5,13981468,Bologna,Emil Holm,D,Titolare,0,0,
5,13981468,Bologna,Jhon Lucumí,D,Titolare,0,0,
5,13981468,Bologna,Torbjørn Heggem,D,Titolare,0,0,
5,13981468,Bologna,Juan Miranda,D,Titolare,0,0,
5,13981468,Bologna,Lewis Ferguson,M,Titolare,0,0,
5,13981468,Bologna,Nikola Moro,M,Titolare,0,0,
5,13981468,Bologna,Riccardo Orsolini,M,Titolare,0,0,
5,13981468,Bologna,Giovanni Fabbian,M,Titolare,0,0,
5,13981468,Bologna,Jonathan Rowe,F,Titolare,0,0,
5,13981468,Bologna,Thijs Dallinga,F,Titolare,0,0,
5,13981468,Bologna,Federico Bernardeschi,F,Panchina,0,0,
5,13981468,Bologna,Jens Odgaard,M,Panchina,0,0,
5,13981468,Bologna,Nicolò Cambiaghi,F,Panchina,0,0,
5,13981468,Bologna,Santiago Castro,F,Panchina,0,0,
5,13981468,Bologna,Lorenzo De Silvestri,D,Panchina,0,0,
5,13981468,Bologna,Massimo Pessina,G,Panchina,0,0,
5,13981468,Bologna,Federico Ravaglia,G,Panchina,0,0,
5,13981468,Bologna,Nadir Zortea,D,Panchina,0,0,
5,13981468,Bologna,Charalampos Lykogiannis,D,Panchina,0,0,
5,13981468,Bologna,Martin Vitík,D,Panchina,0,0,
5,13981468,Bologna,Tommaso Pobega,M,Panchina,0,0,
5,13981468,Bologna,Remo Freuler,M,Panchina,0,0,
5,13981468,Bologna,Benjamín Domínguez,M,Panchina,0,0,
5,13981469,AS Roma,Mile Svilar,G,Titolare,0,0,
5,13981469,AS Roma,Zeki Çelik,D,Titolare,0,0,
5,13981469,AS Roma,Gianluca Mancini,D,Titolare,0,0,
5,13981469,AS Roma,Evan Ndicka,D,Titolare,0,0,
5,13981469,AS Roma,Wesley,M,Titolare,0,0,
5,13981469,AS Roma,Manu Koné,M,Titolare,0,0,
5,13981469,AS Roma,Bryan Cristante,M,Titolare,0,0,
5,13981469,AS Roma,Angeliño,M,Titolare,0,0,
5,13981469,AS Roma,Matías Soulé,F,Titolare,0,0,
5,13981469,AS Roma,Lorenzo Pellegrini,F,Titolare,0,0,
5,13981469,AS Roma,Artem Dovbyk,F,Titolare,0,0,
5,13981469,AS Roma,Mario Hermoso,D,Panchina,0,0,
5,13981469,AS Roma,Kostas Tsimikas,D,Panchina,0,0,
5,13981469,AS Roma,Evan Ferguson,F,Panchina,0,0,
5,13981469,AS Roma,Jan Ziółkowski,D,Panchina,0,0,
5,13981469,AS Roma,Stephan El Shaarawy,F,Panchina,0,0,
5,13981469,AS Roma,Pierluigi Gollini,G,Panchina,0,0,
5,13981469,AS Roma,Devis Vásquez,G,Panchina,0,0,
5,13981469,AS Roma,Daniele Ghilardi,D,Panchina,0,0,
5,13981469,AS Roma,Buba Sangaré,D,Panchina,0,0,
5,13981469,AS Roma,Devyne Rensch,M,Panchina,0,0,
5,13981469,AS Roma,Neil El Aynaoui,M,Panchina,0,0,
5,13981469,AS Roma,Niccolò Pisilli,M,Panchina,0,0,
5,13981469,AS Roma,Tommaso Baldanzi,M,Panchina,0,0,
5,13981469,Hellas Verona,Lorenzo Montipò,G,Titolare,0,0,
5,13981469,Hellas Verona,Unai Núñez,D,Titolare,0,0,
5,13981469,Hellas Verona,Victor Nelsson,D,Titolare,0,0,
5,13981469,Hellas Verona,Martin Frese,D,Titolare,0,0,
5,13981469,Hellas Verona,Rafik Belghali,M,Titolare,0,0,
5,13981469,Hellas Verona,Suat Serdar,M,Titolare,0,0,
5,13981469,Hellas Verona,Jean Daniel Akpa-Akpro,M,Titolare,0,0,
5,13981469,Hellas Verona,Antoine Bernede,M,Titolare,0,0,
5,13981469,Hellas Verona,Domagoj Bradarić,M,Titolare,0,0,
5,13981469,Hellas Verona,Giovane,F,Titolare,0,0,
5,13981469,Hellas Verona,Gift Orban,F,Titolare,0,0,
5,13981469,Hellas Verona,Roberto Gagliardini,M,Panchina,0,0,
5,13981469,Hellas Verona,Amin Sarr,F,Panchina,0,0,
5,13981469,Hellas Verona,Armel Bella-Kotchap,D,Panchina,0,0,
5,13981469,Hellas Verona,Fallou Cham,D,Panchina,0,0,
5,13981469,Hellas Verona,Grigoris Kastanos,M,Panchina,0,0,
5,13981469,Hellas Verona,Mirko Castagnini,G,Panchina,0,0,
5,13981469,Hellas Verona,Simone Perilli,G,Panchina,0,0,
5,13981469,Hellas Verona,Tobias Slotsager,D,Panchina,0,0,
5,13981469,Hellas Verona,Enzo Ebosse,D,Panchina,0,0,
5,13981469,Hellas Verona,Luca Monticelli,M,Panchina,0,0,
5,13981469,Hellas Verona,Moatasem Al-Musrati,M,Panchina,0,0,
5,13981469,Hellas Verona,Yellu Santiago,M,Panchina,0,0,
5,13981469,Hellas Verona,Cheikh Niasse,M,Panchina,0,0,
5,13981469,Hellas Verona,Junior Ajayi,F,Panchina,0,0,
5,13981472,AC Milan,Mike Maignan,G,Titolare,0,0,
5,13981472,AC Milan,Fikayo Tomori,D,Titolare,0,0,
5,13981472,AC Milan,Matteo Gabbia,D,Titolare,0,0,
5,13981472,AC Milan,Strahinja Pavlović,D,Titolare,0,0,
5,13981472,AC Milan,Alexis Saelemaekers,M,Titolare,0,0,
5,13981472,AC Milan,Youssouf Fofana,M,Titolare,0,0,
5,13981472,AC Milan,Luka Modrić,M,Titolare,0,0,
5,13981472,AC Milan,Adrien Rabiot,M,Titolare,0,0,
5,13981472,AC Milan,Pervis Estupiñán,M,Titolare,0,0,
5,13981472,AC Milan,Santiago Giménez,F,Titolare,0,0,
5,13981472,AC Milan,Christian Pulišić,F,Titolare,0,0,
5,13981472,AC Milan,Davide Bartesaghi,M,Panchina,0,0,
5,13981472,AC Milan,Zachary Athekame,D,Panchina,0,0,
5,13981472,AC Milan,Rafael Leão,F,Panchina,0,0,
5,13981472,AC Milan,Koni De Winter,D,Panchina,0,0,
5,13981472,AC Milan,Ruben Loftus-Cheek,M,Panchina,0,0,
5,13981472,AC Milan,Pietro Terracciano,G,Panchina,0,0,
5,13981472,AC Milan,Matteo Pittarella,G,Panchina,0,0,
5,13981472,AC Milan,David Odogu,D,Panchina,0,0,
5,13981472,AC Milan,Samuele Ricci,M,Panchina,0,0,
5,13981472,AC Milan,Christopher Nkunku,F,Panchina,0,0,
5,13981472,SSC Napoli,Alex Meret,G,Titolare,0,0,
5,13981472,SSC Napoli,Giovanni Di Lorenzo,D,Titolare,0,0,
5,13981472,SSC Napoli,Luca Marianucci,D,Titolare,0,0,
5,13981472,SSC Napoli,Juan Jesus,D,Titolare,0,0,
5,13981472,SSC Napoli,Miguel Gutiérrez,D,Titolare,0,0,
5,13981472,SSC Napoli,Stanislav Lobotka,M,Titolare,0,0,
5,13981472,SSC Napoli,Matteo Politano,M,Titolare,0,0,
5,13981472,SSC Napoli,Frank Anguissa,M,Titolare,0,0,
5,13981472,SSC Napoli,Scott McTominay,M,Titolare,0,0,
5,13981472,SSC Napoli,Kevin De Bruyne,M,Titolare,0,0,
5,13981472,SSC Napoli,Rasmus Højlund,F,Titolare,0,0,
5,13981472,SSC Napoli,Eljif Elmas,M,Panchina,0,0,
5,13981472,SSC Napoli,David Neres,F,Panchina,0,0,
5,13981472,SSC Napoli,Lorenzo Lucca,F,Panchina,0,0,
5,13981472,SSC Napoli,Noa Lang,F,Panchina,0,0,
5,13981472,SSC Napoli,Billy Gilmour,M,Panchina,0,0,
5,13981472,SSC Napoli,Mathias Ferrante,G,Panchina,0,0,
5,13981472,SSC Napoli,Vanja Milinković-Savić,G,Panchina,0,0,
5,13981472,SSC Napoli,Sam Beukema,D,Panchina,0,0,
5,13981472,SSC Napoli,Pasquale Mazzocchi,M,Panchina,0,0,
5,13981472,SSC Napoli,Giuseppe Ambrosino,F,Panchina,0,0,
5,13981472,SSC Napoli,Antonio Vergara,F,Panchina,0,0,
5,13981476,Sassuolo,Arijanet Murić,G,Titolare,0,0,
5,13981476,Sassuolo,Sebastian Walukiewicz,D,Titolare,0,0,
5,13981476,Sassuolo,Jay Idzes,D,Titolare,0,0,
5,13981476,Sassuolo,Tarik Muharemović,D,Titolare,0,0,
5,13981476,Sassuolo,Josh Doig,D,Titolare,0,0,
5,13981476,Sassuolo,Aster Vranckx,M,Titolare,0,0,
5,13981476,Sassuolo,Nemanja Matić,M,Titolare,0,0,
5,13981476,Sassuolo,Ismael Koné,M,Titolare,0,0,
5,13981476,Sassuolo,Domenico Berardi,F,Titolare,0,0,
5,13981476,Sassuolo,Andrea Pinamonti,F,Titolare,0,0,
5,13981476,Sassuolo,Armand Laurienté,F,Titolare,0,0,
5,13981476,Sassuolo,Kristian Thorstvedt,M,Panchina,0,0,
5,13981476,Sassuolo,Alieu Fadera,F,Panchina,0,0,
5,13981476,Sassuolo,Edoardo Iannoni,M,Panchina,0,0,
5,13981476,Sassuolo,Woyo Coulibaly,D,Panchina,0,0,
5,13981476,Sassuolo,Walid Cheddira,F,Panchina,0,0,
5,13981476,Sassuolo,Giacomo Satalino,G,Panchina,0,0,
5,13981476,Sassuolo,Stefano Turati,G,Panchina,0,0,
5,13981476,Sassuolo,Edoardo Pieragnolo,D,Panchina,0,0,
5,13981476,Sassuolo,Filippo Romagna,D,Panchina,0,0,
5,13981476,Sassuolo,Fali Candé,D,Panchina,0,0,
5,13981476,Sassuolo,Luca Lipani,M,Panchina,0,0,
5,13981476,Sassuolo,Daniel Boloca,M,Panchina,0,0,
5,13981476,Sassuolo,Cristian Volpato,M,Panchina,0,0,
5,13981476,Sassuolo,Luca Moro,F,Panchina,0,0,
5,13981476,Sassuolo,Laurs Skjellerup,F,Panchina,0,0,
5,13981476,Udinese,Răzvan Sava,G,Titolare,0,0,
5,13981476,Udinese,Matteo Palma,D,Titolare,0,0,
5,13981476,Udinese,Thomas Kristensen,D,Titolare,0,0,
5,13981476,Udinese,Oumar Solet,D,Titolare,0,0,
5,13981476,Udinese,Alessandro Zanoli,M,Titolare,0,0,
5,13981476,Udinese,Jakub Piotrowski,M,Titolare,0,0,
5,13981476,Udinese,Jesper Karlström,M,Titolare,0,0,
5,13981476,Udinese,Arthur Atta,M,Titolare,0,0,
5,13981476,Udinese,Jordan Zemura,M,Titolare,0,0,
5,13981476,Udinese,Nicolò Zaniolo,F,Titolare,0,0,
5,13981476,Udinese,Keinan Davis,F,Titolare,0,0,
5,13981476,Udinese,Kingsley Ehizibue,M,Panchina,0,0,
5,13981476,Udinese,Lennon Miller,M,Panchina,0,0,
5,13981476,Udinese,Jürgen Ekkelenkamp,M,Panchina,0,0,
5,13981476,Udinese,Idrissa Gueye,F,Panchina,0,0,
5,13981476,Udinese,Sandi Lovrić,M,Panchina,0,0,
5,13981476,Udinese,Gioele Venuti,G,Panchina,0,0,
5,13981476,Udinese,Daniele Padelli,G,Panchina,0,0,
5,13981476,Udinese,Nicolò Bertola,D,Panchina,0,0,
5,13981476,Udinese,Saba Goglichidze,D,Panchina,0,0,
5,13981476,Udinese,Christian Kabasele,D,Panchina,0,0,
5,13981476,Udinese,Hassane Kamara,M,Panchina,0,0,
5,13981476,Udinese,Abdoulaye Camara,M,Panchina,0,0,
5,13981476,Udinese,Oier Zarraga,M,Panchina,0,0,
5,13981476,Udinese,Rui Modesto,M,Panchina,0,0,
6,13981470,Bologna,Łukasz Skorupski,G,Titolare,0,0,
6,13981470,Bologna,Nadir Zortea,D,Titolare,0,0,
6,13981470,Bologna,Torbjørn Heggem,D,Titolare,0,0,
6,13981470,Bologna,Jhon Lucumí,D,Titolare,0,0,
6,13981470,Bologna,Juan Miranda,D,Titolare,0,0,
6,13981470,Bologna,Nikola Moro,M,Titolare,0,0,
6,13981470,Bologna,Remo Freuler,M,Titolare,0,0,
6,13981470,Bologna,Riccardo Orsolini,M,Titolare,0,0,
6,13981470,Bologna,Jens Odgaard,M,Titolare,0,0,
6,13981470,Bologna,Nicolò Cambiaghi,F,Titolare,0,0,
6,13981470,Bologna,Thijs Dallinga,F,Titolare,0,0,
6,13981470,Bologna,Federico Bernardeschi,F,Panchina,0,0,
6,13981470,Bologna,Giovanni Fabbian,M,Panchina,0,0,
6,13981470,Bologna,Jonathan Rowe,F,Panchina,0,0,
6,13981470,Bologna,Tommaso Pobega,M,Panchina,0,0,
6,13981470,Bologna,Benjamín Domínguez,M,Panchina,0,0,
6,13981470,Bologna,Massimo Pessina,G,Panchina,0,0,
6,13981470,Bologna,Federico Ravaglia,G,Panchina,0,0,
6,13981470,Bologna,Lorenzo De Silvestri,D,Panchina,0,0,
6,13981470,Bologna,Nicolò Casale,D,Panchina,0,0,
6,13981470,Bologna,Martin Vitík,D,Panchina,0,0,
6,13981470,Bologna,Charalampos Lykogiannis,D,Panchina,0,0,
6,13981470,Bologna,Emil Holm,D,Panchina,0,0,
6,13981470,Bologna,Lewis Ferguson,M,Panchina,0,0,
6,13981470,Bologna,Santiago Castro,F,Panchina,0,0,
6,13981470,Pisa,Adrian Šemper,G,Titolare,0,0,
6,13981470,Pisa,Simone Canestrelli,D,Titolare,0,0,
6,13981470,Pisa,Antonio Caracciolo,D,Titolare,0,0,
6,13981470,Pisa,Giovanni Bonfanti,D,Titolare,0,0,
6,13981470,Pisa,Idrissa Touré,M,Titolare,0,0,
6,13981470,Pisa,Isak Vural,M,Titolare,0,0,
6,13981470,Pisa,Marius Marin,M,Titolare,0,0,
6,13981470,Pisa,Ebenezer Akinsanmiro,M,Titolare,0,0,
6,13981470,Pisa,Mehdi Léris,M,Titolare,0,0,
6,13981470,Pisa,M'bala Nzola,F,Titolare,0,0,
6,13981470,Pisa,Matteo Tramoni,F,Titolare,0,0,
6,13981470,Pisa,Samuele Angori,M,Panchina,0,0,
6,13981470,Pisa,Henrik Wendel Meister,F,Panchina,0,0,
6,13981470,Pisa,Juan Cuadrado,M,Panchina,0,0,
6,13981470,Pisa,Arturo Calabresi,D,Panchina,0,0,
6,13981470,Pisa,Louis Buffon,F,Panchina,0,0,
6,13981470,Pisa,Nícolas,G,Panchina,0,0,
6,13981470,Pisa,Simone Scuffet,G,Panchina,0,0,
6,13981470,Pisa,Jeremy Kandje Mbambi,D,Panchina,0,0,
6,13981470,Pisa,Raúl Albiol,D,Panchina,0,0,
6,13981470,Pisa,Mateus Lusuardi,D,Panchina,0,0,
6,13981470,Pisa,Lorran,M,Panchina,0,0,
6,13981470,Pisa,Giacomo Maucci,M,Panchina,0,0,
6,13981470,Pisa,Gabriele Piccinini,M,Panchina,0,0,
6,13981470,Pisa,Malthe Højholt,M,Panchina,0,0,
6,13981470,Pisa,Stefano Moreo,F,Panchina,0,0,
6,13981471,Juventus,Michele Di Gregorio,G,Titolare,0,0,
6,13981471,Juventus,Federico Gatti,D,Titolare,0,0,
6,13981471,Juventus,Daniele Rugani,D,Titolare,0,0,
6,13981471,Juventus,Lloyd Kelly,D,Titolare,0,0,
6,13981471,Juventus,Pierre Kalulu,D,Titolare,0,0,
6,13981471,Juventus,Weston McKennie,M,Titolare,0,0,
6,13981471,Juventus,Manuel Locatelli,M,Titolare,0,0,
6,13981471,Juventus,Andrea Cambiaso,M,Titolare,0,0,
6,13981471,Juventus,Francisco Conceição,F,Titolare,0,0,
6,13981471,Juventus,Kenan Yıldız,F,Titolare,0,0,
6,13981471,Juventus,Jonathan David,F,Titolare,0,0,
6,13981471,Juventus,Khéphren Thuram,M,Panchina,0,0,
6,13981471,Juventus,Loïs Openda,F,Panchina,0,0,
6,13981471,Juventus,Dušan Vlahović,F,Panchina,0,0,
6,13981471,Juventus,Filip Kostić,M,Panchina,0,0,
6,13981471,Juventus,Carlo Pinsoglio,G,Panchina,0,0,
6,13981471,Juventus,Mattia Perin,G,Panchina,0,0,
6,13981471,Juventus,Pedro Felipe,D,Panchina,0,0,
6,13981471,Juventus,João Mário,D,Panchina,0,0,
6,13981471,Juventus,Vasilije Adžić,M,Panchina,0,0,
6,13981471,Juventus,Teun Koopmeiners,M,Panchina,0,0,
6,13981471,Juventus,Edon Zhegrova,F,Panchina,0,0,
6,13981471,AC Milan,Mike Maignan,G,Titolare,0,0,
6,13981471,AC Milan,Fikayo Tomori,D,Titolare,0,0,
6,13981471,AC Milan,Matteo Gabbia,D,Titolare,0,0,
6,13981471,AC Milan,Strahinja Pavlović,D,Titolare,0,0,
6,13981471,AC Milan,Alexis Saelemaekers,M,Titolare,0,0,
6,13981471,AC Milan,Youssouf Fofana,M,Titolare,0,0,
6,13981471,AC Milan,Luka Modrić,M,Titolare,0,0,
6,13981471,AC Milan,Adrien Rabiot,M,Titolare,0,0,
6,13981471,AC Milan,Davide Bartesaghi,M,Titolare,0,0,
6,13981471,AC Milan,Santiago Giménez,F,Titolare,0,0,
6,13981471,AC Milan,Christian Pulišić,F,Titolare,0,0,
6,13981471,AC Milan,Ruben Loftus-Cheek,M,Panchina,0,0,
6,13981471,AC Milan,Rafael Leão,F,Panchina,0,0,
6,13981471,AC Milan,Christopher Nkunku,F,Panchina,0,0,
6,13981471,AC Milan,Matteo Pittarella,G,Panchina,0,0,
6,13981471,AC Milan,Pietro Terracciano,G,Panchina,0,0,
6,13981471,AC Milan,Zachary Athekame,D,Panchina,0,0,
6,13981471,AC Milan,Koni De Winter,D,Panchina,0,0,
6,13981471,AC Milan,David Odogu,D,Panchina,0,0,
6,13981471,AC Milan,Samuele Ricci,M,Panchina,0,0,
6,13981473,Lazio,Ivan Provedel,G,Titolare,0,0,
6,13981473,Lazio,Elseid Hysaj,D,Titolare,0,0,
6,13981473,Lazio,Mario Gila,D,Titolare,0,0,
6,13981473,Lazio,Alessio Romagnoli,D,Titolare,0,0,
6,13981473,Lazio,Nuno Tavares,D,Titolare,0,0,
6,13981473,Lazio,Danilo Cataldi,M,Titolare,0,0,
6,13981473,Lazio,Toma Bašić,M,Titolare,0,0,
6,13981473,Lazio,Matteo Cancellieri,F,Titolare,0,0,
6,13981473,Lazio,Boulaye Dia,F,Titolare,0,0,
6,13981473,Lazio,Pedro,F,Titolare,0,0,
6,13981473,Lazio,Valentín Castellanos,F,Titolare,0,0,
6,13981473,Lazio,Reda Belahyane,M,Panchina,0,0,
6,13981473,Lazio,Gustav Isaksen,F,Panchina,0,0,
6,13981473,Lazio,Tijjani Noslin,F,Panchina,0,0,
6,13981473,Lazio,Manuel Lazzari,D,Panchina,0,0,
6,13981473,Lazio,Christos Mandas,G,Panchina,0,0,
6,13981473,Lazio,Alessio Furlanetto,G,Panchina,0,0,
6,13981473,Lazio,Oliver Provstgaard,D,Panchina,0,0,
6,13981473,Lazio,Patric,D,Panchina,0,0,
6,13981473,Lazio,Pietro Pinelli,M,Panchina,0,0,
6,13981473,Lazio,Valerio Farcomeni,M,Panchina,0,0,
6,13981473,Torino,Franco Israel,G,Titolare,0,0,
6,13981473,Torino,Adrien Tameze,D,Titolare,0,0,
6,13981473,Torino,Guillermo Maripán,D,Titolare,0,0,
6,13981473,Torino,Saúl Coco,D,Titolare,0,0,
6,13981473,Torino,Marcus Pedersen,M,Titolare,0,0,
6,13981473,Torino,Cesare Casadei,M,Titolare,0,0,
6,13981473,Torino,Kristjan Asllani,M,Titolare,0,0,
6,13981473,Torino,Nikola Vlašić,M,Titolare,0,0,
6,13981473,Torino,Valentino Lazaro,M,Titolare,0,0,
6,13981473,Torino,Cyril Ngonge,F,Titolare,0,0,
6,13981473,Torino,Giovanni Simeone,F,Titolare,0,0,
6,13981473,Torino,Niels Nkounkou,D,Panchina,0,0,
6,13981473,Torino,Adam Masina,D,Panchina,0,0,
6,13981473,Torino,Che Adams,F,Panchina,0,0,
6,13981473,Torino,Ali Dembélé,D,Panchina,0,0,
6,13981473,Torino,Gvidas Gineitis,M,Panchina,0,0,
6,13981473,Torino,Alberto Paleari,G,Panchina,0,0,
6,13981473,Torino,Mihai Popa,G,Panchina,0,0,
6,13981473,Torino,Cristiano Biraghi,D,Panchina,0,0,
6,13981473,Torino,Ivan Ilić,M,Panchina,0,0,
6,13981473,Torino,Emirhan İlkhan,M,Panchina,0,0,
6,13981473,Torino,Zakaria Aboukhlal,F,Panchina,0,0,
6,13981473,Torino,Duván Zapata,F,Panchina,0,0,
6,13981473,Torino,Alieu Njie,F,Panchina,0,0,
6,13981474,SSC Napoli,Vanja Milinković-Savić,G,Titolare,0,0,
6,13981474,SSC Napoli,Giovanni Di Lorenzo,D,Titolare,0,0,
6,13981474,SSC Napoli,Sam Beukema,D,Titolare,0,0,
6,13981474,SSC Napoli,Juan Jesus,D,Titolare,0,0,
6,13981474,SSC Napoli,Mathías Olivera,D,Titolare,0,0,
6,13981474,SSC Napoli,Stanislav Lobotka,M,Titolare,0,0,
6,13981474,SSC Napoli,Matteo Politano,M,Titolare,0,0,
6,13981474,SSC Napoli,Frank Anguissa,M,Titolare,0,0,
6,13981474,SSC Napoli,Scott McTominay,M,Titolare,0,0,
6,13981474,SSC Napoli,David Neres,F,Titolare,0,0,
6,13981474,SSC Napoli,Rasmus Højlund,F,Titolare,0,0,
6,13981474,SSC Napoli,Billy Gilmour,M,Panchina,0,0,
6,13981474,SSC Napoli,Leonardo Spinazzola,D,Panchina,0,0,
6,13981474,SSC Napoli,Kevin De Bruyne,M,Panchina,0,0,
6,13981474,SSC Napoli,Miguel Gutiérrez,D,Panchina,0,0,
6,13981474,SSC Napoli,Lorenzo Lucca,F,Panchina,0,0,
6,13981474,SSC Napoli,Mathias Ferrante,G,Panchina,0,0,
6,13981474,SSC Napoli,Alex Meret,G,Panchina,0,0,
6,13981474,SSC Napoli,Luca Marianucci,D,Panchina,0,0,
6,13981474,SSC Napoli,Pasquale Mazzocchi,M,Panchina,0,0,
6,13981474,SSC Napoli,Eljif Elmas,M,Panchina,0,0,
6,13981474,SSC Napoli,Giuseppe Ambrosino,F,Panchina,0,0,
6,13981474,SSC Napoli,Noa Lang,F,Panchina,0,0,
6,13981474,SSC Napoli,Antonio Vergara,F,Panchina,0,0,
6,13981474,Genoa,Nicola Leali,G,Titolare,0,0,
6,13981474,Genoa,Stefano Sabelli,M,Titolare,0,0,
6,13981474,Genoa,Alessandro Marcandalli,D,Titolare,0,0,
6,13981474,Genoa,Johan Vásquez,D,Titolare,0,0,
6,13981474,Genoa,Mikael Ellertsson,M,Titolare,0,0,
6,13981474,Genoa,Patrizio Masini,M,Titolare,0,0,
6,13981474,Genoa,Morten Frendrup,M,Titolare,0,0,
6,13981474,Genoa,Brooke Norton-Cuffy,D,Titolare,0,0,
6,13981474,Genoa,Ruslan Malinovskyi,M,Titolare,0,0,
6,13981474,Genoa,Vitinha,F,Titolare,0,0,
6,13981474,Genoa,Jeff Ekhator,F,Titolare,0,0,
6,13981474,Genoa,Sebastian Otoa,D,Panchina,0,0,
6,13981474,Genoa,Morten Thorsby,M,Panchina,0,0,
6,13981474,Genoa,Caleb Ekuban,F,Panchina,0,0,
6,13981474,Genoa,Valentín Carboni,M,Panchina,0,0,
6,13981474,Genoa,Lorenzo Colombo,F,Panchina,0,0,
6,13981474,Genoa,Daniele Sommariva,G,Panchina,0,0,
6,13981474,Genoa,Benjamin Siegrist,G,Panchina,0,0,
6,13981474,Genoa,Albert Grønbæk,M,Panchina,0,0,
6,13981474,Genoa,Jean Onana,M,Panchina,0,0,
6,13981474,Genoa,Hugo Cuenca,M,Panchina,0,0,
6,13981474,Genoa,Aarón Martín,M,Panchina,0,0,
6,13981474,Genoa,Seydou Fini,F,Panchina,0,0,
6,13981474,Genoa,Lorenzo Venturino,F,Panchina,0,0,
6,13981475,Inter,Yann Sommer,G,Titolare,0,0,
6,13981475,Inter,Manuel Akanji,D,Titolare,0,0,
6,13981475,Inter,Stefan de Vrij,D,Titolare,0,0,
6,13981475,Inter,Alessandro Bastoni,D,Titolare,0,0,
6,13981475,Inter,Denzel Dumfries,M,Titolare,0,0,
6,13981475,Inter,Davide Frattesi,M,Titolare,0,0,
6,13981475,Inter,Nicolò Barella,M,Titolare,0,0,
6,13981475,Inter,Henrikh Mkhitaryan,M,Titolare,0,0,
6,13981475,Inter,Federico Dimarco,M,Titolare,0,0,
6,13981475,Inter,Ange-Yoan Bonny,F,Titolare,0,0,
6,13981475,Inter,Lautaro Martínez,F,Titolare,0,0,
6,13981475,Inter,Luís Henrique,M,Panchina,0,0,
6,13981475,Inter,Carlos Augusto,D,Panchina,0,0,
6,13981475,Inter,Francesco Pio Esposito,F,Panchina,0,0,
6,13981475,Inter,Andy Diouf,M,Panchina,0,0,
6,13981475,Inter,Petar Sučić,M,Panchina,0,0,
6,13981475,Inter,Josep Martínez,G,Panchina,0,0,
6,13981475,Inter,Raffaele Di Gennaro,G,Panchina,0,0,
6,13981475,Inter,Matteo Darmian,D,Panchina,0,0,
6,13981475,Inter,Yann Bisseck,D,Panchina,0,0,
6,13981475,Inter,Tomás Palacios,D,Panchina,0,0,
6,13981475,Inter,Francesco Acerbi,D,Panchina,0,0,
6,13981475,Inter,Piotr Zieliński,M,Panchina,0,0,
6,13981475,Inter,Hakan Çalhanoğlu,M,Panchina,0,0,
6,13981475,Cremonese,Marco Silvestri,G,Titolare,0,0,
6,13981475,Cremonese,Romano Floriani Mussolini,M,Titolare,0,0,
6,13981475,Cremonese,Federico Ceccherini,D,Titolare,0,0,
6,13981475,Cremonese,Federico Baschirotto,D,Titolare,0,0,
6,13981475,Cremonese,Matteo Bianchetti,D,Titolare,0,0,
6,13981475,Cremonese,Giuseppe Pezzella,M,Titolare,0,0,
6,13981475,Cremonese,Franco Vázquez,M,Titolare,0,0,
6,13981475,Cremonese,Alberto Grassi,M,Titolare,0,0,
6,13981475,Cremonese,Warren Bondo,M,Titolare,0,0,
6,13981475,Cremonese,Antonio Sanabria,F,Titolare,0,0,
6,13981475,Cremonese,Dennis Johnsen,F,Titolare,0,0,
6,13981475,Cremonese,Jari Vandeputte,M,Panchina,0,0,
6,13981475,Cremonese,Mikayil Faye,D,Panchina,0,0,
6,13981475,Cremonese,Jamie Vardy,F,Panchina,0,0,
6,13981475,Cremonese,Federico Bonazzoli,F,Panchina,0,0,
6,13981475,Cremonese,Tommaso Barbieri,M,Panchina,0,0,
6,13981475,Cremonese,Adrian Malovec,G,Panchina,0,0,
6,13981475,Cremonese,Lapo Nava,G,Panchina,0,0,
6,13981475,Cremonese,Francesco Folino,D,Panchina,0,0,
6,13981475,Cremonese,Jeremy Sarmiento,M,Panchina,0,0,
6,13981475,Cremonese,Dachi Lordkipanidze,M,Panchina,0,0,
6,13981475,Cremonese,Martín Payero,M,Panchina,0,0,
6,13981475,Cremonese,Alessio Zerbin,M,Panchina,0,0,
6,13981477,Udinese,Răzvan Sava,G,Titolare,0,0,
6,13981477,Udinese,Saba Goglichidze,D,Titolare,0,0,
6,13981477,Udinese,Christian Kabasele,D,Titolare,0,0,
6,13981477,Udinese,Oumar Solet,D,Titolare,0,0,
6,13981477,Udinese,Alessandro Zanoli,M,Titolare,0,0,
6,13981477,Udinese,Jakub Piotrowski,M,Titolare,0,0,
6,13981477,Udinese,Jesper Karlström,M,Titolare,0,0,
6,13981477,Udinese,Arthur Atta,M,Titolare,0,0,
6,13981477,Udinese,Hassane Kamara,M,Titolare,0,0,
6,13981477,Udinese,Nicolò Zaniolo,F,Titolare,0,0,
6,13981477,Udinese,Keinan Davis,F,Titolare,0,0,
6,13981477,Udinese,Nicolò Bertola,D,Panchina,0,0,
6,13981477,Udinese,Vakoun Issouf Bayo,F,Panchina,0,0,
6,13981477,Udinese,Oier Zarraga,M,Panchina,0,0,
6,13981477,Udinese,Kingsley Ehizibue,M,Panchina,0,0,
6,13981477,Udinese,Daniele Padelli,G,Panchina,0,0,
6,13981477,Udinese,Gioele Venuti,G,Panchina,0,0,
6,13981477,Udinese,Matteo Palma,D,Panchina,0,0,
6,13981477,Udinese,Rui Modesto,M,Panchina,0,0,
6,13981477,Udinese,Lennon Miller,M,Panchina,0,0,
6,13981477,Udinese,Sandi Lovrić,M,Panchina,0,0,
6,13981477,Udinese,Jürgen Ekkelenkamp,M,Panchina,0,0,
6,13981477,Udinese,Jordan Zemura,M,Panchina,0,0,
6,13981477,Udinese,Adam Buksa,F,Panchina,0,0,
6,13981477,Udinese,Idrissa Gueye,F,Panchina,0,0,
6,13981477,Cagliari,Elia Caprile,G,Titolare,0,0,
6,13981477,Cagliari,Zé Pedro,D,Titolare,0,0,
6,13981477,Cagliari,Yerry Mina,D,Titolare,0,0,
6,13981477,Cagliari,Adam Obert,D,Titolare,0,0,
6,13981477,Cagliari,Marco Palestra,M,Titolare,0,0,
6,13981477,Cagliari,Alessandro Deiola,M,Titolare,0,0,
6,13981477,Cagliari,Matteo Prati,M,Titolare,0,0,
6,13981477,Cagliari,Michael Folorunsho,M,Titolare,0,0,
6,13981477,Cagliari,Mattia Felici,F,Titolare,0,0,
6,13981477,Cagliari,Gennaro Borrelli,F,Titolare,0,0,
6,13981477,Cagliari,Sebastiano Esposito,F,Titolare,0,0,
6,13981477,Cagliari,Michel Adopo,M,Panchina,0,0,
6,13981477,Cagliari,Alessandro Di Pardo,M,Panchina,0,0,
6,13981477,Cagliari,Zito Luvumbo,F,Panchina,0,0,
6,13981477,Cagliari,Nicolò Cavuoti,M,Panchina,0,0,
6,13981477,Cagliari,Leonardo Pavoletti,F,Panchina,0,0,
6,13981477,Cagliari,Vincenzo Sarno,G,Panchina,0,0,
6,13981477,Cagliari,Giuseppe Ciocci,G,Panchina,0,0,
6,13981477,Cagliari,Riyad Idrissi,D,Panchina,0,0,
6,13981477,Cagliari,Sebastiano Luperto,D,Panchina,0,0,
6,13981477,Cagliari,Luca Mazzitelli,M,Panchina,0,0,
6,13981477,Cagliari,Semih Kılıçsoy,F,Panchina,0,0,
6,13981478,Fiorentina,David De Gea,G,Titolare,0,0,
6,13981478,Fiorentina,Marin Pongračić,D,Titolare,0,0,
6,13981478,Fiorentina,Pablo Marí,D,Titolare,0,0,
6,13981478,Fiorentina,Luca Ranieri,D,Titolare,0,0,
6,13981478,Fiorentina,Dodô,M,Titolare,0,0,
6,13981478,Fiorentina,Rolando Mandragora,M,Titolare,0,0,
6,13981478,Fiorentina,Hans Nicolussi Caviglia,M,Titolare,0,0,
6,13981478,Fiorentina,Robin Gosens,D,Titolare,0,0,
6,13981478,Fiorentina,Jacopo Fazzini,F,Titolare,0,0,
6,13981478,Fiorentina,Albert Guðmundsson,F,Titolare,0,0,
6,13981478,Fiorentina,Moise Kean,F,Titolare,0,0,
6,13981478,Fiorentina,Roberto Piccoli,F,Panchina,0,0,
6,13981478,Fiorentina,Cher Ndour,M,Panchina,0,0,
6,13981478,Fiorentina,Pietro Comuzzo,D,Panchina,0,0,
6,13981478,Fiorentina,Edin Džeko,F,Panchina,0,0,
6,13981478,Fiorentina,Niccolò Fortini,D,Panchina,0,0,
6,13981478,Fiorentina,Luca Lezzerini,G,Panchina,0,0,
6,13981478,Fiorentina,Tommaso Martinelli,G,Panchina,0,0,
6,13981478,Fiorentina,Mattia Viti,D,Panchina,0,0,
6,13981478,Fiorentina,Fabiano Parisi,D,Panchina,0,0,
6,13981478,Fiorentina,Eddy Kouadio,D,Panchina,0,0,
6,13981478,Fiorentina,Amir Richardson,M,Panchina,0,0,
6,13981478,Fiorentina,Nicolò Fagioli,M,Panchina,0,0,
6,13981478,Fiorentina,Abdelhamid Sabiri,M,Panchina,0,0,
6,13981478,AS Roma,Mile Svilar,G,Titolare,0,0,
6,13981478,AS Roma,Zeki Çelik,D,Titolare,0,0,
6,13981478,AS Roma,Gianluca Mancini,D,Titolare,0,0,
6,13981478,AS Roma,Evan Ndicka,D,Titolare,0,0,
6,13981478,AS Roma,Wesley,M,Titolare,0,0,
6,13981478,AS Roma,Bryan Cristante,M,Titolare,0,0,
6,13981478,AS Roma,Manu Koné,M,Titolare,0,0,
6,13981478,AS Roma,Kostas Tsimikas,D,Titolare,0,0,
6,13981478,AS Roma,Matías Soulé,F,Titolare,0,0,
6,13981478,AS Roma,Tommaso Baldanzi,M,Titolare,0,0,
6,13981478,AS Roma,Artem Dovbyk,F,Titolare,0,0,
6,13981478,AS Roma,Paulo Dybala,F,Panchina,0,0,
6,13981478,AS Roma,Lorenzo Pellegrini,F,Panchina,0,0,
6,13981478,AS Roma,Devyne Rensch,M,Panchina,0,0,
6,13981478,AS Roma,Jan Ziółkowski,D,Panchina,0,0,
6,13981478,AS Roma,Neil El Aynaoui,M,Panchina,0,0,
6,13981478,AS Roma,Pierluigi Gollini,G,Panchina,0,0,
6,13981478,AS Roma,Devis Vásquez,G,Panchina,0,0,
6,13981478,AS Roma,Daniele Ghilardi,D,Panchina,0,0,
6,13981478,AS Roma,Buba Sangaré,D,Panchina,0,0,
6,13981478,AS Roma,Mario Hermoso,D,Panchina,0,0,
6,13981478,AS Roma,Niccolò Pisilli,M,Panchina,0,0,
6,13981478,AS Roma,Evan Ferguson,F,Panchina,0,0,
6,13981478,AS Roma,Stephan El Shaarawy,F,Panchina,0,0,
6,13981480,Parma,Zion Suzuki,G,Titolare,0,0,
6,13981480,Parma,Enrico Delprato,D,Titolare,0,0,
6,13981480,Parma,Alessandro Circati,D,Titolare,0,0,
6,13981480,Parma,Abdoulaye Ndiaye,D,Titolare,0,0,
6,13981480,Parma,Sascha Britschgi,D,Titolare,0,0,
6,13981480,Parma,Oliver Sørensen,M,Titolare,0,0,
6,13981480,Parma,Mandela Keita,M,Titolare,0,0,
6,13981480,Parma,Adrián Bernabé,M,Titolare,0,0,
6,13981480,Parma,Emanuele Valeri,M,Titolare,0,0,
6,13981480,Parma,Patrick Cutrone,F,Titolare,0,0,
6,13981480,Parma,Mateo Pellegrino,F,Titolare,0,0,
6,13981480,Parma,Mathias Løvik,D,Panchina,0,0,
6,13981480,Parma,Pontus Almqvist,F,Panchina,0,0,
6,13981480,Parma,Adrian Benedyczak,F,Panchina,0,0,
6,13981480,Parma,Nahuel Estévez,M,Panchina,0,0,
6,13981480,Parma,Milan Đurić,F,Panchina,0,0,
6,13981480,Parma,Edoardo Corvi,G,Panchina,0,0,
6,13981480,Parma,Filippo Rinaldi,G,Panchina,0,0,
6,13981480,Parma,Mariano Troilo,D,Panchina,0,0,
6,13981480,Parma,Nicolas Trabucchi,D,Panchina,0,0,
6,13981480,Parma,Christian Ordoñez,M,Panchina,0,0,
6,13981480,Parma,Elia Plicco,M,Panchina,0,0,
6,13981480,Parma,Tjaš Begić,F,Panchina,0,0,
6,13981480,Lecce,Wladimiro Falcone,G,Titolare,0,0,
6,13981480,Lecce,Danilo Veiga,D,Titolare,0,0,
6,13981480,Lecce,Kialonda Gaspar,D,Titolare,0,0,
6,13981480,Lecce,Tiago Gabriel,D,Titolare,0,0,
6,13981480,Lecce,Antonino Gallo,D,Titolare,0,0,
6,13981480,Lecce,Lassana Coulibaly,M,Titolare,0,0,
6,13981480,Lecce,Ylber Ramadani,M,Titolare,0,0,
6,13981480,Lecce,Medon Berisha,M,Titolare,0,0,
6,13981480,Lecce,Santiago Pierotti,F,Titolare,0,0,
6,13981480,Lecce,Nikola Štulić,F,Titolare,0,0,
6,13981480,Lecce,Riccardo Sottil,F,Titolare,0,0,
6,13981480,Lecce,Lameck Banda,M,Panchina,0,0,
6,13981480,Lecce,Francesco Camarda,F,Panchina,0,0,
6,13981480,Lecce,Corrie Ndaba,D,Panchina,0,0,
6,13981480,Lecce,Mohamed Kaba,M,Panchina,0,0,
6,13981480,Lecce,Jasper Samooja,G,Panchina,0,0,
6,13981480,Lecce,Christian Früchtl,G,Panchina,0,0,
6,13981480,Lecce,Christ-Owen Kouassi,D,Panchina,0,0,
6,13981480,Lecce,Jamil Siebert,D,Panchina,0,0,
6,13981480,Lecce,Þórir Jóhann Helgason,M,Panchina,0,0,
6,13981480,Lecce,Niko Kovač,M,Panchina,0,0,
6,13981480,Lecce,Alex Sala,M,Panchina,0,0,
6,13981480,Lecce,N'Dri Konan,F,Panchina,0,0,
6,13981481,Hellas Verona,Lorenzo Montipò,G,Titolare,0,0,
6,13981481,Hellas Verona,Unai Núñez,D,Titolare,0,0,
6,13981481,Hellas Verona,Victor Nelsson,D,Titolare,0,0,
6,13981481,Hellas Verona,Martin Frese,D,Titolare,0,0,
6,13981481,Hellas Verona,Roberto Gagliardini,M,Titolare,0,0,
6,13981481,Hellas Verona,Rafik Belghali,M,Titolare,0,0,
6,13981481,Hellas Verona,Suat Serdar,M,Titolare,0,0,
6,13981481,Hellas Verona,Antoine Bernede,M,Titolare,0,0,
6,13981481,Hellas Verona,Domagoj Bradarić,M,Titolare,0,0,
6,13981481,Hellas Verona,Giovane,F,Titolare,0,0,
6,13981481,Hellas Verona,Gift Orban,F,Titolare,0,0,
6,13981481,Hellas Verona,Jean Daniel Akpa-Akpro,M,Panchina,0,0,
6,13981481,Hellas Verona,Cheikh Niasse,M,Panchina,0,0,
6,13981481,Hellas Verona,Amin Sarr,F,Panchina,0,0,
6,13981481,Hellas Verona,Grigoris Kastanos,M,Panchina,0,0,
6,13981481,Hellas Verona,Daniel Mosquera,F,Panchina,0,0,
6,13981481,Hellas Verona,Simone Perilli,G,Panchina,0,0,
6,13981481,Hellas Verona,Mirko Castagnini,G,Panchina,0,0,
6,13981481,Hellas Verona,Tobias Slotsager,D,Panchina,0,0,
6,13981481,Hellas Verona,Fallou Cham,D,Panchina,0,0,
6,13981481,Hellas Verona,Nicolás Valentini,D,Panchina,0,0,
6,13981481,Hellas Verona,Enzo Ebosse,D,Panchina,0,0,
6,13981481,Hellas Verona,Armel Bella-Kotchap,D,Panchina,0,0,
6,13981481,Hellas Verona,Yellu Santiago,M,Panchina,0,0,
6,13981481,Hellas Verona,Junior Ajayi,F,Panchina,0,0,
6,13981481,Sassuolo,Arijanet Murić,G,Titolare,0,0,
6,13981481,Sassuolo,Sebastian Walukiewicz,D,Titolare,0,0,
6,13981481,Sassuolo,Jay Idzes,D,Titolare,0,0,
6,13981481,Sassuolo,Tarik Muharemović,D,Titolare,0,0,
6,13981481,Sassuolo,Josh Doig,D,Titolare,0,0,
6,13981481,Sassuolo,Aster Vranckx,M,Titolare,0,0,
6,13981481,Sassuolo,Nemanja Matić,M,Titolare,0,0,
6,13981481,Sassuolo,Ismael Koné,M,Titolare,0,0,
6,13981481,Sassuolo,Cristian Volpato,M,Titolare,0,0,
6,13981481,Sassuolo,Andrea Pinamonti,F,Titolare,0,0,
6,13981481,Sassuolo,Armand Laurienté,F,Titolare,0,0,
6,13981481,Sassuolo,Kristian Thorstvedt,M,Panchina,0,0,
6,13981481,Sassuolo,Nicholas Pierini,F,Panchina,0,0,
6,13981481,Sassuolo,Alieu Fadera,F,Panchina,0,0,
6,13981481,Sassuolo,Edoardo Iannoni,M,Panchina,0,0,
6,13981481,Sassuolo,Walid Cheddira,F,Panchina,0,0,
6,13981481,Sassuolo,Giacomo Satalino,G,Panchina,0,0,
6,13981481,Sassuolo,Stefano Turati,G,Panchina,0,0,
6,13981481,Sassuolo,Fali Candé,D,Panchina,0,0,
6,13981481,Sassuolo,Filippo Romagna,D,Panchina,0,0,
6,13981481,Sassuolo,Woyo Coulibaly,D,Panchina,0,0,
6,13981481,Sassuolo,Cas Odenthal,D,Panchina,0,0,
6,13981481,Sassuolo,Luca Lipani,M,Panchina,0,0,
6,13981481,Sassuolo,Daniel Boloca,M,Panchina,0,0,
6,13981481,Sassuolo,Luca Moro,F,Panchina,0,0,
6,13981481,Sassuolo,Laurs Skjellerup,F,Panchina,0,0,
6,13981483,Atalanta,Marco Carnesecchi,G,Titolare,0,0,
6,13981483,Atalanta,Berat Djimsiti,D,Titolare,0,0,
6,13981483,Atalanta,Isak Hien,D,Titolare,0,0,
6,13981483,Atalanta,Honest Ahanor,D,Titolare,0,0,
6,13981483,Atalanta,Davide Zappacosta,M,Titolare,0,0,
6,13981483,Atalanta,Éderson,M,Titolare,0,0,
6,13981483,Atalanta,Mario Pašalić,M,Titolare,0,0,
6,13981483,Atalanta,Lorenzo Bernasconi,M,Titolare,0,0,
6,13981483,Atalanta,Lazar Samardžić,M,Titolare,0,0,
6,13981483,Atalanta,Kamaldeen Sulemana,F,Titolare,0,0,
6,13981483,Atalanta,Ademola Lookman,F,Titolare,0,0,
6,13981483,Atalanta,Marco Brescianini,M,Panchina,0,0,
6,13981483,Atalanta,Nikola Krstović,F,Panchina,0,0,
6,13981483,Atalanta,Yunus Musah,M,Panchina,0,0,
6,13981483,Atalanta,Daniel Maldini,F,Panchina,0,0,
6,13981483,Atalanta,Marco Sportiello,G,Panchina,0,0,
6,13981483,Atalanta,Francesco Rossi,G,Panchina,0,0,
6,13981483,Atalanta,Relja Obrić,D,Panchina,0,0,
6,13981483,Como,Jean Butez,G,Titolare,0,0,
6,13981483,Como,Ivan Smolčić,D,Titolare,0,0,
6,13981483,Como,Jacobo Ramón,D,Titolare,0,0,
6,13981483,Como,Diego Carlos,D,Titolare,0,0,
6,13981483,Como,Mërgim Vojvoda,D,Titolare,0,0,
6,13981483,Como,Máximo Perrone,M,Titolare,0,0,
6,13981483,Como,Lucas Da Cunha,M,Titolare,0,0,
6,13981483,Como,Jayden Addai,M,Titolare,0,0,
6,13981483,Como,Nico Paz,M,Titolare,0,0,
6,13981483,Como,Martin Baturina,M,Titolare,0,0,
6,13981483,Como,Anastasios Douvikas,F,Titolare,0,0,
6,13981483,Como,Álvaro Morata,F,Panchina,0,0,
6,13981483,Como,Álex Valle,D,Panchina,0,0,
6,13981483,Como,Maxence Caqueret,M,Panchina,0,0,
6,13981483,Como,Stefan Posch,D,Panchina,0,0,
6,13981483,Como,Marc Kempf,D,Panchina,0,0,
6,13981483,Como,Mauro Vigorito,G,Panchina,0,0,
6,13981483,Como,Nikola Čavlina,G,Panchina,0,0,
6,13981483,Como,Edoardo Goldaniga,D,Panchina,0,0,
6,13981483,Como,Alberto Moreno,D,Panchina,0,0,
6,13981483,Como,Alberto Cerri,F,Panchina,0,0,
6,13981483,Como,Lorenzo Bonsignori,F,Panchina,0,0,
7,13981479,Torino,Franco Israel,G,Titolare,0,0,
7,13981479,Torino,Marcus Pedersen,M,Titolare,0,0,
7,13981479,Torino,Adrien Tameze,D,Titolare,0,0,
7,13981479,Torino,Guillermo Maripán,D,Titolare,0,0,
7,13981479,Torino,Saúl Coco,D,Titolare,0,0,
7,13981479,Torino,Niels Nkounkou,D,Titolare,0,0,
7,13981479,Torino,Cesare Casadei,M,Titolare,0,0,
7,13981479,Torino,Kristjan Asllani,M,Titolare,0,0,
7,13981479,Torino,Nikola Vlašić,M,Titolare,0,0,
7,13981479,Torino,Giovanni Simeone,F,Titolare,0,0,
7,13981479,Torino,Che Adams,F,Titolare,0,0,
7,13981479,Torino,Cyril Ngonge,F,Panchina,0,0,
7,13981479,Torino,Cristiano Biraghi,D,Panchina,0,0,
7,13981479,Torino,Gvidas Gineitis,M,Panchina,0,0,
7,13981479,Torino,Ardian Ismajli,D,Panchina,0,0,
7,13981479,Torino,Duván Zapata,F,Panchina,0,0,
7,13981479,Torino,Mihai Popa,G,Panchina,0,0,
7,13981479,Torino,Alberto Paleari,G,Panchina,0,0,
7,13981479,Torino,Adam Masina,D,Panchina,0,0,
7,13981479,Torino,Ali Dembélé,D,Panchina,0,0,
7,13981479,Torino,Emirhan İlkhan,M,Panchina,0,0,
7,13981479,Torino,Ivan Ilić,M,Panchina,0,0,
7,13981479,Torino,Valentino Lazaro,M,Panchina,0,0,
7,13981479,Torino,Alieu Njie,F,Panchina,0,0,
7,13981479,SSC Napoli,Vanja Milinković-Savić,G,Titolare,0,0,
7,13981479,SSC Napoli,Giovanni Di Lorenzo,D,Titolare,0,0,
7,13981479,SSC Napoli,Sam Beukema,D,Titolare,0,0,
7,13981479,SSC Napoli,Juan Jesus,D,Titolare,0,0,
7,13981479,SSC Napoli,Mathías Olivera,D,Titolare,0,0,
7,13981479,SSC Napoli,Billy Gilmour,M,Titolare,0,0,
7,13981479,SSC Napoli,David Neres,F,Titolare,0,0,
7,13981479,SSC Napoli,Frank Anguissa,M,Titolare,0,0,
7,13981479,SSC Napoli,Kevin De Bruyne,M,Titolare,0,0,
7,13981479,SSC Napoli,Leonardo Spinazzola,D,Titolare,0,0,
7,13981479,SSC Napoli,Lorenzo Lucca,F,Titolare,0,0,
7,13981479,SSC Napoli,Noa Lang,F,Panchina,0,0,
7,13981479,SSC Napoli,Alessandro Buongiorno,D,Panchina,0,0,
7,13981479,SSC Napoli,Matteo Politano,M,Panchina,0,0,
7,13981479,SSC Napoli,Giuseppe Ambrosino,F,Panchina,0,0,
7,13981479,SSC Napoli,Eljif Elmas,M,Panchina,0,0,
7,13981479,SSC Napoli,Mathias Ferrante,G,Panchina,0,0,
7,13981479,SSC Napoli,Alex Meret,G,Panchina,0,0,
7,13981479,SSC Napoli,Luca Marianucci,D,Panchina,0,0,
7,13981479,SSC Napoli,Miguel Gutiérrez,D,Panchina,0,0,
7,13981479,SSC Napoli,Pasquale Mazzocchi,M,Panchina,0,0,
7,13981479,SSC Napoli,Antonio Vergara,F,Panchina,0,0,
7,13981482,Como,Jean Butez,G,Titolare,0,0,
7,13981482,Como,Ivan Smolčić,D,Titolare,0,0,
7,13981482,Como,Diego Carlos,D,Titolare,0,0,
7,13981482,Como,Marc Kempf,D,Titolare,0,0,
7,13981482,Como,Alberto Moreno,D,Titolare,0,0,
7,13981482,Como,Máximo Perrone,M,Titolare,0,0,
7,13981482,Como,Lucas Da Cunha,M,Titolare,0,0,
7,13981482,Como,Mërgim Vojvoda,D,Titolare,0,0,
7,13981482,Como,Nico Paz,M,Titolare,0,0,
7,13981482,Como,Maxence Caqueret,M,Titolare,0,0,
7,13981482,Como,Álvaro Morata,F,Titolare,0,0,
7,13981482,Como,Jacobo Ramón,D,Panchina,0,0,
7,13981482,Como,Álex Valle,D,Panchina,0,0,
7,13981482,Como,Anastasios Douvikas,F,Panchina,0,0,
7,13981482,Como,Stefan Posch,D,Panchina,0,0,
7,13981482,Como,Ignace Van der Brempt,D,Panchina,0,0,
7,13981482,Como,Mauro Vigorito,G,Panchina,0,0,
7,13981482,Como,Nikola Čavlina,G,Panchina,0,0,
7,13981482,Como,Edoardo Goldaniga,D,Panchina,0,0,
7,13981482,Como,Assane Diao,M,Panchina,0,0,
7,13981482,Como,Martin Baturina,M,Panchina,0,0,
7,13981482,Como,Nicolas-Gerrit Kühn,F,Panchina,0,0,
7,13981482,Como,Alberto Cerri,F,Panchina,0,0,
7,13981482,Como,Lorenzo Bonsignori,F,Panchina,0,0,
7,13981482,Juventus,Michele Di Gregorio,G,Titolare,0,0,
7,13981482,Juventus,Pierre Kalulu,D,Titolare,0,0,
7,13981482,Juventus,Daniele Rugani,D,Titolare,0,0,
7,13981482,Juventus,Lloyd Kelly,D,Titolare,0,0,
7,13981482,Juventus,Andrea Cambiaso,M,Titolare,0,0,
7,13981482,Juventus,Teun Koopmeiners,M,Titolare,0,0,
7,13981482,Juventus,Manuel Locatelli,M,Titolare,0,0,
7,13981482,Juventus,Khéphren Thuram,M,Titolare,0,0,
7,13981482,Juventus,Francisco Conceição,F,Titolare,0,0,
7,13981482,Juventus,Jonathan David,F,Titolare,0,0,
7,13981482,Juventus,Kenan Yıldız,F,Titolare,0,0,
7,13981482,Juventus,Weston McKennie,M,Panchina,0,0,
7,13981482,Juventus,Dušan Vlahović,F,Panchina,0,0,
7,13981482,Juventus,João Mário,D,Panchina,0,0,
7,13981482,Juventus,Filip Kostić,M,Panchina,0,0,
7,13981482,Juventus,Mattia Perin,G,Panchina,0,0,
7,13981482,Juventus,Simone Scaglia,G,Panchina,0,0,
7,13981482,Juventus,Federico Gatti,D,Panchina,0,0,
7,13981482,Juventus,Vasilije Adžić,M,Panchina,0,0,
7,13981482,Juventus,Loïs Openda,F,Panchina,0,0,
7,13981484,Pisa,Adrian Šemper,G,Titolare,0,0,
7,13981484,Pisa,Antonio Caracciolo,D,Titolare,0,0,
7,13981484,Pisa,Raúl Albiol,D,Titolare,0,0,
7,13981484,Pisa,Simone Canestrelli,D,Titolare,0,0,
7,13981484,Pisa,Mehdi Léris,M,Titolare,0,0,
7,13981484,Pisa,Ebenezer Akinsanmiro,M,Titolare,0,0,
7,13981484,Pisa,Michel Aebischer,M,Titolare,0,0,
7,13981484,Pisa,Marius Marin,M,Titolare,0,0,
7,13981484,Pisa,Samuele Angori,M,Titolare,0,0,
7,13981484,Pisa,Stefano Moreo,F,Titolare,0,0,
7,13981484,Pisa,M'bala Nzola,F,Titolare,0,0,
7,13981484,Pisa,Giovanni Bonfanti,D,Panchina,0,0,
7,13981484,Pisa,Juan Cuadrado,M,Panchina,0,0,
7,13981484,Pisa,Gabriele Piccinini,M,Panchina,0,0,
7,13981484,Pisa,Matteo Tramoni,F,Panchina,0,0,
7,13981484,Pisa,Simone Scuffet,G,Panchina,0,0,
7,13981484,Pisa,Nícolas,G,Panchina,0,0,
7,13981484,Pisa,Francesco Coppola,D,Panchina,0,0,
7,13981484,Pisa,Daniel Denoon,D,Panchina,0,0,
7,13981484,Pisa,Arturo Calabresi,D,Panchina,0,0,
7,13981484,Pisa,Lorran,M,Panchina,0,0,
7,13981484,Pisa,Isak Vural,M,Panchina,0,0,
7,13981484,Pisa,Malthe Højholt,M,Panchina,0,0,
7,13981484,Pisa,Louis Buffon,F,Panchina,0,0,
7,13981484,Pisa,Henrik Wendel Meister,F,Panchina,0,0,
7,13981484,Hellas Verona,Lorenzo Montipò,G,Titolare,0,0,
7,13981484,Hellas Verona,Unai Núñez,D,Titolare,0,0,
7,13981484,Hellas Verona,Victor Nelsson,D,Titolare,0,0,
7,13981484,Hellas Verona,Nicolás Valentini,D,Titolare,0,0,
7,13981484,Hellas Verona,Fallou Cham,D,Titolare,0,0,
7,13981484,Hellas Verona,Suat Serdar,M,Titolare,0,0,
7,13981484,Hellas Verona,Roberto Gagliardini,M,Titolare,0,0,
7,13981484,Hellas Verona,Antoine Bernede,M,Titolare,0,0,
7,13981484,Hellas Verona,Martin Frese,D,Titolare,0,0,
7,13981484,Hellas Verona,Giovane,F,Titolare,0,0,
7,13981484,Hellas Verona,Gift Orban,F,Titolare,0,0,
7,13981484,Hellas Verona,Jean Daniel Akpa-Akpro,M,Panchina,0,0,
7,13981484,Hellas Verona,Rafik Belghali,M,Panchina,0,0,
7,13981484,Hellas Verona,Daniel Mosquera,F,Panchina,0,0,
7,13981484,Hellas Verona,Amin Sarr,F,Panchina,0,0,
7,13981484,Hellas Verona,Yellu Santiago,M,Panchina,0,0,
7,13981484,Hellas Verona,Simone Perilli,G,Panchina,0,0,
7,13981484,Hellas Verona,Mirko Castagnini,G,Panchina,0,0,
7,13981484,Hellas Verona,Enzo Ebosse,D,Panchina,0,0,
7,13981484,Hellas Verona,Tobias Slotsager,D,Panchina,0,0,
7,13981484,Hellas Verona,Domagoj Bradarić,M,Panchina,0,0,
7,13981484,Hellas Verona,Cheikh Niasse,M,Panchina,0,0,
7,13981484,Hellas Verona,Grigoris Kastanos,M,Panchina,0,0,
7,13981484,Hellas Verona,Abdou Harroui,M,Panchina,0,0,
7,13981484,Hellas Verona,Junior Ajayi,F,Panchina,0,0,
7,13981485,AS Roma,Mile Svilar,G,Titolare,0,0,
7,13981485,AS Roma,Evan Ndicka,D,Titolare,0,0,
7,13981485,AS Roma,Gianluca Mancini,D,Titolare,0,0,
7,13981485,AS Roma,Mario Hermoso,D,Titolare,0,0,
7,13981485,AS Roma,Zeki Çelik,D,Titolare,0,0,
7,13981485,AS Roma,Bryan Cristante,M,Titolare,0,0,
7,13981485,AS Roma,Manu Koné,M,Titolare,0,0,
7,13981485,AS Roma,Wesley,M,Titolare,0,0,
7,13981485,AS Roma,Matías Soulé,F,Titolare,0,0,
7,13981485,AS Roma,Lorenzo Pellegrini,F,Titolare,0,0,
7,13981485,AS Roma,Paulo Dybala,F,Titolare,0,0,
7,13981485,AS Roma,Jan Ziółkowski,D,Panchina,0,0,
7,13981485,AS Roma,Artem Dovbyk,F,Panchina,0,0,
7,13981485,AS Roma,Leon Bailey,F,Panchina,0,0,
7,13981485,AS Roma,Tommaso Baldanzi,M,Panchina,0,0,
7,13981485,AS Roma,Evan Ferguson,F,Panchina,0,0,
7,13981485,AS Roma,Devis Vásquez,G,Panchina,0,0,
7,13981485,AS Roma,Pierluigi Gollini,G,Panchina,0,0,
7,13981485,AS Roma,Buba Sangaré,D,Panchina,0,0,
7,13981485,AS Roma,Daniele Ghilardi,D,Panchina,0,0,
7,13981485,AS Roma,Kostas Tsimikas,D,Panchina,0,0,
7,13981485,AS Roma,Niccolò Pisilli,M,Panchina,0,0,
7,13981485,AS Roma,Devyne Rensch,M,Panchina,0,0,
7,13981485,AS Roma,Neil El Aynaoui,M,Panchina,0,0,
7,13981485,AS Roma,Stephan El Shaarawy,F,Panchina,0,0,
7,13981485,Inter,Yann Sommer,G,Titolare,0,0,
7,13981485,Inter,Manuel Akanji,D,Titolare,0,0,
7,13981485,Inter,Francesco Acerbi,D,Titolare,0,0,
7,13981485,Inter,Alessandro Bastoni,D,Titolare,0,0,
7,13981485,Inter,Denzel Dumfries,M,Titolare,0,0,
7,13981485,Inter,Nicolò Barella,M,Titolare,0,0,
7,13981485,Inter,Hakan Çalhanoğlu,M,Titolare,0,0,
7,13981485,Inter,Henrikh Mkhitaryan,M,Titolare,0,0,
7,13981485,Inter,Federico Dimarco,M,Titolare,0,0,
7,13981485,Inter,Ange-Yoan Bonny,F,Titolare,0,0,
7,13981485,Inter,Lautaro Martínez,F,Titolare,0,0,
7,13981485,Inter,Davide Frattesi,M,Panchina,0,0,
7,13981485,Inter,Francesco Pio Esposito,F,Panchina,0,0,
7,13981485,Inter,Petar Sučić,M,Panchina,0,0,
7,13981485,Inter,Carlos Augusto,D,Panchina,0,0,
7,13981485,Inter,Piotr Zieliński,M,Panchina,0,0,
7,13981485,Inter,Alessandro Calligaris,G,Panchina,0,0,
7,13981485,Inter,Josep Martínez,G,Panchina,0,0,
7,13981485,Inter,Stefan de Vrij,D,Panchina,0,0,
7,13981485,Inter,Yann Bisseck,D,Panchina,0,0,
7,13981485,Inter,Tomás Palacios,D,Panchina,0,0,
7,13981485,Inter,Luís Henrique,M,Panchina,0,0,
7,13981485,Inter,Andy Diouf,M,Panchina,0,0,
7,13981486,AC Milan,Mike Maignan,G,Titolare,0,0,
7,13981486,AC Milan,Fikayo Tomori,D,Titolare,0,0,
7,13981486,AC Milan,Matteo Gabbia,D,Titolare,0,0,
7,13981486,AC Milan,Strahinja Pavlović,D,Titolare,0,0,
7,13981486,AC Milan,Zachary Athekame,D,Titolare,0,0,
7,13981486,AC Milan,Youssouf Fofana,M,Titolare,0,0,
7,13981486,AC Milan,Luka Modrić,M,Titolare,0,0,
7,13981486,AC Milan,Samuele Ricci,M,Titolare,0,0,
7,13981486,AC Milan,Davide Bartesaghi,M,Titolare,0,0,
7,13981486,AC Milan,Alexis Saelemaekers,M,Titolare,0,0,
7,13981486,AC Milan,Rafael Leão,F,Titolare,0,0,
7,13981486,AC Milan,Santiago Giménez,F,Panchina,0,0,
7,13981486,AC Milan,Koni De Winter,D,Panchina,0,0,
7,13981486,AC Milan,Cheveyo Mul-Balentien,F,Panchina,0,0,
7,13981486,AC Milan,Pietro Terracciano,G,Panchina,0,0,
7,13981486,AC Milan,Matteo Pittarella,G,Panchina,0,0,
7,13981486,AC Milan,David Odogu,D,Panchina,0,0,
7,13981486,AC Milan,Emanuele Sala,M,Panchina,0,0,
7,13981486,Fiorentina,David De Gea,G,Titolare,0,0,
7,13981486,Fiorentina,Marin Pongračić,D,Titolare,0,0,
7,13981486,Fiorentina,Pablo Marí,D,Titolare,0,0,
7,13981486,Fiorentina,Luca Ranieri,D,Titolare,0,0,
7,13981486,Fiorentina,Dodô,M,Titolare,0,0,
7,13981486,Fiorentina,Rolando Mandragora,M,Titolare,0,0,
7,13981486,Fiorentina,Hans Nicolussi Caviglia,M,Titolare,0,0,
7,13981486,Fiorentina,Nicolò Fagioli,M,Titolare,0,0,
7,13981486,Fiorentina,Robin Gosens,D,Titolare,0,0,
7,13981486,Fiorentina,Jacopo Fazzini,F,Titolare,0,0,
7,13981486,Fiorentina,Moise Kean,F,Titolare,0,0,
7,13981486,Fiorentina,Fabiano Parisi,D,Panchina,0,0,
7,13981486,Fiorentina,Albert Guðmundsson,F,Panchina,0,0,
7,13981486,Fiorentina,Roberto Piccoli,F,Panchina,0,0,
7,13981486,Fiorentina,Simon Sohm,M,Panchina,0,0,
7,13981486,Fiorentina,Edin Džeko,F,Panchina,0,0,
7,13981486,Fiorentina,Tommaso Martinelli,G,Panchina,0,0,
7,13981486,Fiorentina,Luca Lezzerini,G,Panchina,0,0,
7,13981486,Fiorentina,Mattia Viti,D,Panchina,0,0,
7,13981486,Fiorentina,Niccolò Fortini,D,Panchina,0,0,
7,13981486,Fiorentina,Pietro Comuzzo,D,Panchina,0,0,
7,13981486,Fiorentina,Eddy Kouadio,D,Panchina,0,0,
7,13981486,Fiorentina,Cher Ndour,M,Panchina,0,0,
7,13981486,Fiorentina,Abdelhamid Sabiri,M,Panchina,0,0,
7,13981487,Atalanta,Marco Carnesecchi,G,Titolare,0,0,
7,13981487,Atalanta,Berat Djimsiti,D,Titolare,0,0,
7,13981487,Atalanta,Isak Hien,D,Titolare,0,0,
7,13981487,Atalanta,Honest Ahanor,D,Titolare,0,0,
7,13981487,Atalanta,Davide Zappacosta,M,Titolare,0,0,
7,13981487,Atalanta,Éderson,M,Titolare,0,0,
7,13981487,Atalanta,Mario Pašalić,M,Titolare,0,0,
7,13981487,Atalanta,Lorenzo Bernasconi,M,Titolare,0,0,
7,13981487,Atalanta,Charles De Ketelaere,F,Titolare,0,0,
7,13981487,Atalanta,Kamaldeen Sulemana,F,Titolare,0,0,
7,13981487,Atalanta,Ademola Lookman,F,Titolare,0,0,
7,13981487,Atalanta,Giorgio Scalvini,D,Panchina,0,0,
7,13981487,Atalanta,Marten de Roon,M,Panchina,0,0,
7,13981487,Atalanta,Nikola Krstović,F,Panchina,0,0,
7,13981487,Atalanta,Daniel Maldini,F,Panchina,0,0,
7,13981487,Atalanta,Marco Sportiello,G,Panchina,0,0,
7,13981487,Atalanta,Francesco Rossi,G,Panchina,0,0,
7,13981487,Atalanta,Relja Obrić,D,Panchina,0,0,
7,13981487,Atalanta,Lazar Samardžić,M,Panchina,0,0,
7,13981487,Atalanta,Marco Brescianini,M,Panchina,0,0,
7,13981487,Atalanta,Yunus Musah,M,Panchina,0,0,
7,13981487,Atalanta,Nicola Zalewski,M,Panchina,0,0,
7,13981487,Atalanta,Gianluca Scamacca,F,Panchina,0,0,
7,13981487,Lazio,Ivan Provedel,G,Titolare,0,0,
7,13981487,Lazio,Adam Marušić,D,Titolare,0,0,
7,13981487,Lazio,Mario Gila,D,Titolare,0,0,
7,13981487,Lazio,Alessio Romagnoli,D,Titolare,0,0,
7,13981487,Lazio,Nuno Tavares,D,Titolare,0,0,
7,13981487,Lazio,Mattéo Guendouzi,M,Titolare,0,0,
7,13981487,Lazio,Danilo Cataldi,M,Titolare,0,0,
7,13981487,Lazio,Toma Bašić,M,Titolare,0,0,
7,13981487,Lazio,Matteo Cancellieri,F,Titolare,0,0,
7,13981487,Lazio,Boulaye Dia,F,Titolare,0,0,
7,13981487,Lazio,Mattia Zaccagni,F,Titolare,0,0,
7,13981487,Lazio,Gustav Isaksen,F,Panchina,0,0,
7,13981487,Lazio,Matías Vecino,M,Panchina,0,0,
7,13981487,Lazio,Pedro,F,Panchina,0,0,
7,13981487,Lazio,Manuel Lazzari,D,Panchina,0,0,
7,13981487,Lazio,Oliver Provstgaard,D,Panchina,0,0,
7,13981487,Lazio,Christos Mandas,G,Panchina,0,0,
7,13981487,Lazio,Alessio Furlanetto,G,Panchina,0,0,
7,13981487,Lazio,Elseid Hysaj,D,Panchina,0,0,
7,13981487,Lazio,Patric,D,Panchina,0,0,
7,13981487,Lazio,Reda Belahyane,M,Panchina,0,0,
7,13981487,Lazio,Tijjani Noslin,F,Panchina,0,0,
7,13981490,Lecce,Wladimiro Falcone,G,Titolare,0,0,
7,13981490,Lecce,Danilo Veiga,D,Titolare,0,0,
7,13981490,Lecce,Kialonda Gaspar,D,Titolare,0,0,
7,13981490,Lecce,Tiago Gabriel,D,Titolare,0,0,
7,13981490,Lecce,Antonino Gallo,D,Titolare,0,0,
7,13981490,Lecce,Lassana Coulibaly,M,Titolare,0,0,
7,13981490,Lecce,Ylber Ramadani,M,Titolare,0,0,
7,13981490,Lecce,Medon Berisha,M,Titolare,0,0,
7,13981490,Lecce,Santiago Pierotti,F,Titolare,0,0,
7,13981490,Lecce,Nikola Štulić,F,Titolare,0,0,
7,13981490,Lecce,Tete Morente,F,Titolare,0,0,
7,13981490,Lecce,Þórir Jóhann Helgason,M,Panchina,0,0,
7,13981490,Lecce,Francesco Camarda,F,Panchina,0,0,
7,13981490,Lecce,Lameck Banda,M,Panchina,0,0,
7,13981490,Lecce,Balthazar Pierret,M,Panchina,0,0,
7,13981490,Lecce,N'Dri Konan,F,Panchina,0,0,
7,13981490,Lecce,Jasper Samooja,G,Panchina,0,0,
7,13981490,Lecce,Christian Früchtl,G,Panchina,0,0,
7,13981490,Lecce,Christ-Owen Kouassi,D,Panchina,0,0,
7,13981490,Lecce,Corrie Ndaba,D,Panchina,0,0,
7,13981490,Lecce,Jamil Siebert,D,Panchina,0,0,
7,13981490,Lecce,Mohamed Kaba,M,Panchina,0,0,
7,13981490,Lecce,Niko Kovač,M,Panchina,0,0,
7,13981490,Lecce,Alex Sala,M,Panchina,0,0,
7,13981490,Lecce,Youssef Maleh,M,Panchina,0,0,
7,13981490,Sassuolo,Arijanet Murić,G,Titolare,0,0,
7,13981490,Sassuolo,Sebastian Walukiewicz,D,Titolare,0,0,
7,13981490,Sassuolo,Filippo Romagna,D,Titolare,0,0,
7,13981490,Sassuolo,Jay Idzes,D,Titolare,0,0,
7,13981490,Sassuolo,Josh Doig,D,Titolare,0,0,
7,13981490,Sassuolo,Aster Vranckx,M,Titolare,0,0,
7,13981490,Sassuolo,Nemanja Matić,M,Titolare,0,0,
7,13981490,Sassuolo,Kristian Thorstvedt,M,Titolare,0,0,
7,13981490,Sassuolo,Domenico Berardi,F,Titolare,0,0,
7,13981490,Sassuolo,Andrea Pinamonti,F,Titolare,0,0,
7,13981490,Sassuolo,Armand Laurienté,F,Titolare,0,0,
7,13981490,Sassuolo,Edoardo Iannoni,M,Panchina,0,0,
7,13981490,Sassuolo,Nicholas Pierini,F,Panchina,0,0,
7,13981490,Sassuolo,Fali Candé,D,Panchina,0,0,
7,13981490,Sassuolo,Walid Cheddira,F,Panchina,0,0,
7,13981490,Sassuolo,Stefano Turati,G,Panchina,0,0,
7,13981490,Sassuolo,Gioele Zacchi,G,Panchina,0,0,
7,13981490,Sassuolo,Cas Odenthal,D,Panchina,0,0,
7,13981490,Sassuolo,Woyo Coulibaly,D,Panchina,0,0,
7,13981490,Sassuolo,Luca Lipani,M,Panchina,0,0,
7,13981490,Sassuolo,Cristian Volpato,M,Panchina,0,0,
7,13981490,Sassuolo,Ismael Koné,M,Panchina,0,0,
7,13981490,Sassuolo,Alieu Fadera,F,Panchina,0,0,
7,13981490,Sassuolo,Laurs Skjellerup,F,Panchina,0,0,
7,13981490,Sassuolo,Luca Moro,F,Panchina,0,0,
7,13981491,Cremonese,Marco Silvestri,G,Titolare,0,0,
7,13981491,Cremonese,Filippo Terracciano,D,Titolare,0,0,
7,13981491,Cremonese,Federico Baschirotto,D,Titolare,0,0,
7,13981491,Cremonese,Matteo Bianchetti,D,Titolare,0,0,
7,13981491,Cremonese,Alessio Zerbin,M,Titolare,0,0,
7,13981491,Cremonese,Martín Payero,M,Titolare,0,0,
7,13981491,Cremonese,Warren Bondo,M,Titolare,0,0,
7,13981491,Cremonese,Jari Vandeputte,M,Titolare,0,0,
7,13981491,Cremonese,Giuseppe Pezzella,M,Titolare,0,0,
7,13981491,Cremonese,Federico Bonazzoli,F,Titolare,0,0,
7,13981491,Cremonese,Jamie Vardy,F,Titolare,0,0,
7,13981491,Cremonese,Tommaso Barbieri,M,Panchina,0,0,
7,13981491,Cremonese,Dachi Lordkipanidze,M,Panchina,0,0,
7,13981491,Cremonese,Jeremy Sarmiento,M,Panchina,0,0,
7,13981491,Cremonese,Franco Vázquez,M,Panchina,0,0,
7,13981491,Cremonese,Adrian Malovec,G,Panchina,0,0,
7,13981491,Cremonese,Lapo Nava,G,Panchina,0,0,
7,13981491,Cremonese,Francesco Folino,D,Panchina,0,0,
7,13981491,Cremonese,Mikayil Faye,D,Panchina,0,0,
7,13981491,Cremonese,Federico Ceccherini,D,Panchina,0,0,
7,13981491,Cremonese,Romano Floriani Mussolini,M,Panchina,0,0,
7,13981491,Cremonese,Alberto Grassi,M,Panchina,0,0,
7,13981491,Cremonese,Dennis Johnsen,F,Panchina,0,0,
7,13981491,Cremonese,Antonio Sanabria,F,Panchina,0,0,
7,13981491,Udinese,Maduka Okoye,G,Titolare,0,0,
7,13981491,Udinese,Saba Goglichidze,D,Titolare,0,0,
7,13981491,Udinese,Christian Kabasele,D,Titolare,0,0,
7,13981491,Udinese,Oumar Solet,D,Titolare,0,0,
7,13981491,Udinese,Alessandro Zanoli,M,Titolare,0,0,
7,13981491,Udinese,Jürgen Ekkelenkamp,M,Titolare,0,0,
7,13981491,Udinese,Jesper Karlström,M,Titolare,0,0,
7,13981491,Udinese,Arthur Atta,M,Titolare,0,0,
7,13981491,Udinese,Hassane Kamara,M,Titolare,0,0,
7,13981491,Udinese,Nicolò Zaniolo,F,Titolare,0,0,
7,13981491,Udinese,Vakoun Issouf Bayo,F,Titolare,0,0,
7,13981491,Udinese,Jakub Piotrowski,M,Panchina,0,0,
7,13981491,Udinese,Adam Buksa,F,Panchina,0,0,
7,13981491,Udinese,Keinan Davis,F,Panchina,0,0,
7,13981491,Udinese,Kingsley Ehizibue,M,Panchina,0,0,
7,13981491,Udinese,Lennon Miller,M,Panchina,0,0,
7,13981491,Udinese,Răzvan Sava,G,Panchina,0,0,
7,13981491,Udinese,Daniele Padelli,G,Panchina,0,0,
7,13981491,Udinese,Nicolò Bertola,D,Panchina,0,0,
7,13981491,Udinese,Matteo Palma,D,Panchina,0,0,
7,13981491,Udinese,Jordan Zemura,M,Panchina,0,0,
7,13981491,Udinese,Sandi Lovrić,M,Panchina,0,0,
7,13981491,Udinese,Abdoulaye Camara,M,Panchina,0,0,
7,13981491,Udinese,Oier Zarraga,M,Panchina,0,0,
7,13981491,Udinese,Idrissa Gueye,F,Panchina,0,0,
7,13981491,Udinese,Iker Bravo,F,Panchina,0,0,
7,13981494,Genoa,Nicola Leali,G,Titolare,0,0,
7,13981494,Genoa,Stefano Sabelli,M,Titolare,0,0,
7,13981494,Genoa,Leo Østigård,D,Titolare,0,0,
7,13981494,Genoa,Johan Vásquez,D,Titolare,0,0,
7,13981494,Genoa,Brooke Norton-Cuffy,D,Titolare,0,0,
7,13981494,Genoa,Patrizio Masini,M,Titolare,0,0,
7,13981494,Genoa,Morten Frendrup,M,Titolare,0,0,
7,13981494,Genoa,Mikael Ellertsson,M,Titolare,0,0,
7,13981494,Genoa,Ruslan Malinovskyi,M,Titolare,0,0,
7,13981494,Genoa,Vitinha,F,Titolare,0,0,
7,13981494,Genoa,Caleb Ekuban,F,Titolare,0,0,
7,13981494,Genoa,Valentín Carboni,M,Panchina,0,0,
7,13981494,Genoa,Lorenzo Venturino,F,Panchina,0,0,
7,13981494,Genoa,Jeff Ekhator,F,Panchina,0,0,
7,13981494,Genoa,Lorenzo Colombo,F,Panchina,0,0,
7,13981494,Genoa,Maxwel Cornet,F,Panchina,0,0,
7,13981494,Genoa,Benjamin Siegrist,G,Panchina,0,0,
7,13981494,Genoa,Daniele Sommariva,G,Panchina,0,0,
7,13981494,Genoa,Sebastian Otoa,D,Panchina,0,0,
7,13981494,Genoa,Aarón Martín,M,Panchina,0,0,
7,13981494,Genoa,Hugo Cuenca,M,Panchina,0,0,
7,13981494,Genoa,Albert Grønbæk,M,Panchina,0,0,
7,13981494,Genoa,Morten Thorsby,M,Panchina,0,0,
7,13981494,Genoa,Jean Onana,M,Panchina,0,0,
7,13981494,Genoa,Seydou Fini,F,Panchina,0,0,
7,13981494,Parma,Zion Suzuki,G,Titolare,0,0,
7,13981494,Parma,Enrico Delprato,D,Titolare,0,0,
7,13981494,Parma,Alessandro Circati,D,Titolare,0,0,
7,13981494,Parma,Abdoulaye Ndiaye,D,Titolare,0,0,
7,13981494,Parma,Pontus Almqvist,F,Titolare,0,0,
7,13981494,Parma,Adrián Bernabé,M,Titolare,0,0,
7,13981494,Parma,Mandela Keita,M,Titolare,0,0,
7,13981494,Parma,Nahuel Estévez,M,Titolare,0,0,
7,13981494,Parma,Sascha Britschgi,D,Titolare,0,0,
7,13981494,Parma,Patrick Cutrone,F,Titolare,0,0,
7,13981494,Parma,Mateo Pellegrino,F,Titolare,0,0,
7,13981494,Parma,Lautaro Valenti,D,Panchina,0,0,
7,13981494,Parma,Christian Ordoñez,M,Panchina,0,0,
7,13981494,Parma,Oliver Sørensen,M,Panchina,0,0,
7,13981494,Parma,Mariano Troilo,D,Panchina,0,0,
7,13981494,Parma,Milan Đurić,F,Panchina,0,0,
7,13981494,Parma,Filippo Rinaldi,G,Panchina,0,0,
7,13981494,Parma,Edoardo Corvi,G,Panchina,0,0,
7,13981494,Parma,Mathias Løvik,D,Panchina,0,0,
7,13981494,Parma,Hernani,M,Panchina,0,0,
7,13981494,Parma,Benjamin Cremaschi,M,Panchina,0,0,
7,13981494,Parma,Tjaš Begić,F,Panchina,0,0,
7,13981494,Parma,Adrian Benedyczak,F,Panchina,0,0,
7,13981495,Cagliari,Elia Caprile,G,Titolare,0,0,
7,13981495,Cagliari,Gabriele Zappa,D,Titolare,0,0,
7,13981495,Cagliari,Yerry Mina,D,Titolare,0,0,
7,13981495,Cagliari,Sebastiano Luperto,D,Titolare,0,0,
7,13981495,Cagliari,Adam Obert,D,Titolare,0,0,
7,13981495,Cagliari,Marco Palestra,M,Titolare,0,0,
7,13981495,Cagliari,Michel Adopo,M,Titolare,0,0,
7,13981495,Cagliari,Matteo Prati,M,Titolare,0,0,
7,13981495,Cagliari,Michael Folorunsho,M,Titolare,0,0,
7,13981495,Cagliari,Mattia Felici,F,Titolare,0,0,
7,13981495,Cagliari,Sebastiano Esposito,F,Titolare,0,0,
7,13981495,Cagliari,Gennaro Borrelli,F,Panchina,0,0,
7,13981495,Cagliari,Zito Luvumbo,F,Panchina,0,0,
7,13981495,Cagliari,Zé Pedro,D,Panchina,0,0,
7,13981495,Cagliari,Gianluca Gaetano,M,Panchina,0,0,
7,13981495,Cagliari,Semih Kılıçsoy,F,Panchina,0,0,
7,13981495,Cagliari,Giuseppe Ciocci,G,Panchina,0,0,
7,13981495,Cagliari,Vincenzo Sarno,G,Panchina,0,0,
7,13981495,Cagliari,Juan Rodríguez,D,Panchina,0,0,
7,13981495,Cagliari,Riyad Idrissi,D,Panchina,0,0,
7,13981495,Cagliari,Marko Rog,M,Panchina,0,0,
7,13981495,Cagliari,Luca Mazzitelli,M,Panchina,0,0,
7,13981495,Cagliari,Nicolò Cavuoti,M,Panchina,0,0,
7,13981495,Cagliari,Alessandro Deiola,M,Panchina,0,0,
7,13981495,Cagliari,Joseph Liteta,M,Panchina,0,0,
7,13981495,Cagliari,Leonardo Pavoletti,F,Panchina,0,0,
7,13981495,Bologna,Federico Ravaglia,G,Titolare,0,0,
7,13981495,Bologna,Emil Holm,D,Titolare,0,0,
7,13981495,Bologna,Martin Vitík,D,Titolare,0,0,
7,13981495,Bologna,Torbjørn Heggem,D,Titolare,0,0,
7,13981495,Bologna,Juan Miranda,D,Titolare,0,0,
7,13981495,Bologna,Remo Freuler,M,Titolare,0,0,
7,13981495,Bologna,Lewis Ferguson,M,Titolare,0,0,
7,13981495,Bologna,Federico Bernardeschi,F,Titolare,0,0,
7,13981495,Bologna,Jens Odgaard,M,Titolare,0,0,
7,13981495,Bologna,Nicolò Cambiaghi,F,Titolare,0,0,
7,13981495,Bologna,Santiago Castro,F,Titolare,0,0,
7,13981495,Bologna,Riccardo Orsolini,M,Panchina,0,0,
7,13981495,Bologna,Charalampos Lykogiannis,D,Panchina,0,0,
7,13981495,Bologna,Benjamín Domínguez,M,Panchina,0,0,
7,13981495,Bologna,Tommaso Pobega,M,Panchina,0,0,
7,13981495,Bologna,Lorenzo De Silvestri,D,Panchina,0,0,
7,13981495,Bologna,Massimo Pessina,G,Panchina,0,0,
7,13981495,Bologna,Łukasz Skorupski,G,Panchina,0,0,
7,13981495,Bologna,Nicolò Casale,D,Panchina,0,0,
7,13981495,Bologna,Nadir Zortea,D,Panchina,0,0,
7,13981495,Bologna,Jhon Lucumí,D,Panchina,0,0,
7,13981495,Bologna,Giovanni Fabbian,M,Panchina,0,0,
7,13981495,Bologna,Sulemana,M,Panchina,0,0,
7,13981495,Bologna,Nikola Moro,M,Panchina,0,0,
7,13981495,Bologna,Jonathan Rowe,F,Panchina,0,0,
7,13981495,Bologna,Thijs Dallinga,F,Panchina,0,0,
8,13981488,Cremonese,Marco Silvestri,G,Titolare,0,0,
8,13981488,Cremonese,Filippo Terracciano,D,Titolare,0,0,
8,13981488,Cremonese,Federico Baschirotto,D,Titolare,0,0,
8,13981488,Cremonese,Mikayil Faye,D,Titolare,0,0,
8,13981488,Cremonese,Jari Vandeputte,M,Titolare,0,0,
8,13981488,Cremonese,Tommaso Barbieri,M,Titolare,0,0,
8,13981488,Cremonese,Alessio Zerbin,M,Titolare,0,0,
8,13981488,Cremonese,Martín Payero,M,Titolare,0,0,
8,13981488,Cremonese,Romano Floriani Mussolini,M,Titolare,0,0,
8,13981488,Cremonese,Jamie Vardy,F,Titolare,0,0,
8,13981488,Cremonese,Antonio Sanabria,F,Titolare,0,0,
8,13981488,Cremonese,Jeremy Sarmiento,M,Panchina,0,0,
8,13981488,Cremonese,Matteo Bianchetti,D,Panchina,0,0,
8,13981488,Cremonese,Francesco Folino,D,Panchina,0,0,
8,13981488,Cremonese,Franco Vázquez,M,Panchina,0,0,
8,13981488,Cremonese,Lapo Nava,G,Panchina,0,0,
8,13981488,Cremonese,Emil Audero,G,Panchina,0,0,
8,13981488,Cremonese,Federico Ceccherini,D,Panchina,0,0,
8,13981488,Cremonese,Dachi Lordkipanidze,M,Panchina,0,0,
8,13981488,Cremonese,Dennis Johnsen,F,Panchina,0,0,
8,13981488,Cremonese,Federico Bonazzoli,F,Panchina,0,0,
8,13981488,Atalanta,Marco Carnesecchi,G,Titolare,0,0,
8,13981488,Atalanta,Raoul Bellanova,M,Titolare,0,0,
8,13981488,Atalanta,Berat Djimsiti,D,Titolare,0,0,
8,13981488,Atalanta,Isak Hien,D,Titolare,0,0,
8,13981488,Atalanta,Nicola Zalewski,M,Titolare,0,0,
8,13981488,Atalanta,Éderson,M,Titolare,0,0,
8,13981488,Atalanta,Mario Pašalić,M,Titolare,0,0,
8,13981488,Atalanta,Marten de Roon,M,Titolare,0,0,
8,13981488,Atalanta,Charles De Ketelaere,F,Titolare,0,0,
8,13981488,Atalanta,Nikola Krstović,F,Titolare,0,0,
8,13981488,Atalanta,Ademola Lookman,F,Titolare,0,0,
8,13981488,Atalanta,Lazar Samardžić,M,Panchina,0,0,
8,13981488,Atalanta,Gianluca Scamacca,F,Panchina,0,0,
8,13981488,Atalanta,Marco Brescianini,M,Panchina,0,0,
8,13981488,Atalanta,Kamaldeen Sulemana,F,Panchina,0,0,
8,13981488,Atalanta,Marco Sportiello,G,Panchina,0,0,
8,13981488,Atalanta,Francesco Rossi,G,Panchina,0,0,
8,13981488,Atalanta,Honest Ahanor,D,Panchina,0,0,
8,13981488,Atalanta,Odilon Kossounou,D,Panchina,0,0,
8,13981488,Atalanta,Relja Obrić,D,Panchina,0,0,
8,13981488,Atalanta,Yunus Musah,M,Panchina,0,0,
8,13981488,Atalanta,Lorenzo Bernasconi,M,Panchina,0,0,
8,13981488,Atalanta,Davide Zappacosta,M,Panchina,0,0,
8,13981488,Atalanta,Daniel Maldini,F,Panchina,0,0,
8,13981489,Hellas Verona,Lorenzo Montipò,G,Titolare,0,0,
8,13981489,Hellas Verona,Unai Núñez,D,Titolare,0,0,
8,13981489,Hellas Verona,Victor Nelsson,D,Titolare,0,0,
8,13981489,Hellas Verona,Nicolás Valentini,D,Titolare,0,0,
8,13981489,Hellas Verona,Rafik Belghali,M,Titolare,0,0,
8,13981489,Hellas Verona,Suat Serdar,M,Titolare,0,0,
8,13981489,Hellas Verona,Roberto Gagliardini,M,Titolare,0,0,
8,13981489,Hellas Verona,Jean Daniel Akpa-Akpro,M,Titolare,0,0,
8,13981489,Hellas Verona,Domagoj Bradarić,M,Titolare,0,0,
8,13981489,Hellas Verona,Giovane,F,Titolare,0,0,
8,13981489,Hellas Verona,Gift Orban,F,Titolare,0,0,
8,13981489,Hellas Verona,Armel Bella-Kotchap,D,Panchina,0,0,
8,13981489,Hellas Verona,Antoine Bernede,M,Panchina,0,0,
8,13981489,Hellas Verona,Fallou Cham,D,Panchina,0,0,
8,13981489,Hellas Verona,Abdou Harroui,M,Panchina,0,0,
8,13981489,Hellas Verona,Amin Sarr,F,Panchina,0,0,
8,13981489,Hellas Verona,Giacomo Toniolo,G,Panchina,0,0,
8,13981489,Hellas Verona,Simone Perilli,G,Panchina,0,0,
8,13981489,Hellas Verona,Martin Frese,D,Panchina,0,0,
8,13981489,Hellas Verona,Tobias Slotsager,D,Panchina,0,0,
8,13981489,Hellas Verona,Enzo Ebosse,D,Panchina,0,0,
8,13981489,Hellas Verona,Cheikh Niasse,M,Panchina,0,0,
8,13981489,Hellas Verona,Yellu Santiago,M,Panchina,0,0,
8,13981489,Hellas Verona,Daniel Mosquera,F,Panchina,0,0,
8,13981489,Hellas Verona,Junior Ajayi,F,Panchina,0,0,
8,13981489,Cagliari,Elia Caprile,G,Titolare,0,0,
8,13981489,Cagliari,Gabriele Zappa,D,Titolare,0,0,
8,13981489,Cagliari,Zé Pedro,D,Titolare,0,0,
8,13981489,Cagliari,Adam Obert,D,Titolare,0,0,
8,13981489,Cagliari,Marco Palestra,M,Titolare,0,0,
8,13981489,Cagliari,Michael Folorunsho,M,Titolare,0,0,
8,13981489,Cagliari,Matteo Prati,M,Titolare,0,0,
8,13981489,Cagliari,Joseph Liteta,M,Titolare,0,0,
8,13981489,Cagliari,Riyad Idrissi,D,Titolare,0,0,
8,13981489,Cagliari,Gennaro Borrelli,F,Titolare,0,0,
8,13981489,Cagliari,Gianluca Gaetano,M,Titolare,0,0,
8,13981489,Cagliari,Michel Adopo,M,Panchina,0,0,
8,13981489,Cagliari,Leonardo Pavoletti,F,Panchina,0,0,
8,13981489,Cagliari,Zito Luvumbo,F,Panchina,0,0,
8,13981489,Cagliari,Mattia Felici,F,Panchina,0,0,
8,13981489,Cagliari,Luca Mazzitelli,M,Panchina,0,0,
8,13981489,Cagliari,Giuseppe Ciocci,G,Panchina,0,0,
8,13981489,Cagliari,Vincenzo Sarno,G,Panchina,0,0,
8,13981489,Cagliari,Sebastiano Luperto,D,Panchina,0,0,
8,13981489,Cagliari,Juan Rodríguez,D,Panchina,0,0,
8,13981489,Cagliari,Nicolò Cavuoti,M,Panchina,0,0,
8,13981489,Cagliari,Marko Rog,M,Panchina,0,0,
8,13981489,Cagliari,Sebastiano Esposito,F,Panchina,0,0,
8,13981489,Cagliari,Semih Kılıçsoy,F,Panchina,0,0,
8,13981492,Torino,Alberto Paleari,G,Titolare,0,0,
8,13981492,Torino,Adrien Tameze,D,Titolare,0,0,
8,13981492,Torino,Guillermo Maripán,D,Titolare,0,0,
8,13981492,Torino,Saúl Coco,D,Titolare,0,0,
8,13981492,Torino,Marcus Pedersen,M,Titolare,0,0,
8,13981492,Torino,Cesare Casadei,M,Titolare,0,0,
8,13981492,Torino,Kristjan Asllani,M,Titolare,0,0,
8,13981492,Torino,Cristiano Biraghi,D,Titolare,0,0,
8,13981492,Torino,Nikola Vlašić,M,Titolare,0,0,
8,13981492,Torino,Che Adams,F,Titolare,0,0,
8,13981492,Torino,Giovanni Simeone,F,Titolare,0,0,
8,13981492,Torino,Ardian Ismajli,D,Panchina,0,0,
8,13981492,Torino,Valentino Lazaro,M,Panchina,0,0,
8,13981492,Torino,Cyril Ngonge,F,Panchina,0,0,
8,13981492,Torino,Gvidas Gineitis,M,Panchina,0,0,
8,13981492,Torino,Duván Zapata,F,Panchina,0,0,
8,13981492,Torino,Mihai Popa,G,Panchina,0,0,
8,13981492,Torino,Lapo Siviero,G,Panchina,0,0,
8,13981492,Torino,Adam Masina,D,Panchina,0,0,
8,13981492,Torino,Ali Dembélé,D,Panchina,0,0,
8,13981492,Torino,Emirhan İlkhan,M,Panchina,0,0,
8,13981492,Torino,Ivan Ilić,M,Panchina,0,0,
8,13981492,Torino,Zakaria Aboukhlal,F,Panchina,0,0,
8,13981492,Torino,Alieu Njie,F,Panchina,0,0,
8,13981492,Genoa,Nicola Leali,G,Titolare,0,0,
8,13981492,Genoa,Stefano Sabelli,M,Titolare,0,0,
8,13981492,Genoa,Leo Østigård,D,Titolare,0,0,
8,13981492,Genoa,Johan Vásquez,D,Titolare,0,0,
8,13981492,Genoa,Brooke Norton-Cuffy,D,Titolare,0,0,
8,13981492,Genoa,Morten Frendrup,M,Titolare,0,0,
8,13981492,Genoa,Patrizio Masini,M,Titolare,0,0,
8,13981492,Genoa,Mikael Ellertsson,M,Titolare,0,0,
8,13981492,Genoa,Ruslan Malinovskyi,M,Titolare,0,0,
8,13981492,Genoa,Morten Thorsby,M,Titolare,0,0,
8,13981492,Genoa,Jeff Ekhator,F,Titolare,0,0,
8,13981492,Genoa,Caleb Ekuban,F,Panchina,0,0,
8,13981492,Genoa,Jean Onana,M,Panchina,0,0,
8,13981492,Genoa,Maxwel Cornet,F,Panchina,0,0,
8,13981492,Genoa,Vitinha,F,Panchina,0,0,
8,13981492,Genoa,Lorenzo Colombo,F,Panchina,0,0,
8,13981492,Genoa,Benjamin Siegrist,G,Panchina,0,0,
8,13981492,Genoa,Daniele Sommariva,G,Panchina,0,0,
8,13981492,Genoa,Sebastian Otoa,D,Panchina,0,0,
8,13981492,Genoa,Aarón Martín,M,Panchina,0,0,
8,13981492,Genoa,Albert Grønbæk,M,Panchina,0,0,
8,13981492,Genoa,Valentín Carboni,M,Panchina,0,0,
8,13981492,Genoa,Hugo Cuenca,M,Panchina,0,0,
8,13981492,Genoa,Junior Messias,F,Panchina,0,0,
8,13981492,Genoa,Seydou Fini,F,Panchina,0,0,
8,13981492,Genoa,Lorenzo Venturino,F,Panchina,0,0,
8,13981493,Udinese,Maduka Okoye,G,Titolare,0,0,
8,13981493,Udinese,Saba Goglichidze,D,Titolare,0,0,
8,13981493,Udinese,Christian Kabasele,D,Titolare,0,0,
8,13981493,Udinese,Oumar Solet,D,Titolare,0,0,
8,13981493,Udinese,Alessandro Zanoli,M,Titolare,0,0,
8,13981493,Udinese,Jürgen Ekkelenkamp,M,Titolare,0,0,
8,13981493,Udinese,Jesper Karlström,M,Titolare,0,0,
8,13981493,Udinese,Arthur Atta,M,Titolare,0,0,
8,13981493,Udinese,Hassane Kamara,M,Titolare,0,0,
8,13981493,Udinese,Nicolò Zaniolo,F,Titolare,0,0,
8,13981493,Udinese,Keinan Davis,F,Titolare,0,0,
8,13981493,Udinese,Adam Buksa,F,Panchina,0,0,
8,13981493,Udinese,Nicolò Bertola,D,Panchina,0,0,
8,13981493,Udinese,Vakoun Issouf Bayo,F,Panchina,0,0,
8,13981493,Udinese,Jakub Piotrowski,M,Panchina,0,0,
8,13981493,Udinese,Kingsley Ehizibue,M,Panchina,0,0,
8,13981493,Udinese,Daniele Padelli,G,Panchina,0,0,
8,13981493,Udinese,Răzvan Sava,G,Panchina,0,0,
8,13981493,Udinese,Matteo Palma,D,Panchina,0,0,
8,13981493,Udinese,Sandi Lovrić,M,Panchina,0,0,
8,13981493,Udinese,Oier Zarraga,M,Panchina,0,0,
8,13981493,Udinese,Jordan Zemura,M,Panchina,0,0,
8,13981493,Udinese,Lennon Miller,M,Panchina,0,0,
8,13981493,Udinese,Rui Modesto,M,Panchina,0,0,
8,13981493,Udinese,Idrissa Gueye,F,Panchina,0,0,
8,13981493,Lecce,Wladimiro Falcone,G,Titolare,0,0,
8,13981493,Lecce,Danilo Veiga,D,Titolare,0,0,
8,13981493,Lecce,Kialonda Gaspar,D,Titolare,0,0,
8,13981493,Lecce,Tiago Gabriel,D,Titolare,0,0,
8,13981493,Lecce,Antonino Gallo,D,Titolare,0,0,
8,13981493,Lecce,Ylber Ramadani,M,Titolare,0,0,
8,13981493,Lecce,Medon Berisha,M,Titolare,0,0,
8,13981493,Lecce,Santiago Pierotti,F,Titolare,0,0,
8,13981493,Lecce,Þórir Jóhann Helgason,M,Titolare,0,0,
8,13981493,Lecce,Tete Morente,F,Titolare,0,0,
8,13981493,Lecce,Nikola Štulić,F,Titolare,0,0,
8,13981493,Lecce,Lameck Banda,M,Panchina,0,0,
8,13981493,Lecce,N'Dri Konan,F,Panchina,0,0,
8,13981493,Lecce,Francesco Camarda,F,Panchina,0,0,
8,13981493,Lecce,Youssef Maleh,M,Panchina,0,0,
8,13981493,Lecce,Alex Sala,M,Panchina,0,0,
8,13981493,Lecce,Christian Früchtl,G,Panchina,0,0,
8,13981493,Lecce,Jasper Samooja,G,Panchina,0,0,
8,13981493,Lecce,Corrie Ndaba,D,Panchina,0,0,
8,13981493,Lecce,Jamil Siebert,D,Panchina,0,0,
8,13981493,Lecce,Christ-Owen Kouassi,D,Panchina,0,0,
8,13981493,Lecce,Lassana Coulibaly,M,Panchina,0,0,
8,13981493,Lecce,Balthazar Pierret,M,Panchina,0,0,
8,13981493,Lecce,Mohamed Kaba,M,Panchina,0,0,
8,13981496,Sassuolo,Arijanet Murić,G,Titolare,0,0,
8,13981496,Sassuolo,Sebastian Walukiewicz,D,Titolare,0,0,
8,13981496,Sassuolo,Jay Idzes,D,Titolare,0,0,
8,13981496,Sassuolo,Filippo Romagna,D,Titolare,0,0,
8,13981496,Sassuolo,Josh Doig,D,Titolare,0,0,
8,13981496,Sassuolo,Kristian Thorstvedt,M,Titolare,0,0,
8,13981496,Sassuolo,Nemanja Matić,M,Titolare,0,0,
8,13981496,Sassuolo,Ismael Koné,M,Titolare,0,0,
8,13981496,Sassuolo,Domenico Berardi,F,Titolare,0,0,
8,13981496,Sassuolo,Andrea Pinamonti,F,Titolare,0,0,
8,13981496,Sassuolo,Alieu Fadera,F,Titolare,0,0,
8,13981496,Sassuolo,Fali Candé,D,Panchina,0,0,
8,13981496,Sassuolo,Aster Vranckx,M,Panchina,0,0,
8,13981496,Sassuolo,Cristian Volpato,M,Panchina,0,0,
8,13981496,Sassuolo,Armand Laurienté,F,Panchina,0,0,
8,13981496,Sassuolo,Walid Cheddira,F,Panchina,0,0,
8,13981496,Sassuolo,Lorenzo Nyarko,G,Panchina,0,0,
8,13981496,Sassuolo,Stefano Turati,G,Panchina,0,0,
8,13981496,Sassuolo,Gioele Zacchi,G,Panchina,0,0,
8,13981496,Sassuolo,Cas Odenthal,D,Panchina,0,0,
8,13981496,Sassuolo,Woyo Coulibaly,D,Panchina,0,0,
8,13981496,Sassuolo,Yeferson Paz,D,Panchina,0,0,
8,13981496,Sassuolo,Edoardo Iannoni,M,Panchina,0,0,
8,13981496,Sassuolo,Luca Lipani,M,Panchina,0,0,
8,13981496,Sassuolo,Nicholas Pierini,F,Panchina,0,0,
8,13981496,Sassuolo,Luca Moro,F,Panchina,0,0,
8,13981496,AS Roma,Mile Svilar,G,Titolare,0,0,
8,13981496,AS Roma,Zeki Çelik,D,Titolare,0,0,
8,13981496,AS Roma,Gianluca Mancini,D,Titolare,0,0,
8,13981496,AS Roma,Evan Ndicka,D,Titolare,0,0,
8,13981496,AS Roma,Wesley,M,Titolare,0,0,
8,13981496,AS Roma,Neil El Aynaoui,M,Titolare,0,0,
8,13981496,AS Roma,Bryan Cristante,M,Titolare,0,0,
8,13981496,AS Roma,Manu Koné,M,Titolare,0,0,
8,13981496,AS Roma,Kostas Tsimikas,D,Titolare,0,0,
8,13981496,AS Roma,Paulo Dybala,F,Titolare,0,0,
8,13981496,AS Roma,Leon Bailey,F,Titolare,0,0,
8,13981496,AS Roma,Mario Hermoso,D,Panchina,0,0,
8,13981496,AS Roma,Artem Dovbyk,F,Panchina,0,0,
8,13981496,AS Roma,Matías Soulé,F,Panchina,0,0,
8,13981496,AS Roma,Lorenzo Pellegrini,F,Panchina,0,0,
8,13981496,AS Roma,Devyne Rensch,M,Panchina,0,0,
8,13981496,AS Roma,Devis Vásquez,G,Panchina,0,0,
8,13981496,AS Roma,Pierluigi Gollini,G,Panchina,0,0,
8,13981496,AS Roma,Daniele Ghilardi,D,Panchina,0,0,
8,13981496,AS Roma,Jan Ziółkowski,D,Panchina,0,0,
8,13981496,AS Roma,Buba Sangaré,D,Panchina,0,0,
8,13981496,AS Roma,Tommaso Baldanzi,M,Panchina,0,0,
8,13981496,AS Roma,Niccolò Pisilli,M,Panchina,0,0,
8,13981496,AS Roma,Evan Ferguson,F,Panchina,0,0,
8,13981496,AS Roma,Stephan El Shaarawy,F,Panchina,0,0,
8,13981497,Parma,Zion Suzuki,G,Titolare,0,0,
8,13981497,Parma,Enrico Delprato,D,Titolare,0,0,
8,13981497,Parma,Alessandro Circati,D,Titolare,0,0,
8,13981497,Parma,Lautaro Valenti,D,Titolare,0,0,
8,13981497,Parma,Adrián Bernabé,M,Titolare,0,0,
8,13981497,Parma,Nahuel Estévez,M,Titolare,0,0,
8,13981497,Parma,Mandela Keita,M,Titolare,0,0,
8,13981497,Parma,Christian Ordoñez,M,Titolare,0,0,
8,13981497,Parma,Sascha Britschgi,D,Titolare,0,0,
8,13981497,Parma,Patrick Cutrone,F,Titolare,0,0,
8,13981497,Parma,Mateo Pellegrino,F,Titolare,0,0,
8,13981497,Parma,Oliver Sørensen,M,Panchina,0,0,
8,13981497,Parma,Hernani,M,Panchina,0,0,
8,13981497,Parma,Adrian Benedyczak,F,Panchina,0,0,
8,13981497,Parma,Milan Đurić,F,Panchina,0,0,
8,13981497,Parma,Edoardo Corvi,G,Panchina,0,0,
8,13981497,Parma,Filippo Rinaldi,G,Panchina,0,0,
8,13981497,Parma,Mariano Troilo,D,Panchina,0,0,
8,13981497,Parma,Mathias Løvik,D,Panchina,0,0,
8,13981497,Parma,Nicolas Trabucchi,D,Panchina,0,0,
8,13981497,Parma,Benjamin Cremaschi,M,Panchina,0,0,
8,13981497,Parma,Alessandro Cardinali,M,Panchina,0,0,
8,13981497,Parma,Tjaš Begić,F,Panchina,0,0,
8,13981497,Como,Jean Butez,G,Titolare,0,0,
8,13981497,Como,Ivan Smolčić,D,Titolare,0,0,
8,13981497,Como,Diego Carlos,D,Titolare,0,0,
8,13981497,Como,Marc Kempf,D,Titolare,0,0,
8,13981497,Como,Alberto Moreno,D,Titolare,0,0,
8,13981497,Como,Máximo Perrone,M,Titolare,0,0,
8,13981497,Como,Lucas Da Cunha,M,Titolare,0,0,
8,13981497,Como,Mërgim Vojvoda,D,Titolare,0,0,
8,13981497,Como,Nico Paz,M,Titolare,0,0,
8,13981497,Como,Maxence Caqueret,M,Titolare,0,0,
8,13981497,Como,Álvaro Morata,F,Titolare,0,0,
8,13981497,Como,Assane Diao,M,Panchina,0,0,
8,13981497,Como,Nicolas-Gerrit Kühn,F,Panchina,0,0,
8,13981497,Como,Martin Baturina,M,Panchina,0,0,
8,13981497,Como,Anastasios Douvikas,F,Panchina,0,0,
8,13981497,Como,Mauro Vigorito,G,Panchina,0,0,
8,13981497,Como,Nikola Čavlina,G,Panchina,0,0,
8,13981497,Como,Ignace Van der Brempt,D,Panchina,0,0,
8,13981497,Como,Jacobo Ramón,D,Panchina,0,0,
8,13981497,Como,Stefan Posch,D,Panchina,0,0,
8,13981497,Como,Edoardo Goldaniga,D,Panchina,0,0,
8,13981497,Como,Álex Valle,D,Panchina,0,0,
8,13981497,Como,Andrea Le Borgne,M,Panchina,0,0,
8,13981497,Como,Jayden Addai,M,Panchina,0,0,
8,13981497,Como,Alberto Cerri,F,Panchina,0,0,
8,13981498,SSC Napoli,Vanja Milinković-Savić,G,Titolare,0,0,
8,13981498,SSC Napoli,Giovanni Di Lorenzo,D,Titolare,0,0,
8,13981498,SSC Napoli,Juan Jesus,D,Titolare,0,0,
8,13981498,SSC Napoli,Alessandro Buongiorno,D,Titolare,0,0,
8,13981498,SSC Napoli,Leonardo Spinazzola,D,Titolare,0,0,
8,13981498,SSC Napoli,Billy Gilmour,M,Titolare,0,0,
8,13981498,SSC Napoli,Matteo Politano,M,Titolare,0,0,
8,13981498,SSC Napoli,Frank Anguissa,M,Titolare,0,0,
8,13981498,SSC Napoli,Kevin De Bruyne,M,Titolare,0,0,
8,13981498,SSC Napoli,Scott McTominay,M,Titolare,0,0,
8,13981498,SSC Napoli,David Neres,F,Titolare,0,0,
8,13981498,SSC Napoli,Mathías Olivera,D,Panchina,0,0,
8,13981498,SSC Napoli,Noa Lang,F,Panchina,0,0,
8,13981498,SSC Napoli,Eljif Elmas,M,Panchina,0,0,
8,13981498,SSC Napoli,Miguel Gutiérrez,D,Panchina,0,0,
8,13981498,SSC Napoli,Sam Beukema,D,Panchina,0,0,
8,13981498,SSC Napoli,Mathias Ferrante,G,Panchina,0,0,
8,13981498,SSC Napoli,David Spinelli,G,Panchina,0,0,
8,13981498,SSC Napoli,Luca Marianucci,D,Panchina,0,0,
8,13981498,SSC Napoli,Pasquale Mazzocchi,M,Panchina,0,0,
8,13981498,SSC Napoli,Antonio Vergara,F,Panchina,0,0,
8,13981498,SSC Napoli,Lorenzo Lucca,F,Panchina,0,0,
8,13981498,SSC Napoli,Giuseppe Ambrosino,F,Panchina,0,0,
8,13981498,Inter,Yann Sommer,G,Titolare,0,0,
8,13981498,Inter,Manuel Akanji,D,Titolare,0,0,
8,13981498,Inter,Francesco Acerbi,D,Titolare,0,0,
8,13981498,Inter,Alessandro Bastoni,D,Titolare,0,0,
8,13981498,Inter,Denzel Dumfries,M,Titolare,0,0,
8,13981498,Inter,Nicolò Barella,M,Titolare,0,0,
8,13981498,Inter,Hakan Çalhanoğlu,M,Titolare,0,0,
8,13981498,Inter,Henrikh Mkhitaryan,M,Titolare,0,0,
8,13981498,Inter,Federico Dimarco,M,Titolare,0,0,
8,13981498,Inter,Ange-Yoan Bonny,F,Titolare,0,0,
8,13981498,Inter,Lautaro Martínez,F,Titolare,0,0,
8,13981498,Inter,Piotr Zieliński,M,Panchina,0,0,
8,13981498,Inter,Francesco Pio Esposito,F,Panchina,0,0,
8,13981498,Inter,Petar Sučić,M,Panchina,0,0,
8,13981498,Inter,Luís Henrique,M,Panchina,0,0,
8,13981498,Inter,Davide Frattesi,M,Panchina,0,0,
8,13981498,Inter,Josep Martínez,G,Panchina,0,0,
8,13981498,Inter,Alessandro Calligaris,G,Panchina,0,0,
8,13981498,Inter,Stefan de Vrij,D,Panchina,0,0,
8,13981498,Inter,Carlos Augusto,D,Panchina,0,0,
8,13981498,Inter,Yann Bisseck,D,Panchina,0,0,
8,13981498,Inter,Andy Diouf,M,Panchina,0,0,
8,13981499,AC Milan,Mike Maignan,G,Titolare,0,0,
8,13981499,AC Milan,Koni De Winter,D,Titolare,0,0,
8,13981499,AC Milan,Matteo Gabbia,D,Titolare,0,0,
8,13981499,AC Milan,Strahinja Pavlović,D,Titolare,0,0,
8,13981499,AC Milan,Luka Modrić,M,Titolare,0,0,
8,13981499,AC Milan,Alexis Saelemaekers,M,Titolare,0,0,
8,13981499,AC Milan,Youssouf Fofana,M,Titolare,0,0,
8,13981499,AC Milan,Samuele Ricci,M,Titolare,0,0,
8,13981499,AC Milan,Davide Bartesaghi,M,Titolare,0,0,
8,13981499,AC Milan,Santiago Giménez,F,Titolare,0,0,
8,13981499,AC Milan,Rafael Leão,F,Titolare,0,0,
8,13981499,AC Milan,Zachary Athekame,D,Panchina,0,0,
8,13981499,AC Milan,Christopher Nkunku,F,Panchina,0,0,
8,13981499,AC Milan,Pietro Terracciano,G,Panchina,0,0,
8,13981499,AC Milan,Matteo Pittarella,G,Panchina,0,0,
8,13981499,AC Milan,David Odogu,D,Panchina,0,0,
8,13981499,AC Milan,Fikayo Tomori,D,Panchina,0,0,
8,13981499,AC Milan,Emanuele Sala,M,Panchina,0,0,
8,13981499,Pisa,Adrian Šemper,G,Titolare,0,0,
8,13981499,Pisa,Simone Canestrelli,D,Titolare,0,0,
8,13981499,Pisa,Raúl Albiol,D,Titolare,0,0,
8,13981499,Pisa,Antonio Caracciolo,D,Titolare,0,0,
8,13981499,Pisa,Idrissa Touré,M,Titolare,0,0,
8,13981499,Pisa,Matteo Tramoni,F,Titolare,0,0,
8,13981499,Pisa,Michel Aebischer,M,Titolare,0,0,
8,13981499,Pisa,Ebenezer Akinsanmiro,M,Titolare,0,0,
8,13981499,Pisa,Giovanni Bonfanti,D,Titolare,0,0,
8,13981499,Pisa,Henrik Wendel Meister,F,Titolare,0,0,
8,13981499,Pisa,M'bala Nzola,F,Titolare,0,0,
8,13981499,Pisa,Arturo Calabresi,D,Panchina,0,0,
8,13981499,Pisa,Juan Cuadrado,M,Panchina,0,0,
8,13981499,Pisa,Isak Vural,M,Panchina,0,0,
8,13981499,Pisa,Stefano Moreo,F,Panchina,0,0,
8,13981499,Pisa,Nícolas,G,Panchina,0,0,
8,13981499,Pisa,Simone Scuffet,G,Panchina,0,0,
8,13981499,Pisa,Daniel Denoon,D,Panchina,0,0,
8,13981499,Pisa,Mehdi Léris,M,Panchina,0,0,
8,13981499,Pisa,Marius Marin,M,Panchina,0,0,
8,13981499,Pisa,Samuele Angori,M,Panchina,0,0,
8,13981499,Pisa,Gabriele Piccinini,M,Panchina,0,0,
8,13981499,Pisa,Malthe Højholt,M,Panchina,0,0,
8,13981499,Pisa,Lorran,M,Panchina,0,0,
8,13981499,Pisa,Louis Buffon,F,Panchina,0,0,
8,13981500,Lazio,Ivan Provedel,G,Titolare,0,0,
8,13981500,Lazio,Manuel Lazzari,D,Titolare,0,0,
8,13981500,Lazio,Mario Gila,D,Titolare,0,0,
8,13981500,Lazio,Alessio Romagnoli,D,Titolare,0,0,
8,13981500,Lazio,Adam Marušić,D,Titolare,0,0,
8,13981500,Lazio,Mattéo Guendouzi,M,Titolare,0,0,
8,13981500,Lazio,Danilo Cataldi,M,Titolare,0,0,
8,13981500,Lazio,Toma Bašić,M,Titolare,0,0,
8,13981500,Lazio,Gustav Isaksen,F,Titolare,0,0,
8,13981500,Lazio,Boulaye Dia,F,Titolare,0,0,
8,13981500,Lazio,Mattia Zaccagni,F,Titolare,0,0,
8,13981500,Lazio,Luca Pellegrini,D,Panchina,0,0,
8,13981500,Lazio,Matías Vecino,M,Panchina,0,0,
8,13981500,Lazio,Tijjani Noslin,F,Panchina,0,0,
8,13981500,Lazio,Pedro,F,Panchina,0,0,
8,13981500,Lazio,Alessio Furlanetto,G,Panchina,0,0,
8,13981500,Lazio,Christos Mandas,G,Panchina,0,0,
8,13981500,Lazio,Elseid Hysaj,D,Panchina,0,0,
8,13981500,Lazio,Oliver Provstgaard,D,Panchina,0,0,
8,13981500,Lazio,Patric,D,Panchina,0,0,
8,13981500,Lazio,Reda Belahyane,M,Panchina,0,0,
8,13981500,Juventus,Mattia Perin,G,Titolare,0,0,
8,13981500,Juventus,Pierre Kalulu,D,Titolare,0,0,
8,13981500,Juventus,Federico Gatti,D,Titolare,0,0,
8,13981500,Juventus,Lloyd Kelly,D,Titolare,0,0,
8,13981500,Juventus,Francisco Conceição,F,Titolare,0,0,
8,13981500,Juventus,Teun Koopmeiners,M,Titolare,0,0,
8,13981500,Juventus,Manuel Locatelli,M,Titolare,0,0,
8,13981500,Juventus,Weston McKennie,M,Titolare,0,0,
8,13981500,Juventus,Andrea Cambiaso,M,Titolare,0,0,
8,13981500,Juventus,Dušan Vlahović,F,Titolare,0,0,
8,13981500,Juventus,Jonathan David,F,Titolare,0,0,
8,13981500,Juventus,Kenan Yıldız,F,Panchina,0,0,
8,13981500,Juventus,Filip Kostić,M,Panchina,0,0,
8,13981500,Juventus,Khéphren Thuram,M,Panchina,0,0,
8,13981500,Juventus,Loïs Openda,F,Panchina,0,0,
8,13981500,Juventus,João Mário,D,Panchina,0,0,
8,13981500,Juventus,Michele Di Gregorio,G,Panchina,0,0,
8,13981500,Juventus,Matteo Fuscaldo,G,Panchina,0,0,
8,13981500,Juventus,Pedro Felipe,D,Panchina,0,0,
8,13981500,Juventus,Daniele Rugani,D,Panchina,0,0,
8,13981500,Juventus,Fabio Miretti,M,Panchina,0,0,
8,13981500,Juventus,Vasilije Adžić,M,Panchina,0,0,
8,13981500,Juventus,Edon Zhegrova,F,Panchina,0,0,
8,13981502,Fiorentina,David De Gea,G,Titolare,0,0,
8,13981502,Fiorentina,Marin Pongračić,D,Titolare,0,0,
8,13981502,Fiorentina,Pablo Marí,D,Titolare,0,0,
8,13981502,Fiorentina,Luca Ranieri,D,Titolare,0,0,
8,13981502,Fiorentina,Dodô,M,Titolare,0,0,
8,13981502,Fiorentina,Rolando Mandragora,M,Titolare,0,0,
8,13981502,Fiorentina,Hans Nicolussi Caviglia,M,Titolare,0,0,
8,13981502,Fiorentina,Nicolò Fagioli,M,Titolare,0,0,
8,13981502,Fiorentina,Robin Gosens,D,Titolare,0,0,
8,13981502,Fiorentina,Moise Kean,F,Titolare,0,0,
8,13981502,Fiorentina,Albert Guðmundsson,F,Titolare,0,0,
8,13981502,Fiorentina,Niccolò Fortini,D,Panchina,0,0,
8,13981502,Fiorentina,Cher Ndour,M,Panchina,0,0,
8,13981502,Fiorentina,Edin Džeko,F,Panchina,0,0,
8,13981502,Fiorentina,Abdelhamid Sabiri,M,Panchina,0,0,
8,13981502,Fiorentina,Roberto Piccoli,F,Panchina,0,0,
8,13981502,Fiorentina,Tommaso Martinelli,G,Panchina,0,0,
8,13981502,Fiorentina,Luca Lezzerini,G,Panchina,0,0,
8,13981502,Fiorentina,Pietro Comuzzo,D,Panchina,0,0,
8,13981502,Fiorentina,Eddy Kouadio,D,Panchina,0,0,
8,13981502,Fiorentina,Mattia Viti,D,Panchina,0,0,
8,13981502,Fiorentina,Fabiano Parisi,D,Panchina,0,0,
8,13981502,Fiorentina,Amir Richardson,M,Panchina,0,0,
8,13981502,Fiorentina,Simon Sohm,M,Panchina,0,0,
8,13981502,Fiorentina,Jacopo Fazzini,F,Panchina,0,0,
8,13981502,Bologna,Łukasz Skorupski,G,Titolare,0,0,
8,13981502,Bologna,Emil Holm,D,Titolare,0,0,
8,13981502,Bologna,Torbjørn Heggem,D,Titolare,0,0,
8,13981502,Bologna,Jhon Lucumí,D,Titolare,0,0,
8,13981502,Bologna,Juan Miranda,D,Titolare,0,0,
8,13981502,Bologna,Remo Freuler,M,Titolare,0,0,
8,13981502,Bologna,Lewis Ferguson,M,Titolare,0,0,
8,13981502,Bologna,Riccardo Orsolini,M,Titolare,0,0,
8,13981502,Bologna,Giovanni Fabbian,M,Titolare,0,0,
8,13981502,Bologna,Nicolò Cambiaghi,F,Titolare,0,0,
8,13981502,Bologna,Santiago Castro,F,Titolare,0,0,
8,13981502,Bologna,Jonathan Rowe,F,Panchina,0,0,
8,13981502,Bologna,Thijs Dallinga,F,Panchina,0,0,
8,13981502,Bologna,Federico Bernardeschi,F,Panchina,0,0,
8,13981502,Bologna,Tommaso Pobega,M,Panchina,0,0,
8,13981502,Bologna,Nicolò Casale,D,Panchina,0,0,
8,13981502,Bologna,Federico Ravaglia,G,Panchina,0,0,
8,13981502,Bologna,Massimo Pessina,G,Panchina,0,0,
8,13981502,Bologna,Martin Vitík,D,Panchina,0,0,
8,13981502,Bologna,Charalampos Lykogiannis,D,Panchina,0,0,
8,13981502,Bologna,Nadir Zortea,D,Panchina,0,0,
8,13981502,Bologna,Lorenzo De Silvestri,D,Panchina,0,0,
8,13981502,Bologna,Benjamín Domínguez,M,Panchina,0,0,
8,13981502,Bologna,Sulemana,M,Panchina,0,0,
8,13981502,Bologna,Nikola Moro,M,Panchina,0,0,
9,13981501,Atalanta,Marco Carnesecchi,G,Titolare,0,0,
9,13981501,Atalanta,Odilon Kossounou,D,Titolare,0,0,
9,13981501,Atalanta,Isak Hien,D,Titolare,0,0,
9,13981501,Atalanta,Honest Ahanor,D,Titolare,0,0,
9,13981501,Atalanta,Davide Zappacosta,M,Titolare,0,0,
9,13981501,Atalanta,Éderson,M,Titolare,0,0,
9,13981501,Atalanta,Marten de Roon,M,Titolare,0,0,
9,13981501,Atalanta,Lorenzo Bernasconi,M,Titolare,0,0,
9,13981501,Atalanta,Mario Pašalić,M,Titolare,0,0,
9,13981501,Atalanta,Charles De Ketelaere,F,Titolare,0,0,
9,13981501,Atalanta,Ademola Lookman,F,Titolare,0,0,
9,13981501,Atalanta,Marco Brescianini,M,Panchina,0,0,
9,13981501,Atalanta,Berat Djimsiti,D,Panchina,0,0,
9,13981501,Atalanta,Raoul Bellanova,M,Panchina,0,0,
9,13981501,Atalanta,Lazar Samardžić,M,Panchina,0,0,
9,13981501,Atalanta,Yunus Musah,M,Panchina,0,0,
9,13981501,Atalanta,Marco Sportiello,G,Panchina,0,0,
9,13981501,Atalanta,Francesco Rossi,G,Panchina,0,0,
9,13981501,Atalanta,Sead Kolašinac,D,Panchina,0,0,
9,13981501,Atalanta,Relja Obrić,D,Panchina,0,0,
9,13981501,Atalanta,Nicola Zalewski,M,Panchina,0,0,
9,13981501,Atalanta,Gianluca Scamacca,F,Panchina,0,0,
9,13981501,Atalanta,Daniel Maldini,F,Panchina,0,0,
9,13981501,Atalanta,Kamaldeen Sulemana,F,Panchina,0,0,
9,13981501,Atalanta,Nikola Krstović,F,Panchina,0,0,
9,13981501,AC Milan,Mike Maignan,G,Titolare,0,0,
9,13981501,AC Milan,Fikayo Tomori,D,Titolare,0,0,
9,13981501,AC Milan,Matteo Gabbia,D,Titolare,0,0,
9,13981501,AC Milan,Strahinja Pavlović,D,Titolare,0,0,
9,13981501,AC Milan,Alexis Saelemaekers,M,Titolare,0,0,
9,13981501,AC Milan,Youssouf Fofana,M,Titolare,0,0,
9,13981501,AC Milan,Luka Modrić,M,Titolare,0,0,
9,13981501,AC Milan,Samuele Ricci,M,Titolare,0,0,
9,13981501,AC Milan,Davide Bartesaghi,M,Titolare,0,0,
9,13981501,AC Milan,Santiago Giménez,F,Titolare,0,0,
9,13981501,AC Milan,Rafael Leão,F,Titolare,0,0,
9,13981501,AC Milan,Christopher Nkunku,F,Panchina,0,0,
9,13981501,AC Milan,Ruben Loftus-Cheek,M,Panchina,0,0,
9,13981501,AC Milan,Zachary Athekame,D,Panchina,0,0,
9,13981501,AC Milan,Matteo Pittarella,G,Panchina,0,0,
9,13981501,AC Milan,Pietro Terracciano,G,Panchina,0,0,
9,13981501,AC Milan,David Odogu,D,Panchina,0,0,
9,13981501,AC Milan,Koni De Winter,D,Panchina,0,0,
9,13981503,Cagliari,Elia Caprile,G,Titolare,0,0,
9,13981503,Cagliari,Gabriele Zappa,D,Titolare,0,0,
9,13981503,Cagliari,Zé Pedro,D,Titolare,0,0,
9,13981503,Cagliari,Adam Obert,D,Titolare,0,0,
9,13981503,Cagliari,Marco Palestra,M,Titolare,0,0,
9,13981503,Cagliari,Michel Adopo,M,Titolare,0,0,
9,13981503,Cagliari,Matteo Prati,M,Titolare,0,0,
9,13981503,Cagliari,Michael Folorunsho,M,Titolare,0,0,
9,13981503,Cagliari,Riyad Idrissi,D,Titolare,0,0,
9,13981503,Cagliari,Gennaro Borrelli,F,Titolare,0,0,
9,13981503,Cagliari,Sebastiano Esposito,F,Titolare,0,0,
9,13981503,Cagliari,Gianluca Gaetano,M,Panchina,0,0,
9,13981503,Cagliari,Mattia Felici,F,Panchina,0,0,
9,13981503,Cagliari,Leonardo Pavoletti,F,Panchina,0,0,
9,13981503,Cagliari,Luca Mazzitelli,M,Panchina,0,0,
9,13981503,Cagliari,Zito Luvumbo,F,Panchina,0,0,
9,13981503,Cagliari,Giuseppe Ciocci,G,Panchina,0,0,
9,13981503,Cagliari,Vincenzo Sarno,G,Panchina,0,0,
9,13981503,Cagliari,Sebastiano Luperto,D,Panchina,0,0,
9,13981503,Cagliari,Yerry Mina,D,Panchina,0,0,
9,13981503,Cagliari,Juan Rodríguez,D,Panchina,0,0,
9,13981503,Cagliari,Alessandro Di Pardo,M,Panchina,0,0,
9,13981503,Cagliari,Joseph Liteta,M,Panchina,0,0,
9,13981503,Cagliari,Nicolò Cavuoti,M,Panchina,0,0,
9,13981503,Cagliari,Semih Kılıçsoy,F,Panchina,0,0,
9,13981503,Sassuolo,Arijanet Murić,G,Titolare,0,0,
9,13981503,Sassuolo,Sebastian Walukiewicz,D,Titolare,0,0,
9,13981503,Sassuolo,Jay Idzes,D,Titolare,0,0,
9,13981503,Sassuolo,Fali Candé,D,Titolare,0,0,
9,13981503,Sassuolo,Woyo Coulibaly,D,Titolare,0,0,
9,13981503,Sassuolo,Kristian Thorstvedt,M,Titolare,0,0,
9,13981503,Sassuolo,Nemanja Matić,M,Titolare,0,0,
9,13981503,Sassuolo,Ismael Koné,M,Titolare,0,0,
9,13981503,Sassuolo,Cristian Volpato,M,Titolare,0,0,
9,13981503,Sassuolo,Andrea Pinamonti,F,Titolare,0,0,
9,13981503,Sassuolo,Armand Laurienté,F,Titolare,0,0,
9,13981503,Sassuolo,Aster Vranckx,M,Panchina,0,0,
9,13981503,Sassuolo,Alieu Fadera,F,Panchina,0,0,
9,13981503,Sassuolo,Luca Moro,F,Panchina,0,0,
9,13981503,Sassuolo,Edoardo Iannoni,M,Panchina,0,0,
9,13981503,Sassuolo,Walid Cheddira,F,Panchina,0,0,
9,13981503,Sassuolo,Stefano Turati,G,Panchina,0,0,
9,13981503,Sassuolo,Gioele Zacchi,G,Panchina,0,0,
9,13981503,Sassuolo,Josh Doig,D,Panchina,0,0,
9,13981503,Sassuolo,Tarik Muharemović,D,Panchina,0,0,
9,13981503,Sassuolo,Cas Odenthal,D,Panchina,0,0,
9,13981503,Sassuolo,Yeferson Paz,D,Panchina,0,0,
9,13981503,Sassuolo,Luca Lipani,M,Panchina,0,0,
9,13981503,Sassuolo,Nicholas Pierini,F,Panchina,0,0,
9,13981504,Bologna,Łukasz Skorupski,G,Titolare,0,0,
9,13981504,Bologna,Nadir Zortea,D,Titolare,0,0,
9,13981504,Bologna,Martin Vitík,D,Titolare,0,0,
9,13981504,Bologna,Jhon Lucumí,D,Titolare,0,0,
9,13981504,Bologna,Charalampos Lykogiannis,D,Titolare,0,0,
9,13981504,Bologna,Lewis Ferguson,M,Titolare,0,0,
9,13981504,Bologna,Nikola Moro,M,Titolare,0,0,
9,13981504,Bologna,Federico Bernardeschi,F,Titolare,0,0,
9,13981504,Bologna,Jens Odgaard,M,Titolare,0,0,
9,13981504,Bologna,Nicolò Cambiaghi,F,Titolare,0,0,
9,13981504,Bologna,Thijs Dallinga,F,Titolare,0,0,
9,13981504,Bologna,Santiago Castro,F,Panchina,0,0,
9,13981504,Bologna,Remo Freuler,M,Panchina,0,0,
9,13981504,Bologna,Riccardo Orsolini,M,Panchina,0,0,
9,13981504,Bologna,Benjamín Domínguez,M,Panchina,0,0,
9,13981504,Bologna,Giovanni Fabbian,M,Panchina,0,0,
9,13981504,Bologna,Massimo Pessina,G,Panchina,0,0,
9,13981504,Bologna,Federico Ravaglia,G,Panchina,0,0,
9,13981504,Bologna,Lorenzo De Silvestri,D,Panchina,0,0,
9,13981504,Bologna,Torbjørn Heggem,D,Panchina,0,0,
9,13981504,Bologna,Juan Miranda,D,Panchina,0,0,
9,13981504,Bologna,Nicolò Casale,D,Panchina,0,0,
9,13981504,Bologna,Tommaso Pobega,M,Panchina,0,0,
9,13981504,Bologna,Sulemana,M,Panchina,0,0,
9,13981504,Bologna,Jonathan Rowe,F,Panchina,0,0,
9,13981504,Torino,Alberto Paleari,G,Titolare,0,0,
9,13981504,Torino,Marcus Pedersen,M,Titolare,0,0,
9,13981504,Torino,Adrien Tameze,D,Titolare,0,0,
9,13981504,Torino,Guillermo Maripán,D,Titolare,0,0,
9,13981504,Torino,Saúl Coco,D,Titolare,0,0,
9,13981504,Torino,Valentino Lazaro,M,Titolare,0,0,
9,13981504,Torino,Cesare Casadei,M,Titolare,0,0,
9,13981504,Torino,Ivan Ilić,M,Titolare,0,0,
9,13981504,Torino,Gvidas Gineitis,M,Titolare,0,0,
9,13981504,Torino,Cyril Ngonge,F,Titolare,0,0,
9,13981504,Torino,Che Adams,F,Titolare,0,0,
9,13981504,Torino,Ardian Ismajli,D,Panchina,0,0,
9,13981504,Torino,Giovanni Simeone,F,Panchina,0,0,
9,13981504,Torino,Nikola Vlašić,M,Panchina,0,0,
9,13981504,Torino,Kristjan Asllani,M,Panchina,0,0,
9,13981504,Torino,Duván Zapata,F,Panchina,0,0,
9,13981504,Torino,Lapo Siviero,G,Panchina,0,0,
9,13981504,Torino,Mihai Popa,G,Panchina,0,0,
9,13981504,Torino,Cristiano Biraghi,D,Panchina,0,0,
9,13981504,Torino,Adam Masina,D,Panchina,0,0,
9,13981504,Torino,Ali Dembélé,D,Panchina,0,0,
9,13981504,Torino,Emirhan İlkhan,M,Panchina,0,0,
9,13981504,Torino,Tino Anjorin,M,Panchina,0,0,
9,13981504,Torino,Alieu Njie,F,Panchina,0,0,
9,13981505,Genoa,Nicola Leali,G,Titolare,0,0,
9,13981505,Genoa,Brooke Norton-Cuffy,D,Titolare,0,0,
9,13981505,Genoa,Leo Østigård,D,Titolare,0,0,
9,13981505,Genoa,Johan Vásquez,D,Titolare,0,0,
9,13981505,Genoa,Aarón Martín,M,Titolare,0,0,
9,13981505,Genoa,Ruslan Malinovskyi,M,Titolare,0,0,
9,13981505,Genoa,Patrizio Masini,M,Titolare,0,0,
9,13981505,Genoa,Mikael Ellertsson,M,Titolare,0,0,
9,13981505,Genoa,Valentín Carboni,M,Titolare,0,0,
9,13981505,Genoa,Maxwel Cornet,F,Titolare,0,0,
9,13981505,Genoa,Jeff Ekhator,F,Titolare,0,0,
9,13981505,Genoa,Vitinha,F,Panchina,0,0,
9,13981505,Genoa,Caleb Ekuban,F,Panchina,0,0,
9,13981505,Genoa,Morten Frendrup,M,Panchina,0,0,
9,13981505,Genoa,Lorenzo Colombo,F,Panchina,0,0,
9,13981505,Genoa,Benjamin Siegrist,G,Panchina,0,0,
9,13981505,Genoa,Daniele Sommariva,G,Panchina,0,0,
9,13981505,Genoa,Alessandro Marcandalli,D,Panchina,0,0,
9,13981505,Genoa,Stefano Sabelli,M,Panchina,0,0,
9,13981505,Genoa,Jean Onana,M,Panchina,0,0,
9,13981505,Genoa,Albert Grønbæk,M,Panchina,0,0,
9,13981505,Genoa,Hugo Cuenca,M,Panchina,0,0,
9,13981505,Genoa,Morten Thorsby,M,Panchina,0,0,
9,13981505,Genoa,Junior Messias,F,Panchina,0,0,
9,13981505,Genoa,Lorenzo Venturino,F,Panchina,0,0,
9,13981505,Genoa,Seydou Fini,F,Panchina,0,0,
9,13981505,Cremonese,Emil Audero,G,Titolare,0,0,
9,13981505,Cremonese,Filippo Terracciano,D,Titolare,0,0,
9,13981505,Cremonese,Federico Baschirotto,D,Titolare,0,0,
9,13981505,Cremonese,Matteo Bianchetti,D,Titolare,0,0,
9,13981505,Cremonese,Warren Bondo,M,Titolare,0,0,
9,13981505,Cremonese,Tommaso Barbieri,M,Titolare,0,0,
9,13981505,Cremonese,Martín Payero,M,Titolare,0,0,
9,13981505,Cremonese,Jari Vandeputte,M,Titolare,0,0,
9,13981505,Cremonese,Romano Floriani Mussolini,M,Titolare,0,0,
9,13981505,Cremonese,Jamie Vardy,F,Titolare,0,0,
9,13981505,Cremonese,Federico Bonazzoli,F,Titolare,0,0,
9,13981505,Cremonese,Franco Vázquez,M,Panchina,0,0,
9,13981505,Cremonese,Mikayil Faye,D,Panchina,0,0,
9,13981505,Cremonese,Francesco Folino,D,Panchina,0,0,
9,13981505,Cremonese,Jeremy Sarmiento,M,Panchina,0,0,
9,13981505,Cremonese,Lapo Nava,G,Panchina,0,0,
9,13981505,Cremonese,Marco Silvestri,G,Panchina,0,0,
9,13981505,Cremonese,Federico Ceccherini,D,Panchina,0,0,
9,13981505,Cremonese,Adrian Lickunas,M,Panchina,0,0,
9,13981505,Cremonese,Dachi Lordkipanidze,M,Panchina,0,0,
9,13981505,Cremonese,Dennis Johnsen,F,Panchina,0,0,
9,13981506,Inter,Yann Sommer,G,Titolare,0,0,
9,13981506,Inter,Manuel Akanji,D,Titolare,0,0,
9,13981506,Inter,Yann Bisseck,D,Titolare,0,0,
9,13981506,Inter,Alessandro Bastoni,D,Titolare,0,0,
9,13981506,Inter,Denzel Dumfries,M,Titolare,0,0,
9,13981506,Inter,Nicolò Barella,M,Titolare,0,0,
9,13981506,Inter,Hakan Çalhanoğlu,M,Titolare,0,0,
9,13981506,Inter,Petar Sučić,M,Titolare,0,0,
9,13981506,Inter,Federico Dimarco,M,Titolare,0,0,
9,13981506,Inter,Francesco Pio Esposito,F,Titolare,0,0,
9,13981506,Inter,Lautaro Martínez,F,Titolare,0,0,
9,13981506,Inter,Carlos Augusto,D,Panchina,0,0,
9,13981506,Inter,Ange-Yoan Bonny,F,Panchina,0,0,
9,13981506,Inter,Piotr Zieliński,M,Panchina,0,0,
9,13981506,Inter,Davide Frattesi,M,Panchina,0,0,
9,13981506,Inter,Luís Henrique,M,Panchina,0,0,
9,13981506,Inter,Alessandro Calligaris,G,Panchina,0,0,
9,13981506,Inter,Alain Taho,G,Panchina,0,0,
9,13981506,Inter,Francesco Acerbi,D,Panchina,0,0,
9,13981506,Inter,Christos Alexiou,D,Panchina,0,0,
9,13981506,Inter,Stefan de Vrij,D,Panchina,0,0,
9,13981506,Inter,Andy Diouf,M,Panchina,0,0,
9,13981506,Inter,Mattia Mosconi,F,Panchina,0,0,
9,13981506,Inter,Matteo Lavelli,F,Panchina,0,0,
9,13981506,Fiorentina,David De Gea,G,Titolare,0,0,
9,13981506,Fiorentina,Pietro Comuzzo,D,Titolare,0,0,
9,13981506,Fiorentina,Pablo Marí,D,Titolare,0,0,
9,13981506,Fiorentina,Mattia Viti,D,Titolare,0,0,
9,13981506,Fiorentina,Dodô,M,Titolare,0,0,
9,13981506,Fiorentina,Simon Sohm,M,Titolare,0,0,
9,13981506,Fiorentina,Rolando Mandragora,M,Titolare,0,0,
9,13981506,Fiorentina,Cher Ndour,M,Titolare,0,0,
9,13981506,Fiorentina,Robin Gosens,D,Titolare,0,0,
9,13981506,Fiorentina,Albert Guðmundsson,F,Titolare,0,0,
9,13981506,Fiorentina,Moise Kean,F,Titolare,0,0,
9,13981506,Fiorentina,Nicolò Fagioli,M,Panchina,0,0,
9,13981506,Fiorentina,Jacopo Fazzini,F,Panchina,0,0,
9,13981506,Fiorentina,Edin Džeko,F,Panchina,0,0,
9,13981506,Fiorentina,Niccolò Fortini,D,Panchina,0,0,
9,13981506,Fiorentina,Tommaso Martinelli,G,Panchina,0,0,
9,13981506,Fiorentina,Luca Lezzerini,G,Panchina,0,0,
9,13981506,Fiorentina,Marin Pongračić,D,Panchina,0,0,
9,13981506,Fiorentina,Eddy Kouadio,D,Panchina,0,0,
9,13981506,Fiorentina,Fabiano Parisi,D,Panchina,0,0,
9,13981506,Fiorentina,Luca Ranieri,D,Panchina,0,0,
9,13981506,Fiorentina,Amir Richardson,M,Panchina,0,0,
9,13981506,Fiorentina,Hans Nicolussi Caviglia,M,Panchina,0,0,
9,13981506,Fiorentina,Roberto Piccoli,F,Panchina,0,0,
9,13981507,Como,Jean Butez,G,Titolare,0,0,
9,13981507,Como,Stefan Posch,D,Titolare,0,0,
9,13981507,Como,Jacobo Ramón,D,Titolare,0,0,
9,13981507,Como,Diego Carlos,D,Titolare,0,0,
9,13981507,Como,Álex Valle,D,Titolare,0,0,
9,13981507,Como,Lucas Da Cunha,M,Titolare,0,0,
9,13981507,Como,Maxence Caqueret,M,Titolare,0,0,
9,13981507,Como,Nicolas-Gerrit Kühn,F,Titolare,0,0,
9,13981507,Como,Nico Paz,M,Titolare,0,0,
9,13981507,Como,Assane Diao,M,Titolare,0,0,
9,13981507,Como,Anastasios Douvikas,F,Titolare,0,0,
9,13981507,Como,Jesús Rodriguez,M,Panchina,0,0,
9,13981507,Como,Marc Kempf,D,Panchina,0,0,
9,13981507,Como,Mërgim Vojvoda,D,Panchina,0,0,
9,13981507,Como,Álvaro Morata,F,Panchina,0,0,
9,13981507,Como,Ivan Smolčić,D,Panchina,0,0,
9,13981507,Como,Nikola Čavlina,G,Panchina,0,0,
9,13981507,Como,Mauro Vigorito,G,Panchina,0,0,
9,13981507,Como,Alberto Moreno,D,Panchina,0,0,
9,13981507,Como,Ignace Van der Brempt,D,Panchina,0,0,
9,13981507,Como,Edoardo Goldaniga,D,Panchina,0,0,
9,13981507,Como,Máximo Perrone,M,Panchina,0,0,
9,13981507,Como,Martin Baturina,M,Panchina,0,0,
9,13981507,Como,Jayden Addai,M,Panchina,0,0,
9,13981507,Como,Andrea Le Borgne,M,Panchina,0,0,
9,13981507,Como,Alberto Cerri,F,Panchina,0,0,
9,13981507,Hellas Verona,Lorenzo Montipò,G,Titolare,0,0,
9,13981507,Hellas Verona,Armel Bella-Kotchap,D,Titolare,0,0,
9,13981507,Hellas Verona,Victor Nelsson,D,Titolare,0,0,
9,13981507,Hellas Verona,Nicolás Valentini,D,Titolare,0,0,
9,13981507,Hellas Verona,Rafik Belghali,M,Titolare,0,0,
9,13981507,Hellas Verona,Suat Serdar,M,Titolare,0,0,
9,13981507,Hellas Verona,Roberto Gagliardini,M,Titolare,0,0,
9,13981507,Hellas Verona,Antoine Bernede,M,Titolare,0,0,
9,13981507,Hellas Verona,Martin Frese,D,Titolare,0,0,
9,13981507,Hellas Verona,Giovane,F,Titolare,0,0,
9,13981507,Hellas Verona,Gift Orban,F,Titolare,0,0,
9,13981507,Hellas Verona,Domagoj Bradarić,M,Panchina,0,0,
9,13981507,Hellas Verona,Cheikh Niasse,M,Panchina,0,0,
9,13981507,Hellas Verona,Amin Sarr,F,Panchina,0,0,
9,13981507,Hellas Verona,Daniel Mosquera,F,Panchina,0,0,
9,13981507,Hellas Verona,Simone Perilli,G,Panchina,0,0,
9,13981507,Hellas Verona,Giacomo Toniolo,G,Panchina,0,0,
9,13981507,Hellas Verona,Fallou Cham,D,Panchina,0,0,
9,13981507,Hellas Verona,Enzo Ebosse,D,Panchina,0,0,
9,13981507,Hellas Verona,Tobias Slotsager,D,Panchina,0,0,
9,13981507,Hellas Verona,Abdou Harroui,M,Panchina,0,0,
9,13981507,Hellas Verona,Yellu Santiago,M,Panchina,0,0,
9,13981507,Hellas Verona,Junior Ajayi,F,Panchina,0,0,
9,13981508,Juventus,Michele Di Gregorio,G,Titolare,0,0,
9,13981508,Juventus,Pierre Kalulu,D,Titolare,0,0,
9,13981508,Juventus,Federico Gatti,D,Titolare,0,0,
9,13981508,Juventus,Lloyd Kelly,D,Titolare,0,0,
9,13981508,Juventus,Manuel Locatelli,M,Titolare,0,0,
9,13981508,Juventus,Andrea Cambiaso,M,Titolare,0,0,
9,13981508,Juventus,Weston McKennie,M,Titolare,0,0,
9,13981508,Juventus,Kenan Yıldız,F,Titolare,0,0,
9,13981508,Juventus,Filip Kostić,M,Titolare,0,0,
9,13981508,Juventus,Loïs Openda,F,Titolare,0,0,
9,13981508,Juventus,Dušan Vlahović,F,Titolare,0,0,
9,13981508,Juventus,Jonathan David,F,Panchina,0,0,
9,13981508,Juventus,Daniele Rugani,D,Panchina,0,0,
9,13981508,Juventus,Teun Koopmeiners,M,Panchina,0,0,
9,13981508,Juventus,Stefano Mangiapoco,G,Panchina,0,0,
9,13981508,Juventus,Mattia Perin,G,Panchina,0,0,
9,13981508,Juventus,Pedro Felipe,D,Panchina,0,0,
9,13981508,Juventus,João Mário,D,Panchina,0,0,
9,13981508,Juventus,Vasilije Adžić,M,Panchina,0,0,
9,13981508,Juventus,Fabio Miretti,M,Panchina,0,0,
9,13981508,Juventus,Francisco Conceição,F,Panchina,0,0,
9,13981508,Juventus,Edon Zhegrova,F,Panchina,0,0,
9,13981508,Udinese,Maduka Okoye,G,Titolare,0,0,
9,13981508,Udinese,Saba Goglichidze,D,Titolare,0,0,
9,13981508,Udinese,Christian Kabasele,D,Titolare,0,0,
9,13981508,Udinese,Oumar Solet,D,Titolare,0,0,
9,13981508,Udinese,Kingsley Ehizibue,M,Titolare,0,0,
9,13981508,Udinese,Jakub Piotrowski,M,Titolare,0,0,
9,13981508,Udinese,Jesper Karlström,M,Titolare,0,0,
9,13981508,Udinese,Arthur Atta,M,Titolare,0,0,
9,13981508,Udinese,Hassane Kamara,M,Titolare,0,0,
9,13981508,Udinese,Nicolò Zaniolo,F,Titolare,0,0,
9,13981508,Udinese,Keinan Davis,F,Titolare,0,0,
9,13981508,Udinese,Adam Buksa,F,Panchina,0,0,
9,13981508,Udinese,Sandi Lovrić,M,Panchina,0,0,
9,13981508,Udinese,Vakoun Issouf Bayo,F,Panchina,0,0,
9,13981508,Udinese,Alessandro Zanoli,M,Panchina,0,0,
9,13981508,Udinese,Lennon Miller,M,Panchina,0,0,
9,13981508,Udinese,Răzvan Sava,G,Panchina,0,0,
9,13981508,Udinese,Daniele Padelli,G,Panchina,0,0,
9,13981508,Udinese,Nicolò Bertola,D,Panchina,0,0,
9,13981508,Udinese,Matteo Palma,D,Panchina,0,0,
9,13981508,Udinese,Jürgen Ekkelenkamp,M,Panchina,0,0,
9,13981508,Udinese,Jordan Zemura,M,Panchina,0,0,
9,13981508,Udinese,Rui Modesto,M,Panchina,0,0,
9,13981508,Udinese,Oier Zarraga,M,Panchina,0,0,
9,13981508,Udinese,Idrissa Gueye,F,Panchina,0,0,
9,13981509,Lecce,Wladimiro Falcone,G,Titolare,0,0,
9,13981509,Lecce,Danilo Veiga,D,Titolare,0,0,
9,13981509,Lecce,Kialonda Gaspar,D,Titolare,0,0,
9,13981509,Lecce,Tiago Gabriel,D,Titolare,0,0,
9,13981509,Lecce,Antonino Gallo,D,Titolare,0,0,
9,13981509,Lecce,Lassana Coulibaly,M,Titolare,0,0,
9,13981509,Lecce,Ylber Ramadani,M,Titolare,0,0,
9,13981509,Lecce,Medon Berisha,M,Titolare,0,0,
9,13981509,Lecce,Santiago Pierotti,F,Titolare,0,0,
9,13981509,Lecce,Francesco Camarda,F,Titolare,0,0,
9,13981509,Lecce,Lameck Banda,M,Titolare,0,0,
9,13981509,Lecce,Tete Morente,F,Panchina,0,0,
9,13981509,Lecce,N'Dri Konan,F,Panchina,0,0,
9,13981509,Lecce,Nikola Štulić,F,Panchina,0,0,
9,13981509,Lecce,Youssef Maleh,M,Panchina,0,0,
9,13981509,Lecce,Balthazar Pierret,M,Panchina,0,0,
9,13981509,Lecce,Jasper Samooja,G,Panchina,0,0,
9,13981509,Lecce,Christian Früchtl,G,Panchina,0,0,
9,13981509,Lecce,Jamil Siebert,D,Panchina,0,0,
9,13981509,Lecce,Christ-Owen Kouassi,D,Panchina,0,0,
9,13981509,Lecce,Corrie Ndaba,D,Panchina,0,0,
9,13981509,Lecce,Alex Sala,M,Panchina,0,0,
9,13981509,Lecce,Niko Kovač,M,Panchina,0,0,
9,13981509,Lecce,Mohamed Kaba,M,Panchina,0,0,
9,13981509,Lecce,Þórir Jóhann Helgason,M,Panchina,0,0,
9,13981509,SSC Napoli,Vanja Milinković-Savić,G,Titolare,0,0,
9,13981509,SSC Napoli,Giovanni Di Lorenzo,D,Titolare,0,0,
9,13981509,SSC Napoli,Juan Jesus,D,Titolare,0,0,
9,13981509,SSC Napoli,Alessandro Buongiorno,D,Titolare,0,0,
9,13981509,SSC Napoli,Mathías Olivera,D,Titolare,0,0,
9,13981509,SSC Napoli,Frank Anguissa,M,Titolare,0,0,
9,13981509,SSC Napoli,Billy Gilmour,M,Titolare,0,0,
9,13981509,SSC Napoli,Eljif Elmas,M,Titolare,0,0,
9,13981509,SSC Napoli,Matteo Politano,M,Titolare,0,0,
9,13981509,SSC Napoli,Lorenzo Lucca,F,Titolare,0,0,
9,13981509,SSC Napoli,Noa Lang,F,Titolare,0,0,
9,13981509,SSC Napoli,David Neres,F,Panchina,0,0,
9,13981509,SSC Napoli,Leonardo Spinazzola,D,Panchina,0,0,
9,13981509,SSC Napoli,Scott McTominay,M,Panchina,0,0,
9,13981509,SSC Napoli,Rasmus Højlund,F,Panchina,0,0,
9,13981509,SSC Napoli,Miguel Gutiérrez,D,Panchina,0,0,
9,13981509,SSC Napoli,Mathias Ferrante,G,Panchina,0,0,
9,13981509,SSC Napoli,Nikita Contini,G,Panchina,0,0,
9,13981509,SSC Napoli,Sam Beukema,D,Panchina,0,0,
9,13981509,SSC Napoli,Luca Marianucci,D,Panchina,0,0,
9,13981509,SSC Napoli,Amir Rrahmani,D,Panchina,0,0,
9,13981509,SSC Napoli,Pasquale Mazzocchi,M,Panchina,0,0,
9,13981509,SSC Napoli,Antonio Vergara,F,Panchina,0,0,
9,13981509,SSC Napoli,Giuseppe Ambrosino,F,Panchina,0,0,
9,13981511,Pisa,Adrian Šemper,G,Titolare,0,0,
9,13981511,Pisa,Daniel Denoon,D,Titolare,0,0,
9,13981511,Pisa,Antonio Caracciolo,D,Titolare,0,0,
9,13981511,Pisa,Simone Canestrelli,D,Titolare,0,0,
9,13981511,Pisa,Idrissa Touré,M,Titolare,0,0,
9,13981511,Pisa,Michel Aebischer,M,Titolare,0,0,
9,13981511,Pisa,Marius Marin,M,Titolare,0,0,
9,13981511,Pisa,Samuele Angori,M,Titolare,0,0,
9,13981511,Pisa,Matteo Tramoni,F,Titolare,0,0,
9,13981511,Pisa,Juan Cuadrado,M,Titolare,0,0,
9,13981511,Pisa,M'bala Nzola,F,Titolare,0,0,
9,13981511,Pisa,Arturo Calabresi,D,Panchina,0,0,
9,13981511,Pisa,Ebenezer Akinsanmiro,M,Panchina,0,0,
9,13981511,Pisa,Mehdi Léris,M,Panchina,0,0,
9,13981511,Pisa,Stefano Moreo,F,Panchina,0,0,
9,13981511,Pisa,Simone Scuffet,G,Panchina,0,0,
9,13981511,Pisa,Nícolas,G,Panchina,0,0,
9,13981511,Pisa,Giovanni Bonfanti,D,Panchina,0,0,
9,13981511,Pisa,Jeremy Kandje Mbambi,D,Panchina,0,0,
9,13981511,Pisa,Isak Vural,M,Panchina,0,0,
9,13981511,Pisa,Lorran,M,Panchina,0,0,
9,13981511,Pisa,Gabriele Piccinini,M,Panchina,0,0,
9,13981511,Pisa,Malthe Højholt,M,Panchina,0,0,
9,13981511,Pisa,Louis Buffon,F,Panchina,0,0,
9,13981511,Pisa,Henrik Wendel Meister,F,Panchina,0,0,
9,13981511,Lazio,Ivan Provedel,G,Titolare,0,0,
9,13981511,Lazio,Adam Marušić,D,Titolare,0,0,
9,13981511,Lazio,Mario Gila,D,Titolare,0,0,
9,13981511,Lazio,Alessio Romagnoli,D,Titolare,0,0,
9,13981511,Lazio,Luca Pellegrini,D,Titolare,0,0,
9,13981511,Lazio,Mattéo Guendouzi,M,Titolare,0,0,
9,13981511,Lazio,Danilo Cataldi,M,Titolare,0,0,
9,13981511,Lazio,Toma Bašić,M,Titolare,0,0,
9,13981511,Lazio,Gustav Isaksen,F,Titolare,0,0,
9,13981511,Lazio,Boulaye Dia,F,Titolare,0,0,
9,13981511,Lazio,Mattia Zaccagni,F,Titolare,0,0,
9,13981511,Lazio,Pedro,F,Panchina,0,0,
9,13981511,Lazio,Manuel Lazzari,D,Panchina,0,0,
9,13981511,Lazio,Matías Vecino,M,Panchina,0,0,
9,13981511,Lazio,Oliver Provstgaard,D,Panchina,0,0,
9,13981511,Lazio,Tijjani Noslin,F,Panchina,0,0,
9,13981511,Lazio,Alessio Furlanetto,G,Panchina,0,0,
9,13981511,Lazio,Christos Mandas,G,Panchina,0,0,
9,13981511,Lazio,Patric,D,Panchina,0,0,
9,13981511,Lazio,Reda Belahyane,M,Panchina,0,0,
9,13981512,AS Roma,Mile Svilar,G,Titolare,0,0,
9,13981512,AS Roma,Gianluca Mancini,D,Titolare,0,0,
9,13981512,AS Roma,Evan Ndicka,D,Titolare,0,0,
9,13981512,AS Roma,Mario Hermoso,D,Titolare,0,0,
9,13981512,AS Roma,Zeki Çelik,D,Titolare,0,0,
9,13981512,AS Roma,Bryan Cristante,M,Titolare,0,0,
9,13981512,AS Roma,Manu Koné,M,Titolare,0,0,
9,13981512,AS Roma,Wesley,M,Titolare,0,0,
9,13981512,AS Roma,Matías Soulé,F,Titolare,0,0,
9,13981512,AS Roma,Paulo Dybala,F,Titolare,0,0,
9,13981512,AS Roma,Evan Ferguson,F,Titolare,0,0,
9,13981512,AS Roma,Leon Bailey,F,Panchina,0,0,
9,13981512,AS Roma,Neil El Aynaoui,M,Panchina,0,0,
9,13981512,AS Roma,Artem Dovbyk,F,Panchina,0,0,
9,13981512,AS Roma,Daniele Ghilardi,D,Panchina,0,0,
9,13981512,AS Roma,Devyne Rensch,M,Panchina,0,0,
9,13981512,AS Roma,Devis Vásquez,G,Panchina,0,0,
9,13981512,AS Roma,Pierluigi Gollini,G,Panchina,0,0,
9,13981512,AS Roma,Kostas Tsimikas,D,Panchina,0,0,
9,13981512,AS Roma,Jan Ziółkowski,D,Panchina,0,0,
9,13981512,AS Roma,Buba Sangaré,D,Panchina,0,0,
9,13981512,AS Roma,Tommaso Baldanzi,M,Panchina,0,0,
9,13981512,AS Roma,Niccolò Pisilli,M,Panchina,0,0,
9,13981512,AS Roma,Stephan El Shaarawy,F,Panchina,0,0,
9,13981512,AS Roma,Lorenzo Pellegrini,F,Panchina,0,0,
9,13981512,Parma,Zion Suzuki,G,Titolare,0,0,
9,13981512,Parma,Enrico Delprato,D,Titolare,0,0,
9,13981512,Parma,Alessandro Circati,D,Titolare,0,0,
9,13981512,Parma,Lautaro Valenti,D,Titolare,0,0,
9,13981512,Parma,Sascha Britschgi,D,Titolare,0,0,
9,13981512,Parma,Adrián Bernabé,M,Titolare,0,0,
9,13981512,Parma,Nahuel Estévez,M,Titolare,0,0,
9,13981512,Parma,Oliver Sørensen,M,Titolare,0,0,
9,13981512,Parma,Christian Ordoñez,M,Titolare,0,0,
9,13981512,Parma,Mateo Pellegrino,F,Titolare,0,0,
9,13981512,Parma,Patrick Cutrone,F,Titolare,0,0,
9,13981512,Parma,Adrian Benedyczak,F,Panchina,0,0,
9,13981512,Parma,Benjamin Cremaschi,M,Panchina,0,0,
9,13981512,Parma,Milan Đurić,F,Panchina,0,0,
9,13981512,Parma,Pontus Almqvist,F,Panchina,0,0,
9,13981512,Parma,Tjaš Begić,F,Panchina,0,0,
9,13981512,Parma,Filippo Rinaldi,G,Panchina,0,0,
9,13981512,Parma,Edoardo Corvi,G,Panchina,0,0,
9,13981512,Parma,Abdoulaye Ndiaye,D,Panchina,0,0,
9,13981512,Parma,Mariano Troilo,D,Panchina,0,0,
9,13981512,Parma,Nicolas Trabucchi,D,Panchina,0,0,
9,13981512,Parma,Mathias Løvik,D,Panchina,0,0,
9,13981512,Parma,Hernani,M,Panchina,0,0,
9,13981512,Parma,Alessandro Ciardi,M,Panchina,0,0,
9,13981512,Parma,Alessandro Cardinali,M,Panchina,0,0,
9,13981512,Parma,Elia Plicco,M,Panchina,0,0,
10,13981510,Cremonese,Emil Audero,G,Titolare,0,0,
10,13981510,Cremonese,Filippo Terracciano,D,Titolare,0,0,
10,13981510,Cremonese,Federico Baschirotto,D,Titolare,0,0,
10,13981510,Cremonese,Matteo Bianchetti,D,Titolare,0,0,
10,13981510,Cremonese,Tommaso Barbieri,M,Titolare,0,0,
10,13981510,Cremonese,Martín Payero,M,Titolare,0,0,
10,13981510,Cremonese,Warren Bondo,M,Titolare,0,0,
10,13981510,Cremonese,Jari Vandeputte,M,Titolare,0,0,
10,13981510,Cremonese,Romano Floriani Mussolini,M,Titolare,0,0,
10,13981510,Cremonese,Federico Bonazzoli,F,Titolare,0,0,
10,13981510,Cremonese,Jamie Vardy,F,Titolare,0,0,
10,13981510,Cremonese,Jeremy Sarmiento,M,Panchina,0,0,
10,13981510,Cremonese,Mikayil Faye,D,Panchina,0,0,
10,13981510,Cremonese,Franco Vázquez,M,Panchina,0,0,
10,13981510,Cremonese,Dennis Johnsen,F,Panchina,0,0,
10,13981510,Cremonese,Marco Silvestri,G,Panchina,0,0,
10,13981510,Cremonese,Lapo Nava,G,Panchina,0,0,
10,13981510,Cremonese,Federico Ceccherini,D,Panchina,0,0,
10,13981510,Cremonese,Francesco Folino,D,Panchina,0,0,
10,13981510,Cremonese,Dachi Lordkipanidze,M,Panchina,0,0,
10,13981510,Cremonese,Mattia Valoti,M,Panchina,0,0,
10,13981510,Juventus,Michele Di Gregorio,G,Titolare,0,0,
10,13981510,Juventus,Pierre Kalulu,D,Titolare,0,0,
10,13981510,Juventus,Federico Gatti,D,Titolare,0,0,
10,13981510,Juventus,Teun Koopmeiners,M,Titolare,0,0,
10,13981510,Juventus,Andrea Cambiaso,M,Titolare,0,0,
10,13981510,Juventus,Manuel Locatelli,M,Titolare,0,0,
10,13981510,Juventus,Khéphren Thuram,M,Titolare,0,0,
10,13981510,Juventus,Filip Kostić,M,Titolare,0,0,
10,13981510,Juventus,Weston McKennie,M,Titolare,0,0,
10,13981510,Juventus,Loïs Openda,F,Titolare,0,0,
10,13981510,Juventus,Dušan Vlahović,F,Titolare,0,0,
10,13981510,Juventus,Francisco Conceição,F,Panchina,0,0,
10,13981510,Juventus,João Mário,D,Panchina,0,0,
10,13981510,Juventus,Vasilije Adžić,M,Panchina,0,0,
10,13981510,Juventus,Daniele Rugani,D,Panchina,0,0,
10,13981510,Juventus,Jonathan David,F,Panchina,0,0,
10,13981510,Juventus,Mattia Perin,G,Panchina,0,0,
10,13981510,Juventus,Simone Scaglia,G,Panchina,0,0,
10,13981510,Juventus,Pedro Felipe,D,Panchina,0,0,
10,13981510,Juventus,Jonas Rouhi,D,Panchina,0,0,
10,13981510,Juventus,Fabio Miretti,M,Panchina,0,0,
10,13981510,Juventus,Edon Zhegrova,F,Panchina,0,0,
10,13981513,Fiorentina,David De Gea,G,Titolare,0,0,
10,13981513,Fiorentina,Marin Pongračić,D,Titolare,0,0,
10,13981513,Fiorentina,Pietro Comuzzo,D,Titolare,0,0,
10,13981513,Fiorentina,Luca Ranieri,D,Titolare,0,0,
10,13981513,Fiorentina,Dodô,M,Titolare,0,0,
10,13981513,Fiorentina,Cher Ndour,M,Titolare,0,0,
10,13981513,Fiorentina,Hans Nicolussi Caviglia,M,Titolare,0,0,
10,13981513,Fiorentina,Nicolò Fagioli,M,Titolare,0,0,
10,13981513,Fiorentina,Niccolò Fortini,D,Titolare,0,0,
10,13981513,Fiorentina,Moise Kean,F,Titolare,0,0,
10,13981513,Fiorentina,Edin Džeko,F,Titolare,0,0,
10,13981513,Fiorentina,Simon Sohm,M,Panchina,0,0,
10,13981513,Fiorentina,Rolando Mandragora,M,Panchina,0,0,
10,13981513,Fiorentina,Albert Guðmundsson,F,Panchina,0,0,
10,13981513,Fiorentina,Roberto Piccoli,F,Panchina,0,0,
10,13981513,Fiorentina,Jacopo Fazzini,F,Panchina,0,0,
10,13981513,Fiorentina,Tommaso Martinelli,G,Panchina,0,0,
10,13981513,Fiorentina,Luca Lezzerini,G,Panchina,0,0,
10,13981513,Fiorentina,Eman Košpo,D,Panchina,0,0,
10,13981513,Fiorentina,Eddy Kouadio,D,Panchina,0,0,
10,13981513,Fiorentina,Fabiano Parisi,D,Panchina,0,0,
10,13981513,Fiorentina,Pablo Marí,D,Panchina,0,0,
10,13981513,Fiorentina,Amir Richardson,M,Panchina,0,0,
10,13981513,Lecce,Wladimiro Falcone,G,Titolare,0,0,
10,13981513,Lecce,Danilo Veiga,D,Titolare,0,0,
10,13981513,Lecce,Kialonda Gaspar,D,Titolare,0,0,
10,13981513,Lecce,Tiago Gabriel,D,Titolare,0,0,
10,13981513,Lecce,Antonino Gallo,D,Titolare,0,0,
10,13981513,Lecce,Ylber Ramadani,M,Titolare,0,0,
10,13981513,Lecce,Lassana Coulibaly,M,Titolare,0,0,
10,13981513,Lecce,Tete Morente,F,Titolare,0,0,
10,13981513,Lecce,Medon Berisha,M,Titolare,0,0,
10,13981513,Lecce,Lameck Banda,M,Titolare,0,0,
10,13981513,Lecce,Nikola Štulić,F,Titolare,0,0,
10,13981513,Lecce,Santiago Pierotti,F,Panchina,0,0,
10,13981513,Lecce,Youssef Maleh,M,Panchina,0,0,
10,13981513,Lecce,Mohamed Kaba,M,Panchina,0,0,
10,13981513,Lecce,Francesco Camarda,F,Panchina,0,0,
10,13981513,Lecce,Christian Früchtl,G,Panchina,0,0,
10,13981513,Lecce,Jasper Samooja,G,Panchina,0,0,
10,13981513,Lecce,Corrie Ndaba,D,Panchina,0,0,
10,13981513,Lecce,Christ-Owen Kouassi,D,Panchina,0,0,
10,13981513,Lecce,Jamil Siebert,D,Panchina,0,0,
10,13981513,Lecce,Alex Sala,M,Panchina,0,0,
10,13981513,Lecce,Þórir Jóhann Helgason,M,Panchina,0,0,
10,13981513,Lecce,N'Dri Konan,F,Panchina,0,0,
10,13981513,Lecce,Riccardo Sottil,F,Panchina,0,0,
10,13981514,SSC Napoli,Vanja Milinković-Savić,G,Titolare,0,0,
10,13981514,SSC Napoli,Giovanni Di Lorenzo,D,Titolare,0,0,
10,13981514,SSC Napoli,Amir Rrahmani,D,Titolare,0,0,
10,13981514,SSC Napoli,Alessandro Buongiorno,D,Titolare,0,0,
10,13981514,SSC Napoli,Leonardo Spinazzola,D,Titolare,0,0,
10,13981514,SSC Napoli,Frank Anguissa,M,Titolare,0,0,
10,13981514,SSC Napoli,Billy Gilmour,M,Titolare,0,0,
10,13981514,SSC Napoli,Scott McTominay,M,Titolare,0,0,
10,13981514,SSC Napoli,Matteo Politano,M,Titolare,0,0,
10,13981514,SSC Napoli,Rasmus Højlund,F,Titolare,0,0,
10,13981514,SSC Napoli,David Neres,F,Titolare,0,0,
10,13981514,SSC Napoli,Eljif Elmas,M,Panchina,0,0,
10,13981514,SSC Napoli,Miguel Gutiérrez,D,Panchina,0,0,
10,13981514,SSC Napoli,Noa Lang,F,Panchina,0,0,
10,13981514,SSC Napoli,Stanislav Lobotka,M,Panchina,0,0,
10,13981514,SSC Napoli,Lorenzo Lucca,F,Panchina,0,0,
10,13981514,SSC Napoli,Mathias Ferrante,G,Panchina,0,0,
10,13981514,SSC Napoli,Nikita Contini,G,Panchina,0,0,
10,13981514,SSC Napoli,Mathías Olivera,D,Panchina,0,0,
10,13981514,SSC Napoli,Luca Marianucci,D,Panchina,0,0,
10,13981514,SSC Napoli,Sam Beukema,D,Panchina,0,0,
10,13981514,SSC Napoli,Juan Jesus,D,Panchina,0,0,
10,13981514,SSC Napoli,Pasquale Mazzocchi,M,Panchina,0,0,
10,13981514,SSC Napoli,Giuseppe Ambrosino,F,Panchina,0,0,
10,13981514,SSC Napoli,Antonio Vergara,F,Panchina,0,0,
10,13981514,Como,Jean Butez,G,Titolare,0,0,
10,13981514,Como,Ivan Smolčić,D,Titolare,0,0,
10,13981514,Como,Jacobo Ramón,D,Titolare,0,0,
10,13981514,Como,Marc Kempf,D,Titolare,0,0,
10,13981514,Como,Álex Valle,D,Titolare,0,0,
10,13981514,Como,Máximo Perrone,M,Titolare,0,0,
10,13981514,Como,Maxence Caqueret,M,Titolare,0,0,
10,13981514,Como,Jayden Addai,M,Titolare,0,0,
10,13981514,Como,Nico Paz,M,Titolare,0,0,
10,13981514,Como,Assane Diao,M,Titolare,0,0,
10,13981514,Como,Álvaro Morata,F,Titolare,0,0,
10,13981514,Como,Diego Carlos,D,Panchina,0,0,
10,13981514,Como,Stefan Posch,D,Panchina,0,0,
10,13981514,Como,Lucas Da Cunha,M,Panchina,0,0,
10,13981514,Como,Jesús Rodriguez,M,Panchina,0,0,
10,13981514,Como,Anastasios Douvikas,F,Panchina,0,0,
10,13981514,Como,Nikola Čavlina,G,Panchina,0,0,
10,13981514,Como,Mauro Vigorito,G,Panchina,0,0,
10,13981514,Como,Edoardo Goldaniga,D,Panchina,0,0,
10,13981514,Como,Alberto Moreno,D,Panchina,0,0,
10,13981514,Como,Ignace Van der Brempt,D,Panchina,0,0,
10,13981514,Como,Mërgim Vojvoda,D,Panchina,0,0,
10,13981514,Como,Andrea Le Borgne,M,Panchina,0,0,
10,13981514,Como,Martin Baturina,M,Panchina,0,0,
10,13981514,Como,Alberto Cerri,F,Panchina,0,0,
10,13981514,Como,Nicolas-Gerrit Kühn,F,Panchina,0,0,
10,13981515,Lazio,Ivan Provedel,G,Titolare,0,0,
10,13981515,Lazio,Manuel Lazzari,D,Titolare,0,0,
10,13981515,Lazio,Mario Gila,D,Titolare,0,0,
10,13981515,Lazio,Alessio Romagnoli,D,Titolare,0,0,
10,13981515,Lazio,Adam Marušić,D,Titolare,0,0,
10,13981515,Lazio,Mattéo Guendouzi,M,Titolare,0,0,
10,13981515,Lazio,Danilo Cataldi,M,Titolare,0,0,
10,13981515,Lazio,Toma Bašić,M,Titolare,0,0,
10,13981515,Lazio,Gustav Isaksen,F,Titolare,0,0,
10,13981515,Lazio,Boulaye Dia,F,Titolare,0,0,
10,13981515,Lazio,Mattia Zaccagni,F,Titolare,0,0,
10,13981515,Lazio,Oliver Provstgaard,D,Panchina,0,0,
10,13981515,Lazio,Matías Vecino,M,Panchina,0,0,
10,13981515,Lazio,Luca Pellegrini,D,Panchina,0,0,
10,13981515,Lazio,Tijjani Noslin,F,Panchina,0,0,
10,13981515,Lazio,Pedro,F,Panchina,0,0,
10,13981515,Lazio,Christos Mandas,G,Panchina,0,0,
10,13981515,Lazio,Alessio Furlanetto,G,Panchina,0,0,
10,13981515,Lazio,Elseid Hysaj,D,Panchina,0,0,
10,13981515,Lazio,Patric,D,Panchina,0,0,
10,13981515,Lazio,Reda Belahyane,M,Panchina,0,0,
10,13981515,Cagliari,Elia Caprile,G,Titolare,0,0,
10,13981515,Cagliari,Gabriele Zappa,D,Titolare,0,0,
10,13981515,Cagliari,Yerry Mina,D,Titolare,0,0,
10,13981515,Cagliari,Sebastiano Luperto,D,Titolare,0,0,
10,13981515,Cagliari,Marco Palestra,M,Titolare,0,0,
10,13981515,Cagliari,Michel Adopo,M,Titolare,0,0,
10,13981515,Cagliari,Matteo Prati,M,Titolare,0,0,
10,13981515,Cagliari,Michael Folorunsho,M,Titolare,0,0,
10,13981515,Cagliari,Gianluca Gaetano,M,Titolare,0,0,
10,13981515,Cagliari,Sebastiano Esposito,F,Titolare,0,0,
10,13981515,Cagliari,Gennaro Borrelli,F,Titolare,0,0,
10,13981515,Cagliari,Mattia Felici,F,Panchina,0,0,
10,13981515,Cagliari,Zito Luvumbo,F,Panchina,0,0,
10,13981515,Cagliari,Semih Kılıçsoy,F,Panchina,0,0,
10,13981515,Cagliari,Riyad Idrissi,D,Panchina,0,0,
10,13981515,Cagliari,Leonardo Pavoletti,F,Panchina,0,0,
10,13981515,Cagliari,Vincenzo Sarno,G,Panchina,0,0,
10,13981515,Cagliari,Boris Radunović,G,Panchina,0,0,
10,13981515,Cagliari,Zé Pedro,D,Panchina,0,0,
10,13981515,Cagliari,Juan Rodríguez,D,Panchina,0,0,
10,13981515,Cagliari,Luca Mazzitelli,M,Panchina,0,0,
10,13981515,Cagliari,Nicolò Cavuoti,M,Panchina,0,0,
10,13981515,Cagliari,Alessandro Di Pardo,M,Panchina,0,0,
10,13981516,Udinese,Maduka Okoye,G,Titolare,0,0,
10,13981516,Udinese,Nicolò Bertola,D,Titolare,0,0,
10,13981516,Udinese,Christian Kabasele,D,Titolare,0,0,
10,13981516,Udinese,Oumar Solet,D,Titolare,0,0,
10,13981516,Udinese,Alessandro Zanoli,M,Titolare,0,0,
10,13981516,Udinese,Jürgen Ekkelenkamp,M,Titolare,0,0,
10,13981516,Udinese,Jesper Karlström,M,Titolare,0,0,
10,13981516,Udinese,Arthur Atta,M,Titolare,0,0,
10,13981516,Udinese,Hassane Kamara,M,Titolare,0,0,
10,13981516,Udinese,Nicolò Zaniolo,F,Titolare,0,0,
10,13981516,Udinese,Adam Buksa,F,Titolare,0,0,
10,13981516,Udinese,Jakub Piotrowski,M,Panchina,0,0,
10,13981516,Udinese,Vakoun Issouf Bayo,F,Panchina,0,0,
10,13981516,Udinese,Matteo Palma,D,Panchina,0,0,
10,13981516,Udinese,Kingsley Ehizibue,M,Panchina,0,0,
10,13981516,Udinese,Oier Zarraga,M,Panchina,0,0,
10,13981516,Udinese,Răzvan Sava,G,Panchina,0,0,
10,13981516,Udinese,Daniele Padelli,G,Panchina,0,0,
10,13981516,Udinese,Alessandro Nunziante,G,Panchina,0,0,
10,13981516,Udinese,Saba Goglichidze,D,Panchina,0,0,
10,13981516,Udinese,Jordan Zemura,M,Panchina,0,0,
10,13981516,Udinese,Sandi Lovrić,M,Panchina,0,0,
10,13981516,Udinese,Rui Modesto,M,Panchina,0,0,
10,13981516,Udinese,Lennon Miller,M,Panchina,0,0,
10,13981516,Udinese,Idrissa Gueye,F,Panchina,0,0,
10,13981516,Udinese,Iker Bravo,F,Panchina,0,0,
10,13981516,Atalanta,Marco Carnesecchi,G,Titolare,0,0,
10,13981516,Atalanta,Odilon Kossounou,D,Titolare,0,0,
10,13981516,Atalanta,Isak Hien,D,Titolare,0,0,
10,13981516,Atalanta,Berat Djimsiti,D,Titolare,0,0,
10,13981516,Atalanta,Davide Zappacosta,M,Titolare,0,0,
10,13981516,Atalanta,Éderson,M,Titolare,0,0,
10,13981516,Atalanta,Mario Pašalić,M,Titolare,0,0,
10,13981516,Atalanta,Nicola Zalewski,M,Titolare,0,0,
10,13981516,Atalanta,Lazar Samardžić,M,Titolare,0,0,
10,13981516,Atalanta,Kamaldeen Sulemana,F,Titolare,0,0,
10,13981516,Atalanta,Gianluca Scamacca,F,Titolare,0,0,
10,13981516,Atalanta,Ademola Lookman,F,Panchina,0,0,
10,13981516,Atalanta,Nikola Krstović,F,Panchina,0,0,
10,13981516,Atalanta,Raoul Bellanova,M,Panchina,0,0,
10,13981516,Atalanta,Charles De Ketelaere,F,Panchina,0,0,
10,13981516,Atalanta,Marco Brescianini,M,Panchina,0,0,
10,13981516,Atalanta,Francesco Rossi,G,Panchina,0,0,
10,13981516,Atalanta,Marco Sportiello,G,Panchina,0,0,
10,13981516,Atalanta,Relja Obrić,D,Panchina,0,0,
10,13981516,Atalanta,Honest Ahanor,D,Panchina,0,0,
10,13981516,Atalanta,Yunus Musah,M,Panchina,0,0,
10,13981516,Atalanta,Lorenzo Bernasconi,M,Panchina,0,0,
10,13981517,AC Milan,Mike Maignan,G,Titolare,0,0,
10,13981517,AC Milan,Koni De Winter,D,Titolare,0,0,
10,13981517,AC Milan,Matteo Gabbia,D,Titolare,0,0,
10,13981517,AC Milan,Strahinja Pavlović,D,Titolare,0,0,
10,13981517,AC Milan,Alexis Saelemaekers,M,Titolare,0,0,
10,13981517,AC Milan,Youssouf Fofana,M,Titolare,0,0,
10,13981517,AC Milan,Luka Modrić,M,Titolare,0,0,
10,13981517,AC Milan,Samuele Ricci,M,Titolare,0,0,
10,13981517,AC Milan,Davide Bartesaghi,M,Titolare,0,0,
10,13981517,AC Milan,Christopher Nkunku,F,Titolare,0,0,
10,13981517,AC Milan,Rafael Leão,F,Titolare,0,0,
10,13981517,AC Milan,Ruben Loftus-Cheek,M,Panchina,0,0,
10,13981517,AC Milan,Zachary Athekame,D,Panchina,0,0,
10,13981517,AC Milan,Fikayo Tomori,D,Panchina,0,0,
10,13981517,AC Milan,Matteo Pittarella,G,Panchina,0,0,
10,13981517,AC Milan,Pietro Terracciano,G,Panchina,0,0,
10,13981517,AC Milan,David Odogu,D,Panchina,0,0,
10,13981517,AC Milan,Ardon Jashari,M,Panchina,0,0,
10,13981517,AC Milan,Pervis Estupiñán,M,Panchina,0,0,
10,13981517,AC Milan,Alex Castiello,F,Panchina,0,0,
10,13981517,AS Roma,Mile Svilar,G,Titolare,0,0,
10,13981517,AS Roma,Gianluca Mancini,D,Titolare,0,0,
10,13981517,AS Roma,Evan Ndicka,D,Titolare,0,0,
10,13981517,AS Roma,Mario Hermoso,D,Titolare,0,0,
10,13981517,AS Roma,Zeki Çelik,D,Titolare,0,0,
10,13981517,AS Roma,Manu Koné,M,Titolare,0,0,
10,13981517,AS Roma,Bryan Cristante,M,Titolare,0,0,
10,13981517,AS Roma,Neil El Aynaoui,M,Titolare,0,0,
10,13981517,AS Roma,Wesley,M,Titolare,0,0,
10,13981517,AS Roma,Matías Soulé,F,Titolare,0,0,
10,13981517,AS Roma,Paulo Dybala,F,Titolare,0,0,
10,13981517,AS Roma,Leon Bailey,F,Panchina,0,0,
10,13981517,AS Roma,Lorenzo Pellegrini,F,Panchina,0,0,
10,13981517,AS Roma,Artem Dovbyk,F,Panchina,0,0,
10,13981517,AS Roma,Kostas Tsimikas,D,Panchina,0,0,
10,13981517,AS Roma,Tommaso Baldanzi,M,Panchina,0,0,
10,13981517,AS Roma,Devis Vásquez,G,Panchina,0,0,
10,13981517,AS Roma,Pierluigi Gollini,G,Panchina,0,0,
10,13981517,AS Roma,Jan Ziółkowski,D,Panchina,0,0,
10,13981517,AS Roma,Daniele Ghilardi,D,Panchina,0,0,
10,13981517,AS Roma,Niccolò Pisilli,M,Panchina,0,0,
10,13981517,AS Roma,Devyne Rensch,M,Panchina,0,0,
10,13981517,AS Roma,Stephan El Shaarawy,F,Panchina,0,0,
10,13981518,Hellas Verona,Lorenzo Montipò,G,Titolare,0,0,
10,13981518,Hellas Verona,Armel Bella-Kotchap,D,Titolare,0,0,
10,13981518,Hellas Verona,Victor Nelsson,D,Titolare,0,0,
10,13981518,Hellas Verona,Martin Frese,D,Titolare,0,0,
10,13981518,Hellas Verona,Rafik Belghali,M,Titolare,0,0,
10,13981518,Hellas Verona,Jean Daniel Akpa-Akpro,M,Titolare,0,0,
10,13981518,Hellas Verona,Roberto Gagliardini,M,Titolare,0,0,
10,13981518,Hellas Verona,Antoine Bernede,M,Titolare,0,0,
10,13981518,Hellas Verona,Domagoj Bradarić,M,Titolare,0,0,
10,13981518,Hellas Verona,Giovane,F,Titolare,0,0,
10,13981518,Hellas Verona,Gift Orban,F,Titolare,0,0,
10,13981518,Hellas Verona,Cheikh Niasse,M,Panchina,0,0,
10,13981518,Hellas Verona,Daniel Mosquera,F,Panchina,0,0,
10,13981518,Hellas Verona,Amin Sarr,F,Panchina,0,0,
10,13981518,Hellas Verona,Abdou Harroui,M,Panchina,0,0,
10,13981518,Hellas Verona,Giacomo Toniolo,G,Panchina,0,0,
10,13981518,Hellas Verona,Simone Perilli,G,Panchina,0,0,
10,13981518,Hellas Verona,Nicolás Valentini,D,Panchina,0,0,
10,13981518,Hellas Verona,Enzo Ebosse,D,Panchina,0,0,
10,13981518,Hellas Verona,Fallou Cham,D,Panchina,0,0,
10,13981518,Hellas Verona,Adi Kurti,D,Panchina,0,0,
10,13981518,Hellas Verona,Tobias Slotsager,D,Panchina,0,0,
10,13981518,Hellas Verona,Grigoris Kastanos,M,Panchina,0,0,
10,13981518,Hellas Verona,Junior Ajayi,F,Panchina,0,0,
10,13981518,Inter,Yann Sommer,G,Titolare,0,0,
10,13981518,Inter,Manuel Akanji,D,Titolare,0,0,
10,13981518,Inter,Yann Bisseck,D,Titolare,0,0,
10,13981518,Inter,Alessandro Bastoni,D,Titolare,0,0,
10,13981518,Inter,Luís Henrique,M,Titolare,0,0,
10,13981518,Inter,Petar Sučić,M,Titolare,0,0,
10,13981518,Inter,Hakan Çalhanoğlu,M,Titolare,0,0,
10,13981518,Inter,Piotr Zieliński,M,Titolare,0,0,
10,13981518,Inter,Carlos Augusto,D,Titolare,0,0,
10,13981518,Inter,Ange-Yoan Bonny,F,Titolare,0,0,
10,13981518,Inter,Lautaro Martínez,F,Titolare,0,0,
10,13981518,Inter,Denzel Dumfries,M,Panchina,0,0,
10,13981518,Inter,Nicolò Barella,M,Panchina,0,0,
10,13981518,Inter,Francesco Pio Esposito,F,Panchina,0,0,
10,13981518,Inter,Federico Dimarco,M,Panchina,0,0,
10,13981518,Inter,Davide Frattesi,M,Panchina,0,0,
10,13981518,Inter,Josep Martínez,G,Panchina,0,0,
10,13981518,Inter,Alain Taho,G,Panchina,0,0,
10,13981518,Inter,Francesco Acerbi,D,Panchina,0,0,
10,13981518,Inter,Christos Alexiou,D,Panchina,0,0,
10,13981518,Inter,Stefan de Vrij,D,Panchina,0,0,
10,13981518,Inter,Andy Diouf,M,Panchina,0,0,
10,13981518,Inter,Matteo Lavelli,F,Panchina,0,0,
10,13981520,Torino,Alberto Paleari,G,Titolare,0,0,
10,13981520,Torino,Ardian Ismajli,D,Titolare,0,0,
10,13981520,Torino,Guillermo Maripán,D,Titolare,0,0,
10,13981520,Torino,Saúl Coco,D,Titolare,0,0,
10,13981520,Torino,Marcus Pedersen,M,Titolare,0,0,
10,13981520,Torino,Cesare Casadei,M,Titolare,0,0,
10,13981520,Torino,Ivan Ilić,M,Titolare,0,0,
10,13981520,Torino,Nikola Vlašić,M,Titolare,0,0,
10,13981520,Torino,Valentino Lazaro,M,Titolare,0,0,
10,13981520,Torino,Che Adams,F,Titolare,0,0,
10,13981520,Torino,Giovanni Simeone,F,Titolare,0,0,
10,13981520,Torino,Cyril Ngonge,F,Panchina,0,0,
10,13981520,Torino,Adrien Tameze,D,Panchina,0,0,
10,13981520,Torino,Gvidas Gineitis,M,Panchina,0,0,
10,13981520,Torino,Cristiano Biraghi,D,Panchina,0,0,
10,13981520,Torino,Duván Zapata,F,Panchina,0,0,
10,13981520,Torino,Lapo Siviero,G,Panchina,0,0,
10,13981520,Torino,Mihai Popa,G,Panchina,0,0,
10,13981520,Torino,Adam Masina,D,Panchina,0,0,
10,13981520,Torino,Ali Dembélé,D,Panchina,0,0,
10,13981520,Torino,Emirhan İlkhan,M,Panchina,0,0,
10,13981520,Torino,Kristjan Asllani,M,Panchina,0,0,
10,13981520,Torino,Tino Anjorin,M,Panchina,0,0,
10,13981520,Torino,Alieu Njie,F,Panchina,0,0,
10,13981520,Pisa,Adrian Šemper,G,Titolare,0,0,
10,13981520,Pisa,Idrissa Touré,M,Titolare,0,0,
10,13981520,Pisa,Arturo Calabresi,D,Titolare,0,0,
10,13981520,Pisa,Antonio Caracciolo,D,Titolare,0,0,
10,13981520,Pisa,Simone Canestrelli,D,Titolare,0,0,
10,13981520,Pisa,Mehdi Léris,M,Titolare,0,0,
10,13981520,Pisa,Isak Vural,M,Titolare,0,0,
10,13981520,Pisa,Malthe Højholt,M,Titolare,0,0,
10,13981520,Pisa,Ebenezer Akinsanmiro,M,Titolare,0,0,
10,13981520,Pisa,Stefano Moreo,F,Titolare,0,0,
10,13981520,Pisa,Henrik Wendel Meister,F,Titolare,0,0,
10,13981520,Pisa,Michel Aebischer,M,Panchina,0,0,
10,13981520,Pisa,Samuele Angori,M,Panchina,0,0,
10,13981520,Pisa,M'bala Nzola,F,Panchina,0,0,
10,13981520,Pisa,Juan Cuadrado,M,Panchina,0,0,
10,13981520,Pisa,Marius Marin,M,Panchina,0,0,
10,13981520,Pisa,Nícolas,G,Panchina,0,0,
10,13981520,Pisa,Simone Scuffet,G,Panchina,0,0,
10,13981520,Pisa,Jeremy Kandje Mbambi,D,Panchina,0,0,
10,13981520,Pisa,Raúl Albiol,D,Panchina,0,0,
10,13981520,Pisa,Giovanni Bonfanti,D,Panchina,0,0,
10,13981520,Pisa,Daniel Denoon,D,Panchina,0,0,
10,13981520,Pisa,Lorran,M,Panchina,0,0,
10,13981520,Pisa,Gabriele Piccinini,M,Panchina,0,0,
10,13981520,Pisa,Matteo Tramoni,F,Panchina,0,0,
10,13981520,Pisa,Louis Buffon,F,Panchina,0,0,
10,13981522,Parma,Zion Suzuki,G,Titolare,0,0,
10,13981522,Parma,Enrico Delprato,D,Titolare,0,0,
10,13981522,Parma,Alessandro Circati,D,Titolare,0,0,
10,13981522,Parma,Lautaro Valenti,D,Titolare,0,0,
10,13981522,Parma,Sascha Britschgi,D,Titolare,0,0,
10,13981522,Parma,Nahuel Estévez,M,Titolare,0,0,
10,13981522,Parma,Mandela Keita,M,Titolare,0,0,
10,13981522,Parma,Adrián Bernabé,M,Titolare,0,0,
10,13981522,Parma,Christian Ordoñez,M,Titolare,0,0,
10,13981522,Parma,Adrian Benedyczak,F,Titolare,0,0,
10,13981522,Parma,Mateo Pellegrino,F,Titolare,0,0,
10,13981522,Parma,Oliver Sørensen,M,Panchina,0,0,
10,13981522,Parma,Abdoulaye Ndiaye,D,Panchina,0,0,
10,13981522,Parma,Hernani,M,Panchina,0,0,
10,13981522,Parma,Patrick Cutrone,F,Panchina,0,0,
10,13981522,Parma,Milan Đurić,F,Panchina,0,0,
10,13981522,Parma,Filippo Rinaldi,G,Panchina,0,0,
10,13981522,Parma,Edoardo Corvi,G,Panchina,0,0,
10,13981522,Parma,Nicolas Trabucchi,D,Panchina,0,0,
10,13981522,Parma,Mathias Løvik,D,Panchina,0,0,
10,13981522,Parma,Mariano Troilo,D,Panchina,0,0,
10,13981522,Parma,Elia Plicco,M,Panchina,0,0,
10,13981522,Parma,Benjamin Cremaschi,M,Panchina,0,0,
10,13981522,Parma,Alessandro Cardinali,M,Panchina,0,0,
10,13981522,Parma,Alessandro Ciardi,M,Panchina,0,0,
10,13981522,Parma,Tjaš Begić,F,Panchina,0,0,
10,13981522,Bologna,Łukasz Skorupski,G,Titolare,0,0,
10,13981522,Bologna,Emil Holm,D,Titolare,0,0,
10,13981522,Bologna,Torbjørn Heggem,D,Titolare,0,0,
10,13981522,Bologna,Jhon Lucumí,D,Titolare,0,0,
10,13981522,Bologna,Juan Miranda,D,Titolare,0,0,
10,13981522,Bologna,Remo Freuler,M,Titolare,0,0,
10,13981522,Bologna,Tommaso Pobega,M,Titolare,0,0,
10,13981522,Bologna,Riccardo Orsolini,M,Titolare,0,0,
10,13981522,Bologna,Jens Odgaard,M,Titolare,0,0,
10,13981522,Bologna,Jonathan Rowe,F,Titolare,0,0,
10,13981522,Bologna,Santiago Castro,F,Titolare,0,0,
10,13981522,Bologna,Nikola Moro,M,Panchina,0,0,
10,13981522,Bologna,Giovanni Fabbian,M,Panchina,0,0,
10,13981522,Bologna,Thijs Dallinga,F,Panchina,0,0,
10,13981522,Bologna,Federico Bernardeschi,F,Panchina,0,0,
10,13981522,Bologna,Nicolò Cambiaghi,F,Panchina,0,0,
10,13981522,Bologna,Massimo Pessina,G,Panchina,0,0,
10,13981522,Bologna,Federico Ravaglia,G,Panchina,0,0,
10,13981522,Bologna,Nicolò Casale,D,Panchina,0,0,
10,13981522,Bologna,Martin Vitík,D,Panchina,0,0,
10,13981522,Bologna,Lorenzo De Silvestri,D,Panchina,0,0,
10,13981522,Bologna,Charalampos Lykogiannis,D,Panchina,0,0,
10,13981522,Bologna,Nadir Zortea,D,Panchina,0,0,
10,13981522,Bologna,Sulemana,M,Panchina,0,0,
10,13981522,Bologna,Lewis Ferguson,M,Panchina,0,0,
10,13981522,Bologna,Benjamín Domínguez,M,Panchina,0,0,
10,13981524,Sassuolo,Arijanet Murić,G,Titolare,0,0,
10,13981524,Sassuolo,Sebastian Walukiewicz,D,Titolare,0,0,
10,13981524,Sassuolo,Jay Idzes,D,Titolare,0,0,
10,13981524,Sassuolo,Tarik Muharemović,D,Titolare,0,0,
10,13981524,Sassuolo,Josh Doig,D,Titolare,0,0,
10,13981524,Sassuolo,Ismael Koné,M,Titolare,0,0,
10,13981524,Sassuolo,Nemanja Matić,M,Titolare,0,0,
10,13981524,Sassuolo,Kristian Thorstvedt,M,Titolare,0,0,
10,13981524,Sassuolo,Domenico Berardi,F,Titolare,0,0,
10,13981524,Sassuolo,Andrea Pinamonti,F,Titolare,0,0,
10,13981524,Sassuolo,Armand Laurienté,F,Titolare,0,0,
10,13981524,Sassuolo,Aster Vranckx,M,Panchina,0,0,
10,13981524,Sassuolo,Alieu Fadera,F,Panchina,0,0,
10,13981524,Sassuolo,Woyo Coulibaly,D,Panchina,0,0,
10,13981524,Sassuolo,Walid Cheddira,F,Panchina,0,0,
10,13981524,Sassuolo,Luca Moro,F,Panchina,0,0,
10,13981524,Sassuolo,Stefano Turati,G,Panchina,0,0,
10,13981524,Sassuolo,Gioele Zacchi,G,Panchina,0,0,
10,13981524,Sassuolo,Fali Candé,D,Panchina,0,0,
10,13981524,Sassuolo,Cas Odenthal,D,Panchina,0,0,
10,13981524,Sassuolo,Luca Lipani,M,Panchina,0,0,
10,13981524,Sassuolo,Edoardo Iannoni,M,Panchina,0,0,
10,13981524,Sassuolo,Nicholas Pierini,F,Panchina,0,0,
10,13981524,Genoa,Nicola Leali,G,Titolare,0,0,
10,13981524,Genoa,Alessandro Marcandalli,D,Titolare,0,0,
10,13981524,Genoa,Leo Østigård,D,Titolare,0,0,
10,13981524,Genoa,Johan Vásquez,D,Titolare,0,0,
10,13981524,Genoa,Brooke Norton-Cuffy,D,Titolare,0,0,
10,13981524,Genoa,Ruslan Malinovskyi,M,Titolare,0,0,
10,13981524,Genoa,Morten Frendrup,M,Titolare,0,0,
10,13981524,Genoa,Morten Thorsby,M,Titolare,0,0,
10,13981524,Genoa,Aarón Martín,M,Titolare,0,0,
10,13981524,Genoa,Vitinha,F,Titolare,0,0,
10,13981524,Genoa,Lorenzo Colombo,F,Titolare,0,0,
10,13981524,Genoa,Patrizio Masini,M,Panchina,0,0,
10,13981524,Genoa,Junior Messias,F,Panchina,0,0,
10,13981524,Genoa,Mikael Ellertsson,M,Panchina,0,0,
10,13981524,Genoa,Caleb Ekuban,F,Panchina,0,0,
10,13981524,Genoa,Albert Grønbæk,M,Panchina,0,0,
10,13981524,Genoa,Benjamin Siegrist,G,Panchina,0,0,
10,13981524,Genoa,Stefano Sabelli,M,Panchina,0,0,
10,13981524,Genoa,Jean Onana,M,Panchina,0,0,
10,13981524,Genoa,Hugo Cuenca,M,Panchina,0,0,
10,13981524,Genoa,Nicolae Stanciu,M,Panchina,0,0,
10,13981524,Genoa,Valentín Carboni,M,Panchina,0,0,
10,13981524,Genoa,Jeff Ekhator,F,Panchina,0,0,
10,13981524,Genoa,Lorenzo Venturino,F,Panchina,0,0,
10,13981524,Genoa,Seydou Fini,F,Panchina,0,0,
10,13981524,Genoa,Maxwel Cornet,F,Panchina,0,0,
11,13981519,Bologna,Łukasz Skorupski,G,Titolare,0,0,
11,13981519,Bologna,Emil Holm,D,Titolare,0,0,
11,13981519,Bologna,Torbjørn Heggem,D,Titolare,0,0,
11,13981519,Bologna,Jhon Lucumí,D,Titolare,0,0,
11,13981519,Bologna,Juan Miranda,D,Titolare,0,0,
11,13981519,Bologna,Lewis Ferguson,M,Titolare,0,0,
11,13981519,Bologna,Tommaso Pobega,M,Titolare,0,0,
11,13981519,Bologna,Riccardo Orsolini,M,Titolare,0,0,
11,13981519,Bologna,Jens Odgaard,M,Titolare,0,0,
11,13981519,Bologna,Jonathan Rowe,F,Titolare,0,0,
11,13981519,Bologna,Thijs Dallinga,F,Titolare,0,0,
11,13981519,Bologna,Massimo Pessina,G,Panchina,0,0,
11,13981519,Bologna,Nicolò Cambiaghi,F,Panchina,0,0,
11,13981519,Bologna,Federico Bernardeschi,F,Panchina,0,0,
11,13981519,Bologna,Nicolò Casale,D,Panchina,0,0,
11,13981519,Bologna,Nikola Moro,M,Panchina,0,0,
11,13981519,Bologna,Ukko Happonen,G,Panchina,0,0,
11,13981519,Bologna,Lorenzo De Silvestri,D,Panchina,0,0,
11,13981519,Bologna,Charalampos Lykogiannis,D,Panchina,0,0,
11,13981519,Bologna,Nadir Zortea,D,Panchina,0,0,
11,13981519,Bologna,Martin Vitík,D,Panchina,0,0,
11,13981519,Bologna,Sulemana,M,Panchina,0,0,
11,13981519,Bologna,Giovanni Fabbian,M,Panchina,0,0,
11,13981519,Bologna,Benjamín Domínguez,M,Panchina,0,0,
11,13981519,Bologna,Santiago Castro,F,Panchina,0,0,
11,13981519,SSC Napoli,Vanja Milinković-Savić,G,Titolare,0,0,
11,13981519,SSC Napoli,Giovanni Di Lorenzo,D,Titolare,0,0,
11,13981519,SSC Napoli,Amir Rrahmani,D,Titolare,0,0,
11,13981519,SSC Napoli,Alessandro Buongiorno,D,Titolare,0,0,
11,13981519,SSC Napoli,Miguel Gutiérrez,D,Titolare,0,0,
11,13981519,SSC Napoli,Frank Anguissa,M,Titolare,0,0,
11,13981519,SSC Napoli,Stanislav Lobotka,M,Titolare,0,0,
11,13981519,SSC Napoli,Scott McTominay,M,Titolare,0,0,
11,13981519,SSC Napoli,Matteo Politano,M,Titolare,0,0,
11,13981519,SSC Napoli,Rasmus Højlund,F,Titolare,0,0,
11,13981519,SSC Napoli,Eljif Elmas,M,Titolare,0,0,
11,13981519,SSC Napoli,David Neres,F,Panchina,0,0,
11,13981519,SSC Napoli,Noa Lang,F,Panchina,0,0,
11,13981519,SSC Napoli,Mathías Olivera,D,Panchina,0,0,
11,13981519,SSC Napoli,Juan Jesus,D,Panchina,0,0,
11,13981519,SSC Napoli,Lorenzo Lucca,F,Panchina,0,0,
11,13981519,SSC Napoli,Mathias Ferrante,G,Panchina,0,0,
11,13981519,SSC Napoli,Nikita Contini,G,Panchina,0,0,
11,13981519,SSC Napoli,Luca Marianucci,D,Panchina,0,0,
11,13981519,SSC Napoli,Sam Beukema,D,Panchina,0,0,
11,13981519,SSC Napoli,Pasquale Mazzocchi,M,Panchina,0,0,
11,13981519,SSC Napoli,Antonio Vergara,F,Panchina,0,0,
11,13981519,SSC Napoli,Giuseppe Ambrosino,F,Panchina,0,0,
11,13981521,Atalanta,Marco Carnesecchi,G,Titolare,0,0,
11,13981521,Atalanta,Odilon Kossounou,D,Titolare,0,0,
11,13981521,Atalanta,Isak Hien,D,Titolare,0,0,
11,13981521,Atalanta,Honest Ahanor,D,Titolare,0,0,
11,13981521,Atalanta,Raoul Bellanova,M,Titolare,0,0,
11,13981521,Atalanta,Éderson,M,Titolare,0,0,
11,13981521,Atalanta,Mario Pašalić,M,Titolare,0,0,
11,13981521,Atalanta,Davide Zappacosta,M,Titolare,0,0,
11,13981521,Atalanta,Lazar Samardžić,M,Titolare,0,0,
11,13981521,Atalanta,Ademola Lookman,F,Titolare,0,0,
11,13981521,Atalanta,Nikola Krstović,F,Titolare,0,0,
11,13981521,Atalanta,Berat Djimsiti,D,Panchina,0,0,
11,13981521,Atalanta,Charles De Ketelaere,F,Panchina,0,0,
11,13981521,Atalanta,Gianluca Scamacca,F,Panchina,0,0,
11,13981521,Atalanta,Kamaldeen Sulemana,F,Panchina,0,0,
11,13981521,Atalanta,Nicola Zalewski,M,Panchina,0,0,
11,13981521,Atalanta,Marco Sportiello,G,Panchina,0,0,
11,13981521,Atalanta,Francesco Rossi,G,Panchina,0,0,
11,13981521,Atalanta,Giorgio Scalvini,D,Panchina,0,0,
11,13981521,Atalanta,Sead Kolašinac,D,Panchina,0,0,
11,13981521,Atalanta,Lorenzo Bernasconi,M,Panchina,0,0,
11,13981521,Atalanta,Marco Brescianini,M,Panchina,0,0,
11,13981521,Atalanta,Yunus Musah,M,Panchina,0,0,
11,13981521,Atalanta,Marten de Roon,M,Panchina,0,0,
11,13981521,Atalanta,Daniel Maldini,F,Panchina,0,0,
11,13981521,Sassuolo,Arijanet Murić,G,Titolare,0,0,
11,13981521,Sassuolo,Sebastian Walukiewicz,D,Titolare,0,0,
11,13981521,Sassuolo,Jay Idzes,D,Titolare,0,0,
11,13981521,Sassuolo,Tarik Muharemović,D,Titolare,0,0,
11,13981521,Sassuolo,Fali Candé,D,Titolare,0,0,
11,13981521,Sassuolo,Ismael Koné,M,Titolare,0,0,
11,13981521,Sassuolo,Nemanja Matić,M,Titolare,0,0,
11,13981521,Sassuolo,Kristian Thorstvedt,M,Titolare,0,0,
11,13981521,Sassuolo,Domenico Berardi,F,Titolare,0,0,
11,13981521,Sassuolo,Andrea Pinamonti,F,Titolare,0,0,
11,13981521,Sassuolo,Alieu Fadera,F,Titolare,0,0,
11,13981521,Sassuolo,Armand Laurienté,F,Panchina,0,0,
11,13981521,Sassuolo,Josh Doig,D,Panchina,0,0,
11,13981521,Sassuolo,Edoardo Iannoni,M,Panchina,0,0,
11,13981521,Sassuolo,Walid Cheddira,F,Panchina,0,0,
11,13981521,Sassuolo,Nicholas Pierini,F,Panchina,0,0,
11,13981521,Sassuolo,Stefano Turati,G,Panchina,0,0,
11,13981521,Sassuolo,Giacomo Satalino,G,Panchina,0,0,
11,13981521,Sassuolo,Gioele Zacchi,G,Panchina,0,0,
11,13981521,Sassuolo,Woyo Coulibaly,D,Panchina,0,0,
11,13981521,Sassuolo,Cas Odenthal,D,Panchina,0,0,
11,13981521,Sassuolo,Luca Lipani,M,Panchina,0,0,
11,13981521,Sassuolo,Aster Vranckx,M,Panchina,0,0,
11,13981521,Sassuolo,Luca Moro,F,Panchina,0,0,
11,13981523,AS Roma,Mile Svilar,G,Titolare,0,0,
11,13981523,AS Roma,Gianluca Mancini,D,Titolare,0,0,
11,13981523,AS Roma,Evan Ndicka,D,Titolare,0,0,
11,13981523,AS Roma,Mario Hermoso,D,Titolare,0,0,
11,13981523,AS Roma,Zeki Çelik,D,Titolare,0,0,
11,13981523,AS Roma,Bryan Cristante,M,Titolare,0,0,
11,13981523,AS Roma,Manu Koné,M,Titolare,0,0,
11,13981523,AS Roma,Wesley,M,Titolare,0,0,
11,13981523,AS Roma,Matías Soulé,F,Titolare,0,0,
11,13981523,AS Roma,Lorenzo Pellegrini,F,Titolare,0,0,
11,13981523,AS Roma,Artem Dovbyk,F,Titolare,0,0,
11,13981523,AS Roma,Tommaso Baldanzi,M,Panchina,0,0,
11,13981523,AS Roma,Neil El Aynaoui,M,Panchina,0,0,
11,13981523,AS Roma,Stephan El Shaarawy,F,Panchina,0,0,
11,13981523,AS Roma,Daniele Ghilardi,D,Panchina,0,0,
11,13981523,AS Roma,Jan Ziółkowski,D,Panchina,0,0,
11,13981523,AS Roma,Devis Vásquez,G,Panchina,0,0,
11,13981523,AS Roma,Pierluigi Gollini,G,Panchina,0,0,
11,13981523,AS Roma,Kostas Tsimikas,D,Panchina,0,0,
11,13981523,AS Roma,Niccolò Pisilli,M,Panchina,0,0,
11,13981523,AS Roma,Devyne Rensch,M,Panchina,0,0,
11,13981523,Udinese,Maduka Okoye,G,Titolare,0,0,
11,13981523,Udinese,Nicolò Bertola,D,Titolare,0,0,
11,13981523,Udinese,Christian Kabasele,D,Titolare,0,0,
11,13981523,Udinese,Oumar Solet,D,Titolare,0,0,
11,13981523,Udinese,Alessandro Zanoli,M,Titolare,0,0,
11,13981523,Udinese,Jürgen Ekkelenkamp,M,Titolare,0,0,
11,13981523,Udinese,Jesper Karlström,M,Titolare,0,0,
11,13981523,Udinese,Arthur Atta,M,Titolare,0,0,
11,13981523,Udinese,Hassane Kamara,M,Titolare,0,0,
11,13981523,Udinese,Nicolò Zaniolo,F,Titolare,0,0,
11,13981523,Udinese,Adam Buksa,F,Titolare,0,0,
11,13981523,Udinese,Matteo Palma,D,Panchina,0,0,
11,13981523,Udinese,Jakub Piotrowski,M,Panchina,0,0,
11,13981523,Udinese,Keinan Davis,F,Panchina,0,0,
11,13981523,Udinese,Jordan Zemura,M,Panchina,0,0,
11,13981523,Udinese,Vakoun Issouf Bayo,F,Panchina,0,0,
11,13981523,Udinese,Răzvan Sava,G,Panchina,0,0,
11,13981523,Udinese,Daniele Padelli,G,Panchina,0,0,
11,13981523,Udinese,Alessandro Nunziante,G,Panchina,0,0,
11,13981523,Udinese,Saba Goglichidze,D,Panchina,0,0,
11,13981523,Udinese,Sandi Lovrić,M,Panchina,0,0,
11,13981523,Udinese,Kingsley Ehizibue,M,Panchina,0,0,
11,13981523,Udinese,Rui Modesto,M,Panchina,0,0,
11,13981523,Udinese,Oier Zarraga,M,Panchina,0,0,
11,13981523,Udinese,Idrissa Gueye,F,Panchina,0,0,
11,13981523,Udinese,Iker Bravo,F,Panchina,0,0,
11,13981525,Pisa,Adrian Šemper,G,Titolare,0,0,
11,13981525,Pisa,Arturo Calabresi,D,Titolare,0,0,
11,13981525,Pisa,Antonio Caracciolo,D,Titolare,0,0,
11,13981525,Pisa,Simone Canestrelli,D,Titolare,0,0,
11,13981525,Pisa,Idrissa Touré,M,Titolare,0,0,
11,13981525,Pisa,Isak Vural,M,Titolare,0,0,
11,13981525,Pisa,Michel Aebischer,M,Titolare,0,0,
11,13981525,Pisa,Ebenezer Akinsanmiro,M,Titolare,0,0,
11,13981525,Pisa,Juan Cuadrado,M,Titolare,0,0,
11,13981525,Pisa,M'bala Nzola,F,Titolare,0,0,
11,13981525,Pisa,Stefano Moreo,F,Titolare,0,0,
11,13981525,Pisa,Mehdi Léris,M,Panchina,0,0,
11,13981525,Pisa,Marius Marin,M,Panchina,0,0,
11,13981525,Pisa,Gabriele Piccinini,M,Panchina,0,0,
11,13981525,Pisa,Matteo Tramoni,F,Panchina,0,0,
11,13981525,Pisa,Henrik Wendel Meister,F,Panchina,0,0,
11,13981525,Pisa,Nícolas,G,Panchina,0,0,
11,13981525,Pisa,Simone Scuffet,G,Panchina,0,0,
11,13981525,Pisa,Raúl Albiol,D,Panchina,0,0,
11,13981525,Pisa,Giovanni Bonfanti,D,Panchina,0,0,
11,13981525,Pisa,Francesco Coppola,D,Panchina,0,0,
11,13981525,Pisa,Daniel Denoon,D,Panchina,0,0,
11,13981525,Pisa,Malthe Højholt,M,Panchina,0,0,
11,13981525,Pisa,Samuele Angori,M,Panchina,0,0,
11,13981525,Pisa,Lorran,M,Panchina,0,0,
11,13981525,Pisa,Louis Buffon,F,Panchina,0,0,
11,13981525,Cremonese,Emil Audero,G,Titolare,0,0,
11,13981525,Cremonese,Filippo Terracciano,D,Titolare,0,0,
11,13981525,Cremonese,Federico Baschirotto,D,Titolare,0,0,
11,13981525,Cremonese,Matteo Bianchetti,D,Titolare,0,0,
11,13981525,Cremonese,Jari Vandeputte,M,Titolare,0,0,
11,13981525,Cremonese,Tommaso Barbieri,M,Titolare,0,0,
11,13981525,Cremonese,Warren Bondo,M,Titolare,0,0,
11,13981525,Cremonese,Martín Payero,M,Titolare,0,0,
11,13981525,Cremonese,Mikayil Faye,D,Titolare,0,0,
11,13981525,Cremonese,Franco Vázquez,M,Titolare,0,0,
11,13981525,Cremonese,Jamie Vardy,F,Titolare,0,0,
11,13981525,Cremonese,Romano Floriani Mussolini,M,Panchina,0,0,
11,13981525,Cremonese,Jeremy Sarmiento,M,Panchina,0,0,
11,13981525,Cremonese,Federico Bonazzoli,F,Panchina,0,0,
11,13981525,Cremonese,Dennis Johnsen,F,Panchina,0,0,
11,13981525,Cremonese,Marco Silvestri,G,Panchina,0,0,
11,13981525,Cremonese,Lapo Nava,G,Panchina,0,0,
11,13981525,Cremonese,Federico Ceccherini,D,Panchina,0,0,
11,13981525,Cremonese,Francesco Folino,D,Panchina,0,0,
11,13981525,Cremonese,Dachi Lordkipanidze,M,Panchina,0,0,
11,13981525,Cremonese,Mattia Valoti,M,Panchina,0,0,
11,13981526,Lecce,Wladimiro Falcone,G,Titolare,0,0,
11,13981526,Lecce,Danilo Veiga,D,Titolare,0,0,
11,13981526,Lecce,Kialonda Gaspar,D,Titolare,0,0,
11,13981526,Lecce,Tiago Gabriel,D,Titolare,0,0,
11,13981526,Lecce,Antonino Gallo,D,Titolare,0,0,
11,13981526,Lecce,Ylber Ramadani,M,Titolare,0,0,
11,13981526,Lecce,Lassana Coulibaly,M,Titolare,0,0,
11,13981526,Lecce,Tete Morente,F,Titolare,0,0,
11,13981526,Lecce,Medon Berisha,M,Titolare,0,0,
11,13981526,Lecce,Lameck Banda,M,Titolare,0,0,
11,13981526,Lecce,Nikola Štulić,F,Titolare,0,0,
11,13981526,Lecce,Francesco Camarda,F,Panchina,0,0,
11,13981526,Lecce,Santiago Pierotti,F,Panchina,0,0,
11,13981526,Lecce,Riccardo Sottil,F,Panchina,0,0,
11,13981526,Lecce,Mohamed Kaba,M,Panchina,0,0,
11,13981526,Lecce,Christian Früchtl,G,Panchina,0,0,
11,13981526,Lecce,Jasper Samooja,G,Panchina,0,0,
11,13981526,Lecce,Christ-Owen Kouassi,D,Panchina,0,0,
11,13981526,Lecce,Jamil Siebert,D,Panchina,0,0,
11,13981526,Lecce,Corrie Ndaba,D,Panchina,0,0,
11,13981526,Lecce,Alex Sala,M,Panchina,0,0,
11,13981526,Lecce,Þórir Jóhann Helgason,M,Panchina,0,0,
11,13981526,Lecce,Youssef Maleh,M,Panchina,0,0,
11,13981526,Lecce,N'Dri Konan,F,Panchina,0,0,
11,13981526,Hellas Verona,Lorenzo Montipò,G,Titolare,0,0,
11,13981526,Hellas Verona,Armel Bella-Kotchap,D,Titolare,0,0,
11,13981526,Hellas Verona,Victor Nelsson,D,Titolare,0,0,
11,13981526,Hellas Verona,Nicolás Valentini,D,Titolare,0,0,
11,13981526,Hellas Verona,Rafik Belghali,M,Titolare,0,0,
11,13981526,Hellas Verona,Jean Daniel Akpa-Akpro,M,Titolare,0,0,
11,13981526,Hellas Verona,Roberto Gagliardini,M,Titolare,0,0,
11,13981526,Hellas Verona,Abdou Harroui,M,Titolare,0,0,
11,13981526,Hellas Verona,Domagoj Bradarić,M,Titolare,0,0,
11,13981526,Hellas Verona,Giovane,F,Titolare,0,0,
11,13981526,Hellas Verona,Gift Orban,F,Titolare,0,0,
11,13981526,Hellas Verona,Antoine Bernede,M,Panchina,0,0,
11,13981526,Hellas Verona,Martin Frese,D,Panchina,0,0,
11,13981526,Hellas Verona,Amin Sarr,F,Panchina,0,0,
11,13981526,Hellas Verona,Cheikh Niasse,M,Panchina,0,0,
11,13981526,Hellas Verona,Simone Perilli,G,Panchina,0,0,
11,13981526,Hellas Verona,Giacomo Toniolo,G,Panchina,0,0,
11,13981526,Hellas Verona,Fallou Cham,D,Panchina,0,0,
11,13981526,Hellas Verona,Tobias Slotsager,D,Panchina,0,0,
11,13981526,Hellas Verona,Enzo Ebosse,D,Panchina,0,0,
11,13981526,Hellas Verona,Unai Núñez,D,Panchina,0,0,
11,13981526,Hellas Verona,Moatasem Al-Musrati,M,Panchina,0,0,
11,13981526,Hellas Verona,Grigoris Kastanos,M,Panchina,0,0,
11,13981526,Hellas Verona,Junior Ajayi,F,Panchina,0,0,
11,13981526,Hellas Verona,Daniel Mosquera,F,Panchina,0,0,
11,13981527,Inter,Yann Sommer,G,Titolare,0,0,
11,13981527,Inter,Manuel Akanji,D,Titolare,0,0,
11,13981527,Inter,Francesco Acerbi,D,Titolare,0,0,
11,13981527,Inter,Alessandro Bastoni,D,Titolare,0,0,
11,13981527,Inter,Denzel Dumfries,M,Titolare,0,0,
11,13981527,Inter,Nicolò Barella,M,Titolare,0,0,
11,13981527,Inter,Hakan Çalhanoğlu,M,Titolare,0,0,
11,13981527,Inter,Petar Sučić,M,Titolare,0,0,
11,13981527,Inter,Federico Dimarco,M,Titolare,0,0,
11,13981527,Inter,Ange-Yoan Bonny,F,Titolare,0,0,
11,13981527,Inter,Lautaro Martínez,F,Titolare,0,0,
11,13981527,Inter,Carlos Augusto,D,Panchina,0,0,
11,13981527,Inter,Piotr Zieliński,M,Panchina,0,0,
11,13981527,Inter,Marcus Thuram,F,Panchina,0,0,
11,13981527,Inter,Davide Frattesi,M,Panchina,0,0,
11,13981527,Inter,Francesco Pio Esposito,F,Panchina,0,0,
11,13981527,Inter,Josep Martínez,G,Panchina,0,0,
11,13981527,Inter,Alessandro Calligaris,G,Panchina,0,0,
11,13981527,Inter,Yann Bisseck,D,Panchina,0,0,
11,13981527,Inter,Stefan de Vrij,D,Panchina,0,0,
11,13981527,Inter,Luís Henrique,M,Panchina,0,0,
11,13981527,Inter,Andy Diouf,M,Panchina,0,0,
11,13981527,Lazio,Ivan Provedel,G,Titolare,0,0,
11,13981527,Lazio,Manuel Lazzari,D,Titolare,0,0,
11,13981527,Lazio,Mario Gila,D,Titolare,0,0,
11,13981527,Lazio,Alessio Romagnoli,D,Titolare,0,0,
11,13981527,Lazio,Adam Marušić,D,Titolare,0,0,
11,13981527,Lazio,Mattéo Guendouzi,M,Titolare,0,0,
11,13981527,Lazio,Danilo Cataldi,M,Titolare,0,0,
11,13981527,Lazio,Toma Bašić,M,Titolare,0,0,
11,13981527,Lazio,Gustav Isaksen,F,Titolare,0,0,
11,13981527,Lazio,Boulaye Dia,F,Titolare,0,0,
11,13981527,Lazio,Mattia Zaccagni,F,Titolare,0,0,
11,13981527,Lazio,Matías Vecino,M,Panchina,0,0,
11,13981527,Lazio,Pedro,F,Panchina,0,0,
11,13981527,Lazio,Tijjani Noslin,F,Panchina,0,0,
11,13981527,Lazio,Luca Pellegrini,D,Panchina,0,0,
11,13981527,Lazio,Oliver Provstgaard,D,Panchina,0,0,
11,13981527,Lazio,Christos Mandas,G,Panchina,0,0,
11,13981527,Lazio,Alessio Furlanetto,G,Panchina,0,0,
11,13981527,Lazio,Patric,D,Panchina,0,0,
11,13981527,Lazio,Elseid Hysaj,D,Panchina,0,0,
11,13981527,Lazio,Reda Belahyane,M,Panchina,0,0,
11,13981528,Parma,Zion Suzuki,G,Titolare,0,0,
11,13981528,Parma,Enrico Delprato,D,Titolare,0,0,
11,13981528,Parma,Lautaro Valenti,D,Titolare,0,0,
11,13981528,Parma,Abdoulaye Ndiaye,D,Titolare,0,0,
11,13981528,Parma,Sascha Britschgi,D,Titolare,0,0,
11,13981528,Parma,Adrián Bernabé,M,Titolare,0,0,
11,13981528,Parma,Mandela Keita,M,Titolare,0,0,
11,13981528,Parma,Oliver Sørensen,M,Titolare,0,0,
11,13981528,Parma,Mathias Løvik,D,Titolare,0,0,
11,13981528,Parma,Patrick Cutrone,F,Titolare,0,0,
11,13981528,Parma,Mateo Pellegrino,F,Titolare,0,0,
11,13981528,Parma,Mariano Troilo,D,Panchina,0,0,
11,13981528,Parma,Emanuele Valeri,M,Panchina,0,0,
11,13981528,Parma,Hernani,M,Panchina,0,0,
11,13981528,Parma,Benjamin Cremaschi,M,Panchina,0,0,
11,13981528,Parma,Filippo Rinaldi,G,Panchina,0,0,
11,13981528,Parma,Edoardo Corvi,G,Panchina,0,0,
11,13981528,Parma,Nicolas Trabucchi,D,Panchina,0,0,
11,13981528,Parma,Alessandro Cardinali,M,Panchina,0,0,
11,13981528,Parma,Elia Plicco,M,Panchina,0,0,
11,13981528,Parma,Abdou-Salam Konate,M,Panchina,0,0,
11,13981528,Parma,Edoardo Tigani,M,Panchina,0,0,
11,13981528,Parma,Adrian Benedyczak,F,Panchina,0,0,
11,13981528,Parma,Tjaš Begić,F,Panchina,0,0,
11,13981528,Parma,Milan Đurić,F,Panchina,0,0,
11,13981528,AC Milan,Mike Maignan,G,Titolare,0,0,
11,13981528,AC Milan,Koni De Winter,D,Titolare,0,0,
11,13981528,AC Milan,Matteo Gabbia,D,Titolare,0,0,
11,13981528,AC Milan,Strahinja Pavlović,D,Titolare,0,0,
11,13981528,AC Milan,Alexis Saelemaekers,M,Titolare,0,0,
11,13981528,AC Milan,Youssouf Fofana,M,Titolare,0,0,
11,13981528,AC Milan,Luka Modrić,M,Titolare,0,0,
11,13981528,AC Milan,Samuele Ricci,M,Titolare,0,0,
11,13981528,AC Milan,Pervis Estupiñán,M,Titolare,0,0,
11,13981528,AC Milan,Christopher Nkunku,F,Titolare,0,0,
11,13981528,AC Milan,Rafael Leão,F,Titolare,0,0,
11,13981528,AC Milan,Ruben Loftus-Cheek,M,Panchina,0,0,
11,13981528,AC Milan,Davide Bartesaghi,M,Panchina,0,0,
11,13981528,AC Milan,Christian Pulišić,F,Panchina,0,0,
11,13981528,AC Milan,Zachary Athekame,D,Panchina,0,0,
11,13981528,AC Milan,Lorenzo Torriani,G,Panchina,0,0,
11,13981528,AC Milan,Pietro Terracciano,G,Panchina,0,0,
11,13981528,AC Milan,Fikayo Tomori,D,Panchina,0,0,
11,13981528,AC Milan,David Odogu,D,Panchina,0,0,
11,13981528,AC Milan,Ardon Jashari,M,Panchina,0,0,
11,13981529,Como,Jean Butez,G,Titolare,0,0,
11,13981529,Como,Ivan Smolčić,D,Titolare,0,0,
11,13981529,Como,Jacobo Ramón,D,Titolare,0,0,
11,13981529,Como,Diego Carlos,D,Titolare,0,0,
11,13981529,Como,Álex Valle,D,Titolare,0,0,
11,13981529,Como,Máximo Perrone,M,Titolare,0,0,
11,13981529,Como,Maxence Caqueret,M,Titolare,0,0,
11,13981529,Como,Jayden Addai,M,Titolare,0,0,
11,13981529,Como,Nico Paz,M,Titolare,0,0,
11,13981529,Como,Assane Diao,M,Titolare,0,0,
11,13981529,Como,Álvaro Morata,F,Titolare,0,0,
11,13981529,Como,Jesús Rodriguez,M,Panchina,0,0,
11,13981529,Como,Martin Baturina,M,Panchina,0,0,
11,13981529,Como,Anastasios Douvikas,F,Panchina,0,0,
11,13981529,Como,Nicolas-Gerrit Kühn,F,Panchina,0,0,
11,13981529,Como,Mërgim Vojvoda,D,Panchina,0,0,
11,13981529,Como,Mauro Vigorito,G,Panchina,0,0,
11,13981529,Como,Nikola Čavlina,G,Panchina,0,0,
11,13981529,Como,Ignace Van der Brempt,D,Panchina,0,0,
11,13981529,Como,Stefan Posch,D,Panchina,0,0,
11,13981529,Como,Marc Kempf,D,Panchina,0,0,
11,13981529,Como,Alberto Moreno,D,Panchina,0,0,
11,13981529,Como,Lucas Da Cunha,M,Panchina,0,0,
11,13981529,Como,Alberto Cerri,F,Panchina,0,0,
11,13981529,Cagliari,Elia Caprile,G,Titolare,0,0,
11,13981529,Cagliari,Gabriele Zappa,D,Titolare,0,0,
11,13981529,Cagliari,Yerry Mina,D,Titolare,0,0,
11,13981529,Cagliari,Sebastiano Luperto,D,Titolare,0,0,
11,13981529,Cagliari,Adam Obert,D,Titolare,0,0,
11,13981529,Cagliari,Marco Palestra,M,Titolare,0,0,
11,13981529,Cagliari,Michael Folorunsho,M,Titolare,0,0,
11,13981529,Cagliari,Matteo Prati,M,Titolare,0,0,
11,13981529,Cagliari,Gianluca Gaetano,M,Titolare,0,0,
11,13981529,Cagliari,Mattia Felici,F,Titolare,0,0,
11,13981529,Cagliari,Sebastiano Esposito,F,Titolare,0,0,
11,13981529,Cagliari,Michel Adopo,M,Panchina,0,0,
11,13981529,Cagliari,Gennaro Borrelli,F,Panchina,0,0,
11,13981529,Cagliari,Riyad Idrissi,D,Panchina,0,0,
11,13981529,Cagliari,Luca Mazzitelli,M,Panchina,0,0,
11,13981529,Cagliari,Zito Luvumbo,F,Panchina,0,0,
11,13981529,Cagliari,Vincenzo Sarno,G,Panchina,0,0,
11,13981529,Cagliari,Boris Radunović,G,Panchina,0,0,
11,13981529,Cagliari,Juan Rodríguez,D,Panchina,0,0,
11,13981529,Cagliari,Zé Pedro,D,Panchina,0,0,
11,13981529,Cagliari,Nicolò Cavuoti,M,Panchina,0,0,
11,13981529,Cagliari,Alessandro Di Pardo,M,Panchina,0,0,
11,13981529,Cagliari,Leonardo Pavoletti,F,Panchina,0,0,
11,13981529,Cagliari,Semih Kılıçsoy,F,Panchina,0,0,
11,13981530,Genoa,Nicola Leali,G,Titolare,0,0,
11,13981530,Genoa,Alessandro Marcandalli,D,Titolare,0,0,
11,13981530,Genoa,Leo Østigård,D,Titolare,0,0,
11,13981530,Genoa,Johan Vásquez,D,Titolare,0,0,
11,13981530,Genoa,Brooke Norton-Cuffy,D,Titolare,0,0,
11,13981530,Genoa,Mikael Ellertsson,M,Titolare,0,0,
11,13981530,Genoa,Morten Frendrup,M,Titolare,0,0,
11,13981530,Genoa,Morten Thorsby,M,Titolare,0,0,
11,13981530,Genoa,Aarón Martín,M,Titolare,0,0,
11,13981530,Genoa,Lorenzo Colombo,F,Titolare,0,0,
11,13981530,Genoa,Vitinha,F,Titolare,0,0,
11,13981530,Genoa,Jeff Ekhator,F,Panchina,0,0,
11,13981530,Genoa,Patrizio Masini,M,Panchina,0,0,
11,13981530,Genoa,Valentín Carboni,M,Panchina,0,0,
11,13981530,Genoa,Benjamin Siegrist,G,Panchina,0,0,
11,13981530,Genoa,Daniele Sommariva,G,Panchina,0,0,
11,13981530,Genoa,Alin Kumer,D,Panchina,0,0,
11,13981530,Genoa,Hugo Cuenca,M,Panchina,0,0,
11,13981530,Genoa,Nicolae Stanciu,M,Panchina,0,0,
11,13981530,Genoa,Stefano Sabelli,M,Panchina,0,0,
11,13981530,Genoa,Albert Grønbæk,M,Panchina,0,0,
11,13981530,Genoa,Seydou Fini,F,Panchina,0,0,
11,13981530,Genoa,Maxwel Cornet,F,Panchina,0,0,
11,13981530,Genoa,Junior Messias,F,Panchina,0,0,
11,13981530,Genoa,Lorenzo Venturino,F,Panchina,0,0,
11,13981530,Genoa,Caleb Ekuban,F,Panchina,0,0,
11,13981530,Fiorentina,David De Gea,G,Titolare,0,0,
11,13981530,Fiorentina,Marin Pongračić,D,Titolare,0,0,
11,13981530,Fiorentina,Pablo Marí,D,Titolare,0,0,
11,13981530,Fiorentina,Luca Ranieri,D,Titolare,0,0,
11,13981530,Fiorentina,Dodô,M,Titolare,0,0,
11,13981530,Fiorentina,Rolando Mandragora,M,Titolare,0,0,
11,13981530,Fiorentina,Hans Nicolussi Caviglia,M,Titolare,0,0,
11,13981530,Fiorentina,Simon Sohm,M,Titolare,0,0,
11,13981530,Fiorentina,Niccolò Fortini,D,Titolare,0,0,
11,13981530,Fiorentina,Roberto Piccoli,F,Titolare,0,0,
11,13981530,Fiorentina,Albert Guðmundsson,F,Titolare,0,0,
11,13981530,Fiorentina,Mattia Viti,D,Panchina,0,0,
11,13981530,Fiorentina,Fabiano Parisi,D,Panchina,0,0,
11,13981530,Fiorentina,Edin Džeko,F,Panchina,0,0,
11,13981530,Fiorentina,Cher Ndour,M,Panchina,0,0,
11,13981530,Fiorentina,Jacopo Fazzini,F,Panchina,0,0,
11,13981530,Fiorentina,Tommaso Martinelli,G,Panchina,0,0,
11,13981530,Fiorentina,Luca Lezzerini,G,Panchina,0,0,
11,13981530,Fiorentina,Pietro Comuzzo,D,Panchina,0,0,
11,13981530,Fiorentina,Eman Košpo,D,Panchina,0,0,
11,13981530,Fiorentina,Eddy Kouadio,D,Panchina,0,0,
11,13981530,Fiorentina,Nicolò Fagioli,M,Panchina,0,0,
11,13981530,Fiorentina,Amir Richardson,M,Panchina,0,0,
11,13981531,Juventus,Michele Di Gregorio,G,Titolare,0,0,
11,13981531,Juventus,Pierre Kalulu,D,Titolare,0,0,
11,13981531,Juventus,Daniele Rugani,D,Titolare,0,0,
11,13981531,Juventus,Teun Koopmeiners,M,Titolare,0,0,
11,13981531,Juventus,Weston McKennie,M,Titolare,0,0,
11,13981531,Juventus,Manuel Locatelli,M,Titolare,0,0,
11,13981531,Juventus,Khéphren Thuram,M,Titolare,0,0,
11,13981531,Juventus,Andrea Cambiaso,M,Titolare,0,0,
11,13981531,Juventus,Francisco Conceição,F,Titolare,0,0,
11,13981531,Juventus,Kenan Yıldız,F,Titolare,0,0,
11,13981531,Juventus,Dušan Vlahović,F,Titolare,0,0,
11,13981531,Juventus,Federico Gatti,D,Panchina,0,0,
11,13981531,Juventus,Jonathan David,F,Panchina,0,0,
11,13981531,Juventus,Edon Zhegrova,F,Panchina,0,0,
11,13981531,Juventus,Loïs Openda,F,Panchina,0,0,
11,13981531,Juventus,Vasilije Adžić,M,Panchina,0,0,
11,13981531,Juventus,Mattia Perin,G,Panchina,0,0,
11,13981531,Juventus,Simone Scaglia,G,Panchina,0,0,
11,13981531,Juventus,Jonas Rouhi,D,Panchina,0,0,
11,13981531,Juventus,Pedro Felipe,D,Panchina,0,0,
11,13981531,Juventus,João Mário,D,Panchina,0,0,
11,13981531,Juventus,Filip Kostić,M,Panchina,0,0,
11,13981531,Juventus,Fabio Miretti,M,Panchina,0,0,
11,13981531,Torino,Alberto Paleari,G,Titolare,0,0,
11,13981531,Torino,Ardian Ismajli,D,Titolare,0,0,
11,13981531,Torino,Guillermo Maripán,D,Titolare,0,0,
11,13981531,Torino,Saúl Coco,D,Titolare,0,0,
11,13981531,Torino,Marcus Pedersen,M,Titolare,0,0,
11,13981531,Torino,Cesare Casadei,M,Titolare,0,0,
11,13981531,Torino,Ivan Ilić,M,Titolare,0,0,
11,13981531,Torino,Nikola Vlašić,M,Titolare,0,0,
11,13981531,Torino,Valentino Lazaro,M,Titolare,0,0,
11,13981531,Torino,Cyril Ngonge,F,Titolare,0,0,
11,13981531,Torino,Giovanni Simeone,F,Titolare,0,0,
11,13981531,Torino,Kristjan Asllani,M,Panchina,0,0,
11,13981531,Torino,Che Adams,F,Panchina,0,0,
11,13981531,Torino,Tino Anjorin,M,Panchina,0,0,
11,13981531,Torino,Duván Zapata,F,Panchina,0,0,
11,13981531,Torino,Adrien Tameze,D,Panchina,0,0,
11,13981531,Torino,Lapo Siviero,G,Panchina,0,0,
11,13981531,Torino,Mihai Popa,G,Panchina,0,0,
11,13981531,Torino,Niels Nkounkou,D,Panchina,0,0,
11,13981531,Torino,Ali Dembélé,D,Panchina,0,0,
11,13981531,Torino,Cristiano Biraghi,D,Panchina,0,0,
11,13981531,Torino,Adam Masina,D,Panchina,0,0,
11,13981531,Torino,Gvidas Gineitis,M,Panchina,0,0,
11,13981531,Torino,Emirhan İlkhan,M,Panchina,0,0,
11,13981531,Torino,Alieu Njie,F,Panchina,0,0,
11,13981531,Torino,Zakaria Aboukhlal,F,Panchina,0,0,
12,13981532,Hellas Verona,Lorenzo Montipò,G,Titolare,0,0,
12,13981532,Hellas Verona,Armel Bella-Kotchap,D,Titolare,0,0,
12,13981532,Hellas Verona,Victor Nelsson,D,Titolare,0,0,
12,13981532,Hellas Verona,Martin Frese,D,Titolare,0,0,
12,13981532,Hellas Verona,Rafik Belghali,M,Titolare,0,0,
12,13981532,Hellas Verona,Jean Daniel Akpa-Akpro,M,Titolare,0,0,
12,13981532,Hellas Verona,Roberto Gagliardini,M,Titolare,0,0,
12,13981532,Hellas Verona,Antoine Bernede,M,Titolare,0,0,
12,13981532,Hellas Verona,Domagoj Bradarić,M,Titolare,0,0,
12,13981532,Hellas Verona,Giovane,F,Titolare,0,0,
12,13981532,Hellas Verona,Gift Orban,F,Titolare,0,0,
12,13981532,Hellas Verona,Moatasem Al-Musrati,M,Panchina,0,0,
12,13981532,Hellas Verona,Daniel Mosquera,F,Panchina,0,0,
12,13981532,Hellas Verona,Unai Núñez,D,Panchina,0,0,
12,13981532,Hellas Verona,Amin Sarr,F,Panchina,0,0,
12,13981532,Hellas Verona,Abdou Harroui,M,Panchina,0,0,
12,13981532,Hellas Verona,Giacomo Toniolo,G,Panchina,0,0,
12,13981532,Hellas Verona,Simone Perilli,G,Panchina,0,0,
12,13981532,Hellas Verona,Tobias Slotsager,D,Panchina,0,0,
12,13981532,Hellas Verona,Fallou Cham,D,Panchina,0,0,
12,13981532,Hellas Verona,Enzo Ebosse,D,Panchina,0,0,
12,13981532,Hellas Verona,Nicolás Valentini,D,Panchina,0,0,
12,13981532,Hellas Verona,Cheikh Niasse,M,Panchina,0,0,
12,13981532,Hellas Verona,Yellu Santiago,M,Panchina,0,0,
12,13981532,Hellas Verona,Daniel Oyegoke,M,Panchina,0,0,
12,13981532,Hellas Verona,Junior Ajayi,F,Panchina,0,0,
12,13981532,Parma,Edoardo Corvi,G,Titolare,0,0,
12,13981532,Parma,Enrico Delprato,D,Titolare,0,0,
12,13981532,Parma,Mariano Troilo,D,Titolare,0,0,
12,13981532,Parma,Lautaro Valenti,D,Titolare,0,0,
12,13981532,Parma,Sascha Britschgi,D,Titolare,0,0,
12,13981532,Parma,Adrián Bernabé,M,Titolare,0,0,
12,13981532,Parma,Mandela Keita,M,Titolare,0,0,
12,13981532,Parma,Oliver Sørensen,M,Titolare,0,0,
12,13981532,Parma,Mathias Løvik,D,Titolare,0,0,
12,13981532,Parma,Patrick Cutrone,F,Titolare,0,0,
12,13981532,Parma,Mateo Pellegrino,F,Titolare,0,0,
12,13981532,Parma,Emanuele Valeri,M,Panchina,0,0,
12,13981532,Parma,Adrian Benedyczak,F,Panchina,0,0,
12,13981532,Parma,Nahuel Estévez,M,Panchina,0,0,
12,13981532,Parma,Filippo Rinaldi,G,Panchina,0,0,
12,13981532,Parma,Vicente Guaita,G,Panchina,0,0,
12,13981532,Parma,Nicolas Trabucchi,D,Panchina,0,0,
12,13981532,Parma,Bernardo Conde,D,Panchina,0,0,
12,13981532,Parma,Christian Ordoñez,M,Panchina,0,0,
12,13981532,Parma,Gaetano Oristanio,M,Panchina,0,0,
12,13981532,Parma,Hernani,M,Panchina,0,0,
12,13981532,Parma,Benjamin Cremaschi,M,Panchina,0,0,
12,13981532,Parma,Milan Đurić,F,Panchina,0,0,
12,13981532,Parma,Tjaš Begić,F,Panchina,0,0,
12,13981532,Parma,Jacob Ondrejka,F,Panchina,0,0,
12,13981532,Parma,Pontus Almqvist,F,Panchina,0,0,
12,13981533,SSC Napoli,Vanja Milinković-Savić,G,Titolare,0,0,
12,13981533,SSC Napoli,Sam Beukema,D,Titolare,0,0,
12,13981533,SSC Napoli,Amir Rrahmani,D,Titolare,0,0,
12,13981533,SSC Napoli,Alessandro Buongiorno,D,Titolare,0,0,
12,13981533,SSC Napoli,Giovanni Di Lorenzo,D,Titolare,0,0,
12,13981533,SSC Napoli,Stanislav Lobotka,M,Titolare,0,0,
12,13981533,SSC Napoli,Scott McTominay,M,Titolare,0,0,
12,13981533,SSC Napoli,Miguel Gutiérrez,D,Titolare,0,0,
12,13981533,SSC Napoli,David Neres,F,Titolare,0,0,
12,13981533,SSC Napoli,Rasmus Højlund,F,Titolare,0,0,
12,13981533,SSC Napoli,Noa Lang,F,Titolare,0,0,
12,13981533,SSC Napoli,Juan Jesus,D,Panchina,0,0,
12,13981533,SSC Napoli,Pasquale Mazzocchi,M,Panchina,0,0,
12,13981533,SSC Napoli,Matteo Politano,M,Panchina,0,0,
12,13981533,SSC Napoli,Eljif Elmas,M,Panchina,0,0,
12,13981533,SSC Napoli,Lorenzo Lucca,F,Panchina,0,0,
12,13981533,SSC Napoli,Mathias Ferrante,G,Panchina,0,0,
12,13981533,SSC Napoli,Nikita Contini,G,Panchina,0,0,
12,13981533,SSC Napoli,Mathías Olivera,D,Panchina,0,0,
12,13981533,SSC Napoli,Luca Marianucci,D,Panchina,0,0,
12,13981533,SSC Napoli,Giuseppe Ambrosino,F,Panchina,0,0,
12,13981533,SSC Napoli,Antonio Vergara,F,Panchina,0,0,
12,13981533,Atalanta,Marco Carnesecchi,G,Titolare,0,0,
12,13981533,Atalanta,Berat Djimsiti,D,Titolare,0,0,
12,13981533,Atalanta,Isak Hien,D,Titolare,0,0,
12,13981533,Atalanta,Honest Ahanor,D,Titolare,0,0,
12,13981533,Atalanta,Raoul Bellanova,M,Titolare,0,0,
12,13981533,Atalanta,Marten de Roon,M,Titolare,0,0,
12,13981533,Atalanta,Éderson,M,Titolare,0,0,
12,13981533,Atalanta,Davide Zappacosta,M,Titolare,0,0,
12,13981533,Atalanta,Mario Pašalić,M,Titolare,0,0,
12,13981533,Atalanta,Charles De Ketelaere,F,Titolare,0,0,
12,13981533,Atalanta,Ademola Lookman,F,Titolare,0,0,
12,13981533,Atalanta,Odilon Kossounou,D,Panchina,0,0,
12,13981533,Atalanta,Gianluca Scamacca,F,Panchina,0,0,
12,13981533,Atalanta,Nicola Zalewski,M,Panchina,0,0,
12,13981533,Atalanta,Lazar Samardžić,M,Panchina,0,0,
12,13981533,Atalanta,Daniel Maldini,F,Panchina,0,0,
12,13981533,Atalanta,Marco Sportiello,G,Panchina,0,0,
12,13981533,Atalanta,Francesco Rossi,G,Panchina,0,0,
12,13981533,Atalanta,Sead Kolašinac,D,Panchina,0,0,
12,13981533,Atalanta,Lorenzo Bernasconi,M,Panchina,0,0,
12,13981533,Atalanta,Yunus Musah,M,Panchina,0,0,
12,13981533,Atalanta,Marco Brescianini,M,Panchina,0,0,
12,13981533,Atalanta,Kamaldeen Sulemana,F,Panchina,0,0,
12,13981533,Atalanta,Nikola Krstović,F,Panchina,0,0,
12,13981535,Torino,Alberto Paleari,G,Titolare,0,0,
12,13981535,Torino,Adrien Tameze,D,Titolare,0,0,
12,13981535,Torino,Guillermo Maripán,D,Titolare,0,0,
12,13981535,Torino,Adam Masina,D,Titolare,0,0,
12,13981535,Torino,Marcus Pedersen,M,Titolare,0,0,
12,13981535,Torino,Cesare Casadei,M,Titolare,0,0,
12,13981535,Torino,Kristjan Asllani,M,Titolare,0,0,
12,13981535,Torino,Nikola Vlašić,M,Titolare,0,0,
12,13981535,Torino,Valentino Lazaro,M,Titolare,0,0,
12,13981535,Torino,Cyril Ngonge,F,Titolare,0,0,
12,13981535,Torino,Duván Zapata,F,Titolare,0,0,
12,13981535,Torino,Niels Nkounkou,D,Panchina,0,0,
12,13981535,Torino,Tino Anjorin,M,Panchina,0,0,
12,13981535,Torino,Zakaria Aboukhlal,F,Panchina,0,0,
12,13981535,Torino,Gvidas Gineitis,M,Panchina,0,0,
12,13981535,Torino,Alieu Njie,F,Panchina,0,0,
12,13981535,Torino,Franco Israel,G,Panchina,0,0,
12,13981535,Torino,Mihai Popa,G,Panchina,0,0,
12,13981535,Torino,Cristiano Biraghi,D,Panchina,0,0,
12,13981535,Torino,Ali Dembélé,D,Panchina,0,0,
12,13981535,Torino,Saúl Coco,D,Panchina,0,0,
12,13981535,Torino,Emirhan İlkhan,M,Panchina,0,0,
12,13981535,Como,Jean Butez,G,Titolare,0,0,
12,13981535,Como,Ivan Smolčić,D,Titolare,0,0,
12,13981535,Como,Jacobo Ramón,D,Titolare,0,0,
12,13981535,Como,Diego Carlos,D,Titolare,0,0,
12,13981535,Como,Álex Valle,D,Titolare,0,0,
12,13981535,Como,Lucas Da Cunha,M,Titolare,0,0,
12,13981535,Como,Máximo Perrone,M,Titolare,0,0,
12,13981535,Como,Jayden Addai,M,Titolare,0,0,
12,13981535,Como,Nico Paz,M,Titolare,0,0,
12,13981535,Como,Jesús Rodriguez,M,Titolare,0,0,
12,13981535,Como,Álvaro Morata,F,Titolare,0,0,
12,13981535,Como,Mërgim Vojvoda,D,Panchina,0,0,
12,13981535,Como,Marc Kempf,D,Panchina,0,0,
12,13981535,Como,Anastasios Douvikas,F,Panchina,0,0,
12,13981535,Como,Stefan Posch,D,Panchina,0,0,
12,13981535,Como,Martin Baturina,M,Panchina,0,0,
12,13981535,Como,Mauro Vigorito,G,Panchina,0,0,
12,13981535,Como,Nikola Čavlina,G,Panchina,0,0,
12,13981535,Como,Ignace Van der Brempt,D,Panchina,0,0,
12,13981535,Como,Alberto Moreno,D,Panchina,0,0,
12,13981535,Como,Maxence Caqueret,M,Panchina,0,0,
12,13981535,Como,Nicolas-Gerrit Kühn,F,Panchina,0,0,
12,13981535,Como,Alberto Cerri,F,Panchina,0,0,
12,13981536,Sassuolo,Arijanet Murić,G,Titolare,0,0,
12,13981536,Sassuolo,Sebastian Walukiewicz,D,Titolare,0,0,
12,13981536,Sassuolo,Jay Idzes,D,Titolare,0,0,
12,13981536,Sassuolo,Tarik Muharemović,D,Titolare,0,0,
12,13981536,Sassuolo,Fali Candé,D,Titolare,0,0,
12,13981536,Sassuolo,Kristian Thorstvedt,M,Titolare,0,0,
12,13981536,Sassuolo,Nemanja Matić,M,Titolare,0,0,
12,13981536,Sassuolo,Ismael Koné,M,Titolare,0,0,
12,13981536,Sassuolo,Domenico Berardi,F,Titolare,0,0,
12,13981536,Sassuolo,Andrea Pinamonti,F,Titolare,0,0,
12,13981536,Sassuolo,Alieu Fadera,F,Titolare,0,0,
12,13981536,Sassuolo,Woyo Coulibaly,D,Panchina,0,0,
12,13981536,Sassuolo,Armand Laurienté,F,Panchina,0,0,
12,13981536,Sassuolo,Josh Doig,D,Panchina,0,0,
12,13981536,Sassuolo,Luca Lipani,M,Panchina,0,0,
12,13981536,Sassuolo,Cristian Volpato,M,Panchina,0,0,
12,13981536,Sassuolo,Gioele Zacchi,G,Panchina,0,0,
12,13981536,Sassuolo,Giacomo Satalino,G,Panchina,0,0,
12,13981536,Sassuolo,Edoardo Iannoni,M,Panchina,0,0,
12,13981536,Sassuolo,Walid Cheddira,F,Panchina,0,0,
12,13981536,Sassuolo,Nicholas Pierini,F,Panchina,0,0,
12,13981536,Sassuolo,Luca Moro,F,Panchina,0,0,
12,13981536,Pisa,Adrian Šemper,G,Titolare,0,0,
12,13981536,Pisa,Arturo Calabresi,D,Titolare,0,0,
12,13981536,Pisa,Antonio Caracciolo,D,Titolare,0,0,
12,13981536,Pisa,Simone Canestrelli,D,Titolare,0,0,
12,13981536,Pisa,Samuele Angori,M,Titolare,0,0,
12,13981536,Pisa,Idrissa Touré,M,Titolare,0,0,
12,13981536,Pisa,Gabriele Piccinini,M,Titolare,0,0,
12,13981536,Pisa,Michel Aebischer,M,Titolare,0,0,
12,13981536,Pisa,Mehdi Léris,M,Titolare,0,0,
12,13981536,Pisa,Matteo Tramoni,F,Titolare,0,0,
12,13981536,Pisa,M'bala Nzola,F,Titolare,0,0,
12,13981536,Pisa,Raúl Albiol,D,Panchina,0,0,
12,13981536,Pisa,Henrik Wendel Meister,F,Panchina,0,0,
12,13981536,Pisa,Stefano Moreo,F,Panchina,0,0,
12,13981536,Pisa,Malthe Højholt,M,Panchina,0,0,
12,13981536,Pisa,Isak Vural,M,Panchina,0,0,
12,13981536,Pisa,Simone Scuffet,G,Panchina,0,0,
12,13981536,Pisa,Nícolas,G,Panchina,0,0,
12,13981536,Pisa,Daniel Denoon,D,Panchina,0,0,
12,13981536,Pisa,Francesco Coppola,D,Panchina,0,0,
12,13981536,Pisa,Giovanni Bonfanti,D,Panchina,0,0,
12,13981536,Pisa,Lorran,M,Panchina,0,0,
12,13981536,Pisa,Giacomo Maucci,M,Panchina,0,0,
12,13981536,Pisa,Louis Buffon,F,Panchina,0,0,
12,13981537,Lazio,Ivan Provedel,G,Titolare,0,0,
12,13981537,Lazio,Adam Marušić,D,Titolare,0,0,
12,13981537,Lazio,Mario Gila,D,Titolare,0,0,
12,13981537,Lazio,Alessio Romagnoli,D,Titolare,0,0,
12,13981537,Lazio,Luca Pellegrini,D,Titolare,0,0,
12,13981537,Lazio,Mattéo Guendouzi,M,Titolare,0,0,
12,13981537,Lazio,Danilo Cataldi,M,Titolare,0,0,
12,13981537,Lazio,Toma Bašić,M,Titolare,0,0,
12,13981537,Lazio,Gustav Isaksen,F,Titolare,0,0,
12,13981537,Lazio,Boulaye Dia,F,Titolare,0,0,
12,13981537,Lazio,Mattia Zaccagni,F,Titolare,0,0,
12,13981537,Lazio,Matías Vecino,M,Panchina,0,0,
12,13981537,Lazio,Manuel Lazzari,D,Panchina,0,0,
12,13981537,Lazio,Pedro,F,Panchina,0,0,
12,13981537,Lazio,Patric,D,Panchina,0,0,
12,13981537,Lazio,Tijjani Noslin,F,Panchina,0,0,
12,13981537,Lazio,Christos Mandas,G,Panchina,0,0,
12,13981537,Lazio,Alessio Furlanetto,G,Panchina,0,0,
12,13981537,Lazio,Nuno Tavares,D,Panchina,0,0,
12,13981537,Lazio,Elseid Hysaj,D,Panchina,0,0,
12,13981537,Lazio,Oliver Provstgaard,D,Panchina,0,0,
12,13981537,Lazio,Reda Belahyane,M,Panchina,0,0,
12,13981537,Lecce,Wladimiro Falcone,G,Titolare,0,0,
12,13981537,Lecce,Danilo Veiga,D,Titolare,0,0,
12,13981537,Lecce,Kialonda Gaspar,D,Titolare,0,0,
12,13981537,Lecce,Tiago Gabriel,D,Titolare,0,0,
12,13981537,Lecce,Antonino Gallo,D,Titolare,0,0,
12,13981537,Lecce,Ylber Ramadani,M,Titolare,0,0,
12,13981537,Lecce,Lassana Coulibaly,M,Titolare,0,0,
12,13981537,Lecce,Tete Morente,F,Titolare,0,0,
12,13981537,Lecce,Medon Berisha,M,Titolare,0,0,
12,13981537,Lecce,Riccardo Sottil,F,Titolare,0,0,
12,13981537,Lecce,Francesco Camarda,F,Titolare,0,0,
12,13981537,Lecce,Lameck Banda,M,Panchina,0,0,
12,13981537,Lecce,Nikola Štulić,F,Panchina,0,0,
12,13981537,Lecce,Santiago Pierotti,F,Panchina,0,0,
12,13981537,Lecce,Mohamed Kaba,M,Panchina,0,0,
12,13981537,Lecce,N'Dri Konan,F,Panchina,0,0,
12,13981537,Lecce,Christian Früchtl,G,Panchina,0,0,
12,13981537,Lecce,Jasper Samooja,G,Panchina,0,0,
12,13981537,Lecce,Corrie Ndaba,D,Panchina,0,0,
12,13981537,Lecce,Jamil Siebert,D,Panchina,0,0,
12,13981537,Lecce,Christ-Owen Kouassi,D,Panchina,0,0,
12,13981537,Lecce,Matías Pérez,D,Panchina,0,0,
12,13981537,Lecce,Þórir Jóhann Helgason,M,Panchina,0,0,
12,13981537,Lecce,Niko Kovač,M,Panchina,0,0,
12,13981537,Lecce,Youssef Maleh,M,Panchina,0,0,
12,13981537,Lecce,Alex Sala,M,Panchina,0,0,
12,13981538,Inter,Yann Sommer,G,Titolare,0,0,
12,13981538,Inter,Manuel Akanji,D,Titolare,0,0,
12,13981538,Inter,Francesco Acerbi,D,Titolare,0,0,
12,13981538,Inter,Alessandro Bastoni,D,Titolare,0,0,
12,13981538,Inter,Carlos Augusto,D,Titolare,0,0,
12,13981538,Inter,Nicolò Barella,M,Titolare,0,0,
12,13981538,Inter,Hakan Çalhanoğlu,M,Titolare,0,0,
12,13981538,Inter,Petar Sučić,M,Titolare,0,0,
12,13981538,Inter,Federico Dimarco,M,Titolare,0,0,
12,13981538,Inter,Marcus Thuram,F,Titolare,0,0,
12,13981538,Inter,Lautaro Martínez,F,Titolare,0,0,
12,13981538,Inter,Ange-Yoan Bonny,F,Panchina,0,0,
12,13981538,Inter,Piotr Zieliński,M,Panchina,0,0,
12,13981538,Inter,Andy Diouf,M,Panchina,0,0,
12,13981538,Inter,Francesco Pio Esposito,F,Panchina,0,0,
12,13981538,Inter,Josep Martínez,G,Panchina,0,0,
12,13981538,Inter,Alessandro Calligaris,G,Panchina,0,0,
12,13981538,Inter,Yann Bisseck,D,Panchina,0,0,
12,13981538,Inter,Christos Alexiou,D,Panchina,0,0,
12,13981538,Inter,Stefan de Vrij,D,Panchina,0,0,
12,13981538,Inter,Davide Frattesi,M,Panchina,0,0,
12,13981538,Inter,Luís Henrique,M,Panchina,0,0,
12,13981538,Inter,Matteo Cocchi,M,Panchina,0,0,
12,13981538,AC Milan,Mike Maignan,G,Titolare,0,0,
12,13981538,AC Milan,Fikayo Tomori,D,Titolare,0,0,
12,13981538,AC Milan,Matteo Gabbia,D,Titolare,0,0,
12,13981538,AC Milan,Strahinja Pavlović,D,Titolare,0,0,
12,13981538,AC Milan,Alexis Saelemaekers,M,Titolare,0,0,
12,13981538,AC Milan,Youssouf Fofana,M,Titolare,0,0,
12,13981538,AC Milan,Luka Modrić,M,Titolare,0,0,
12,13981538,AC Milan,Adrien Rabiot,M,Titolare,0,0,
12,13981538,AC Milan,Davide Bartesaghi,M,Titolare,0,0,
12,13981538,AC Milan,Christian Pulišić,F,Titolare,0,0,
12,13981538,AC Milan,Rafael Leão,F,Titolare,0,0,
12,13981538,AC Milan,Samuele Ricci,M,Panchina,0,0,
12,13981538,AC Milan,Christopher Nkunku,F,Panchina,0,0,
12,13981538,AC Milan,Ruben Loftus-Cheek,M,Panchina,0,0,
12,13981538,AC Milan,Matteo Pittarella,G,Panchina,0,0,
12,13981538,AC Milan,Pietro Terracciano,G,Panchina,0,0,
12,13981538,AC Milan,David Odogu,D,Panchina,0,0,
12,13981538,AC Milan,Koni De Winter,D,Panchina,0,0,
12,13981538,AC Milan,Pervis Estupiñán,M,Panchina,0,0,
12,13981538,AC Milan,Ardon Jashari,M,Panchina,0,0,
12,13981539,Fiorentina,David De Gea,G,Titolare,0,0,
12,13981539,Fiorentina,Marin Pongračić,D,Titolare,0,0,
12,13981539,Fiorentina,Pablo Marí,D,Titolare,0,0,
12,13981539,Fiorentina,Luca Ranieri,D,Titolare,0,0,
12,13981539,Fiorentina,Dodô,M,Titolare,0,0,
12,13981539,Fiorentina,Rolando Mandragora,M,Titolare,0,0,
12,13981539,Fiorentina,Nicolò Fagioli,M,Titolare,0,0,
12,13981539,Fiorentina,Simon Sohm,M,Titolare,0,0,
12,13981539,Fiorentina,Fabiano Parisi,D,Titolare,0,0,
12,13981539,Fiorentina,Roberto Piccoli,F,Titolare,0,0,
12,13981539,Fiorentina,Moise Kean,F,Titolare,0,0,
12,13981539,Fiorentina,Niccolò Fortini,D,Panchina,0,0,
12,13981539,Fiorentina,Cher Ndour,M,Panchina,0,0,
12,13981539,Fiorentina,Albert Guðmundsson,F,Panchina,0,0,
12,13981539,Fiorentina,Eddy Kouadio,D,Panchina,0,0,
12,13981539,Fiorentina,Mattia Viti,D,Panchina,0,0,
12,13981539,Fiorentina,Tommaso Martinelli,G,Panchina,0,0,
12,13981539,Fiorentina,Luca Lezzerini,G,Panchina,0,0,
12,13981539,Fiorentina,Pietro Comuzzo,D,Panchina,0,0,
12,13981539,Fiorentina,Hans Nicolussi Caviglia,M,Panchina,0,0,
12,13981539,Fiorentina,Amir Richardson,M,Panchina,0,0,
12,13981539,Fiorentina,Jacopo Fazzini,F,Panchina,0,0,
12,13981539,Fiorentina,Edin Džeko,F,Panchina,0,0,
12,13981539,Juventus,Michele Di Gregorio,G,Titolare,0,0,
12,13981539,Juventus,Pierre Kalulu,D,Titolare,0,0,
12,13981539,Juventus,Lloyd Kelly,D,Titolare,0,0,
12,13981539,Juventus,Teun Koopmeiners,M,Titolare,0,0,
12,13981539,Juventus,Andrea Cambiaso,M,Titolare,0,0,
12,13981539,Juventus,Manuel Locatelli,M,Titolare,0,0,
12,13981539,Juventus,Khéphren Thuram,M,Titolare,0,0,
12,13981539,Juventus,Filip Kostić,M,Titolare,0,0,
12,13981539,Juventus,Weston McKennie,M,Titolare,0,0,
12,13981539,Juventus,Kenan Yıldız,F,Titolare,0,0,
12,13981539,Juventus,Dušan Vlahović,F,Titolare,0,0,
12,13981539,Juventus,Juan Cabal,D,Panchina,0,0,
12,13981539,Juventus,Fabio Miretti,M,Panchina,0,0,
12,13981539,Juventus,Francisco Conceição,F,Panchina,0,0,
12,13981539,Juventus,Loïs Openda,F,Panchina,0,0,
12,13981539,Juventus,Jonathan David,F,Panchina,0,0,
12,13981539,Juventus,Simone Scaglia,G,Panchina,0,0,
12,13981539,Juventus,Mattia Perin,G,Panchina,0,0,
12,13981539,Juventus,Federico Gatti,D,Panchina,0,0,
12,13981539,Juventus,Jonas Rouhi,D,Panchina,0,0,
12,13981539,Juventus,João Mário,D,Panchina,0,0,
12,13981539,Juventus,Pedro Felipe,D,Panchina,0,0,
12,13981539,Juventus,Vasilije Adžić,M,Panchina,0,0,
12,13981539,Juventus,Edon Zhegrova,F,Panchina,0,0,
12,13981541,Cremonese,Emil Audero,G,Titolare,0,0,
12,13981541,Cremonese,Filippo Terracciano,D,Titolare,0,0,
12,13981541,Cremonese,Federico Baschirotto,D,Titolare,0,0,
12,13981541,Cremonese,Matteo Bianchetti,D,Titolare,0,0,
12,13981541,Cremonese,Tommaso Barbieri,M,Titolare,0,0,
12,13981541,Cremonese,Martín Payero,M,Titolare,0,0,
12,13981541,Cremonese,Jari Vandeputte,M,Titolare,0,0,
12,13981541,Cremonese,Warren Bondo,M,Titolare,0,0,
12,13981541,Cremonese,Romano Floriani Mussolini,M,Titolare,0,0,
12,13981541,Cremonese,Federico Bonazzoli,F,Titolare,0,0,
12,13981541,Cremonese,Jamie Vardy,F,Titolare,0,0,
12,13981541,Cremonese,Franco Vázquez,M,Panchina,0,0,
12,13981541,Cremonese,Giuseppe Pezzella,M,Panchina,0,0,
12,13981541,Cremonese,Alberto Grassi,M,Panchina,0,0,
12,13981541,Cremonese,Francesco Folino,D,Panchina,0,0,
12,13981541,Cremonese,Antonio Sanabria,F,Panchina,0,0,
12,13981541,Cremonese,Lapo Nava,G,Panchina,0,0,
12,13981541,Cremonese,Marco Silvestri,G,Panchina,0,0,
12,13981541,Cremonese,Federico Ceccherini,D,Panchina,0,0,
12,13981541,Cremonese,Mattia Valoti,M,Panchina,0,0,
12,13981541,Cremonese,Dachi Lordkipanidze,M,Panchina,0,0,
12,13981541,Cremonese,Jeremy Sarmiento,M,Panchina,0,0,
12,13981541,Cremonese,Dennis Johnsen,F,Panchina,0,0,
12,13981541,AS Roma,Mile Svilar,G,Titolare,0,0,
12,13981541,AS Roma,Gianluca Mancini,D,Titolare,0,0,
12,13981541,AS Roma,Evan Ndicka,D,Titolare,0,0,
12,13981541,AS Roma,Jan Ziółkowski,D,Titolare,0,0,
12,13981541,AS Roma,Zeki Çelik,D,Titolare,0,0,
12,13981541,AS Roma,Bryan Cristante,M,Titolare,0,0,
12,13981541,AS Roma,Manu Koné,M,Titolare,0,0,
12,13981541,AS Roma,Wesley,M,Titolare,0,0,
12,13981541,AS Roma,Matías Soulé,F,Titolare,0,0,
12,13981541,AS Roma,Lorenzo Pellegrini,F,Titolare,0,0,
12,13981541,AS Roma,Tommaso Baldanzi,M,Titolare,0,0,
12,13981541,AS Roma,Neil El Aynaoui,M,Panchina,0,0,
12,13981541,AS Roma,Evan Ferguson,F,Panchina,0,0,
12,13981541,AS Roma,Stephan El Shaarawy,F,Panchina,0,0,
12,13981541,AS Roma,Kostas Tsimikas,D,Panchina,0,0,
12,13981541,AS Roma,Niccolò Pisilli,M,Panchina,0,0,
12,13981541,AS Roma,Pierluigi Gollini,G,Panchina,0,0,
12,13981541,AS Roma,Devis Vásquez,G,Panchina,0,0,
12,13981541,AS Roma,Daniele Ghilardi,D,Panchina,0,0,
12,13981541,AS Roma,Buba Sangaré,D,Panchina,0,0,
12,13981541,AS Roma,Devyne Rensch,M,Panchina,0,0,
12,13981542,Cagliari,Elia Caprile,G,Titolare,0,0,
12,13981542,Cagliari,Gabriele Zappa,D,Titolare,0,0,
12,13981542,Cagliari,Yerry Mina,D,Titolare,0,0,
12,13981542,Cagliari,Sebastiano Luperto,D,Titolare,0,0,
12,13981542,Cagliari,Mattia Felici,F,Titolare,0,0,
12,13981542,Cagliari,Alessandro Deiola,M,Titolare,0,0,
12,13981542,Cagliari,Matteo Prati,M,Titolare,0,0,
12,13981542,Cagliari,Michael Folorunsho,M,Titolare,0,0,
12,13981542,Cagliari,Marco Palestra,M,Titolare,0,0,
12,13981542,Cagliari,Sebastiano Esposito,F,Titolare,0,0,
12,13981542,Cagliari,Gennaro Borrelli,F,Titolare,0,0,
12,13981542,Cagliari,Riyad Idrissi,D,Panchina,0,0,
12,13981542,Cagliari,Michel Adopo,M,Panchina,0,0,
12,13981542,Cagliari,Leonardo Pavoletti,F,Panchina,0,0,
12,13981542,Cagliari,Zito Luvumbo,F,Panchina,0,0,
12,13981542,Cagliari,Gianluca Gaetano,M,Panchina,0,0,
12,13981542,Cagliari,Giuseppe Ciocci,G,Panchina,0,0,
12,13981542,Cagliari,Boris Radunović,G,Panchina,0,0,
12,13981542,Cagliari,Nicola Pintus,D,Panchina,0,0,
12,13981542,Cagliari,Juan Rodríguez,D,Panchina,0,0,
12,13981542,Cagliari,Adam Obert,D,Panchina,0,0,
12,13981542,Cagliari,Joseph Liteta,M,Panchina,0,0,
12,13981542,Cagliari,Nicolò Cavuoti,M,Panchina,0,0,
12,13981542,Cagliari,Alessandro Di Pardo,M,Panchina,0,0,
12,13981542,Cagliari,Marko Rog,M,Panchina,0,0,
12,13981542,Cagliari,Semih Kılıçsoy,F,Panchina,0,0,
12,13981542,Genoa,Nicola Leali,G,Titolare,0,0,
12,13981542,Genoa,Alessandro Marcandalli,D,Titolare,0,0,
12,13981542,Genoa,Leo Østigård,D,Titolare,0,0,
12,13981542,Genoa,Johan Vásquez,D,Titolare,0,0,
12,13981542,Genoa,Brooke Norton-Cuffy,D,Titolare,0,0,
12,13981542,Genoa,Ruslan Malinovskyi,M,Titolare,0,0,
12,13981542,Genoa,Morten Frendrup,M,Titolare,0,0,
12,13981542,Genoa,Morten Thorsby,M,Titolare,0,0,
12,13981542,Genoa,Aarón Martín,M,Titolare,0,0,
12,13981542,Genoa,Lorenzo Colombo,F,Titolare,0,0,
12,13981542,Genoa,Vitinha,F,Titolare,0,0,
12,13981542,Genoa,Albert Grønbæk,M,Panchina,0,0,
12,13981542,Genoa,Valentín Carboni,M,Panchina,0,0,
12,13981542,Genoa,Caleb Ekuban,F,Panchina,0,0,
12,13981542,Genoa,Patrizio Masini,M,Panchina,0,0,
12,13981542,Genoa,Mikael Ellertsson,M,Panchina,0,0,
12,13981542,Genoa,Daniele Sommariva,G,Panchina,0,0,
12,13981542,Genoa,Benjamin Siegrist,G,Panchina,0,0,
12,13981542,Genoa,Sebastian Otoa,D,Panchina,0,0,
12,13981542,Genoa,Nicolae Stanciu,M,Panchina,0,0,
12,13981542,Genoa,Stefano Sabelli,M,Panchina,0,0,
12,13981542,Genoa,Seydou Fini,F,Panchina,0,0,
12,13981542,Genoa,Lorenzo Venturino,F,Panchina,0,0,
12,13981542,Genoa,Jeff Ekhator,F,Panchina,0,0,
13,13981540,AS Roma,Mile Svilar,G,Titolare,0,0,
13,13981540,AS Roma,Gianluca Mancini,D,Titolare,0,0,
13,13981540,AS Roma,Evan Ndicka,D,Titolare,0,0,
13,13981540,AS Roma,Mario Hermoso,D,Titolare,0,0,
13,13981540,AS Roma,Zeki Çelik,D,Titolare,0,0,
13,13981540,AS Roma,Bryan Cristante,M,Titolare,0,0,
13,13981540,AS Roma,Manu Koné,M,Titolare,0,0,
13,13981540,AS Roma,Wesley,M,Titolare,0,0,
13,13981540,AS Roma,Matías Soulé,F,Titolare,0,0,
13,13981540,AS Roma,Lorenzo Pellegrini,F,Titolare,0,0,
13,13981540,AS Roma,Evan Ferguson,F,Titolare,0,0,
13,13981540,AS Roma,Tommaso Baldanzi,M,Panchina,0,0,
13,13981540,AS Roma,Neil El Aynaoui,M,Panchina,0,0,
13,13981540,AS Roma,Paulo Dybala,F,Panchina,0,0,
13,13981540,AS Roma,Leon Bailey,F,Panchina,0,0,
13,13981540,AS Roma,Stephan El Shaarawy,F,Panchina,0,0,
13,13981540,AS Roma,Pierluigi Gollini,G,Panchina,0,0,
13,13981540,AS Roma,Devis Vásquez,G,Panchina,0,0,
13,13981540,AS Roma,Daniele Ghilardi,D,Panchina,0,0,
13,13981540,AS Roma,Kostas Tsimikas,D,Panchina,0,0,
13,13981540,AS Roma,Jan Ziółkowski,D,Panchina,0,0,
13,13981540,AS Roma,Buba Sangaré,D,Panchina,0,0,
13,13981540,AS Roma,Niccolò Pisilli,M,Panchina,0,0,
13,13981540,AS Roma,Devyne Rensch,M,Panchina,0,0,
13,13981540,SSC Napoli,Vanja Milinković-Savić,G,Titolare,0,0,
13,13981540,SSC Napoli,Sam Beukema,D,Titolare,0,0,
13,13981540,SSC Napoli,Amir Rrahmani,D,Titolare,0,0,
13,13981540,SSC Napoli,Alessandro Buongiorno,D,Titolare,0,0,
13,13981540,SSC Napoli,Giovanni Di Lorenzo,D,Titolare,0,0,
13,13981540,SSC Napoli,Stanislav Lobotka,M,Titolare,0,0,
13,13981540,SSC Napoli,Scott McTominay,M,Titolare,0,0,
13,13981540,SSC Napoli,Mathías Olivera,D,Titolare,0,0,
13,13981540,SSC Napoli,David Neres,F,Titolare,0,0,
13,13981540,SSC Napoli,Rasmus Højlund,F,Titolare,0,0,
13,13981540,SSC Napoli,Noa Lang,F,Titolare,0,0,
13,13981540,SSC Napoli,Matteo Politano,M,Panchina,0,0,
13,13981540,SSC Napoli,Eljif Elmas,M,Panchina,0,0,
13,13981540,SSC Napoli,Lorenzo Lucca,F,Panchina,0,0,
13,13981540,SSC Napoli,Nikita Contini,G,Panchina,0,0,
13,13981540,SSC Napoli,Mathias Ferrante,G,Panchina,0,0,
13,13981540,SSC Napoli,Luca Marianucci,D,Panchina,0,0,
13,13981540,SSC Napoli,Leonardo Spinazzola,D,Panchina,0,0,
13,13981540,SSC Napoli,Juan Jesus,D,Panchina,0,0,
13,13981540,SSC Napoli,Pasquale Mazzocchi,M,Panchina,0,0,
13,13981540,SSC Napoli,Giuseppe Ambrosino,F,Panchina,0,0,
13,13981540,SSC Napoli,Antonio Vergara,F,Panchina,0,0,
13,13981543,Pisa,Simone Scuffet,G,Titolare,0,0,
13,13981543,Pisa,Antonio Caracciolo,D,Titolare,0,0,
13,13981543,Pisa,Raúl Albiol,D,Titolare,0,0,
13,13981543,Pisa,Simone Canestrelli,D,Titolare,0,0,
13,13981543,Pisa,Idrissa Touré,M,Titolare,0,0,
13,13981543,Pisa,Gabriele Piccinini,M,Titolare,0,0,
13,13981543,Pisa,Michel Aebischer,M,Titolare,0,0,
13,13981543,Pisa,Marius Marin,M,Titolare,0,0,
13,13981543,Pisa,Samuele Angori,M,Titolare,0,0,
13,13981543,Pisa,Henrik Wendel Meister,F,Titolare,0,0,
13,13981543,Pisa,M'bala Nzola,F,Titolare,0,0,
13,13981543,Pisa,Mehdi Léris,M,Panchina,0,0,
13,13981543,Pisa,Matteo Tramoni,F,Panchina,0,0,
13,13981543,Pisa,Lorran,M,Panchina,0,0,
13,13981543,Pisa,Stefano Moreo,F,Panchina,0,0,
13,13981543,Pisa,Louis Buffon,F,Panchina,0,0,
13,13981543,Pisa,Ante Vukovic,G,Panchina,0,0,
13,13981543,Pisa,Nícolas,G,Panchina,0,0,
13,13981543,Pisa,Francesco Coppola,D,Panchina,0,0,
13,13981543,Pisa,Giovanni Bonfanti,D,Panchina,0,0,
13,13981543,Pisa,Arturo Calabresi,D,Panchina,0,0,
13,13981543,Pisa,Giacomo Maucci,M,Panchina,0,0,
13,13981543,Pisa,Malthe Højholt,M,Panchina,0,0,
13,13981543,Pisa,Brando Bettazzi,M,Panchina,0,0,
13,13981543,Inter,Yann Sommer,G,Titolare,0,0,
13,13981543,Inter,Manuel Akanji,D,Titolare,0,0,
13,13981543,Inter,Francesco Acerbi,D,Titolare,0,0,
13,13981543,Inter,Alessandro Bastoni,D,Titolare,0,0,
13,13981543,Inter,Luís Henrique,M,Titolare,0,0,
13,13981543,Inter,Nicolò Barella,M,Titolare,0,0,
13,13981543,Inter,Hakan Çalhanoğlu,M,Titolare,0,0,
13,13981543,Inter,Petar Sučić,M,Titolare,0,0,
13,13981543,Inter,Federico Dimarco,M,Titolare,0,0,
13,13981543,Inter,Lautaro Martínez,F,Titolare,0,0,
13,13981543,Inter,Marcus Thuram,F,Titolare,0,0,
13,13981543,Inter,Piotr Zieliński,M,Panchina,0,0,
13,13981543,Inter,Andy Diouf,M,Panchina,0,0,
13,13981543,Inter,Francesco Pio Esposito,F,Panchina,0,0,
13,13981543,Inter,Yann Bisseck,D,Panchina,0,0,
13,13981543,Inter,Carlos Augusto,D,Panchina,0,0,
13,13981543,Inter,Josep Martínez,G,Panchina,0,0,
13,13981543,Inter,Alain Taho,G,Panchina,0,0,
13,13981543,Inter,Stefan de Vrij,D,Panchina,0,0,
13,13981543,Inter,Yvan Maye,D,Panchina,0,0,
13,13981543,Inter,Davide Frattesi,M,Panchina,0,0,
13,13981543,Inter,Matteo Cocchi,M,Panchina,0,0,
13,13981543,Inter,Henrikh Mkhitaryan,M,Panchina,0,0,
13,13981544,Parma,Edoardo Corvi,G,Titolare,0,0,
13,13981544,Parma,Enrico Delprato,D,Titolare,0,0,
13,13981544,Parma,Mariano Troilo,D,Titolare,0,0,
13,13981544,Parma,Lautaro Valenti,D,Titolare,0,0,
13,13981544,Parma,Sascha Britschgi,D,Titolare,0,0,
13,13981544,Parma,Adrián Bernabé,M,Titolare,0,0,
13,13981544,Parma,Mandela Keita,M,Titolare,0,0,
13,13981544,Parma,Oliver Sørensen,M,Titolare,0,0,
13,13981544,Parma,Emanuele Valeri,M,Titolare,0,0,
13,13981544,Parma,Patrick Cutrone,F,Titolare,0,0,
13,13981544,Parma,Mateo Pellegrino,F,Titolare,0,0,
13,13981544,Parma,Nahuel Estévez,M,Panchina,0,0,
13,13981544,Parma,Jacob Ondrejka,F,Panchina,0,0,
13,13981544,Parma,Hernani,M,Panchina,0,0,
13,13981544,Parma,Adrian Benedyczak,F,Panchina,0,0,
13,13981544,Parma,Mathias Løvik,D,Panchina,0,0,
13,13981544,Parma,Vicente Guaita,G,Panchina,0,0,
13,13981544,Parma,Filippo Rinaldi,G,Panchina,0,0,
13,13981544,Parma,Bernardo Conde,D,Panchina,0,0,
13,13981544,Parma,Nicolas Trabucchi,D,Panchina,0,0,
13,13981544,Parma,Christian Ordoñez,M,Panchina,0,0,
13,13981544,Parma,Benjamin Cremaschi,M,Panchina,0,0,
13,13981544,Parma,Gaetano Oristanio,M,Panchina,0,0,
13,13981544,Parma,Pontus Almqvist,F,Panchina,0,0,
13,13981544,Parma,Tjaš Begić,F,Panchina,0,0,
13,13981544,Parma,Milan Đurić,F,Panchina,0,0,
13,13981544,Udinese,Maduka Okoye,G,Titolare,0,0,
13,13981544,Udinese,Nicolò Bertola,D,Titolare,0,0,
13,13981544,Udinese,Christian Kabasele,D,Titolare,0,0,
13,13981544,Udinese,Oumar Solet,D,Titolare,0,0,
13,13981544,Udinese,Alessandro Zanoli,M,Titolare,0,0,
13,13981544,Udinese,Jakub Piotrowski,M,Titolare,0,0,
13,13981544,Udinese,Jesper Karlström,M,Titolare,0,0,
13,13981544,Udinese,Arthur Atta,M,Titolare,0,0,
13,13981544,Udinese,Jordan Zemura,M,Titolare,0,0,
13,13981544,Udinese,Nicolò Zaniolo,F,Titolare,0,0,
13,13981544,Udinese,Keinan Davis,F,Titolare,0,0,
13,13981544,Udinese,Jürgen Ekkelenkamp,M,Panchina,0,0,
13,13981544,Udinese,Adam Buksa,F,Panchina,0,0,
13,13981544,Udinese,Kingsley Ehizibue,M,Panchina,0,0,
13,13981544,Udinese,Iker Bravo,F,Panchina,0,0,
13,13981544,Udinese,Oier Zarraga,M,Panchina,0,0,
13,13981544,Udinese,Daniele Padelli,G,Panchina,0,0,
13,13981544,Udinese,Răzvan Sava,G,Panchina,0,0,
13,13981544,Udinese,Matteo Palma,D,Panchina,0,0,
13,13981544,Udinese,Saba Goglichidze,D,Panchina,0,0,
13,13981544,Udinese,Abdoulaye Camara,M,Panchina,0,0,
13,13981544,Udinese,Lennon Miller,M,Panchina,0,0,
13,13981544,Udinese,Sandi Lovrić,M,Panchina,0,0,
13,13981544,Udinese,Rui Modesto,M,Panchina,0,0,
13,13981544,Udinese,Idrissa Gueye,F,Panchina,0,0,
13,13981544,Udinese,Vakoun Issouf Bayo,F,Panchina,0,0,
13,13981545,AC Milan,Mike Maignan,G,Titolare,0,0,
13,13981545,AC Milan,Fikayo Tomori,D,Titolare,0,0,
13,13981545,AC Milan,Matteo Gabbia,D,Titolare,0,0,
13,13981545,AC Milan,Strahinja Pavlović,D,Titolare,0,0,
13,13981545,AC Milan,Alexis Saelemaekers,M,Titolare,0,0,
13,13981545,AC Milan,Youssouf Fofana,M,Titolare,0,0,
13,13981545,AC Milan,Luka Modrić,M,Titolare,0,0,
13,13981545,AC Milan,Adrien Rabiot,M,Titolare,0,0,
13,13981545,AC Milan,Davide Bartesaghi,M,Titolare,0,0,
13,13981545,AC Milan,Christopher Nkunku,F,Titolare,0,0,
13,13981545,AC Milan,Rafael Leão,F,Titolare,0,0,
13,13981545,AC Milan,Ruben Loftus-Cheek,M,Panchina,0,0,
13,13981545,AC Milan,Samuele Ricci,M,Panchina,0,0,
13,13981545,AC Milan,Matteo Pittarella,G,Panchina,0,0,
13,13981545,AC Milan,Pietro Terracciano,G,Panchina,0,0,
13,13981545,AC Milan,David Odogu,D,Panchina,0,0,
13,13981545,AC Milan,Koni De Winter,D,Panchina,0,0,
13,13981545,AC Milan,Ardon Jashari,M,Panchina,0,0,
13,13981545,AC Milan,Pervis Estupiñán,M,Panchina,0,0,
13,13981545,Lazio,Ivan Provedel,G,Titolare,0,0,
13,13981545,Lazio,Adam Marušić,D,Titolare,0,0,
13,13981545,Lazio,Mario Gila,D,Titolare,0,0,
13,13981545,Lazio,Alessio Romagnoli,D,Titolare,0,0,
13,13981545,Lazio,Luca Pellegrini,D,Titolare,0,0,
13,13981545,Lazio,Mattéo Guendouzi,M,Titolare,0,0,
13,13981545,Lazio,Matías Vecino,M,Titolare,0,0,
13,13981545,Lazio,Toma Bašić,M,Titolare,0,0,
13,13981545,Lazio,Gustav Isaksen,F,Titolare,0,0,
13,13981545,Lazio,Boulaye Dia,F,Titolare,0,0,
13,13981545,Lazio,Mattia Zaccagni,F,Titolare,0,0,
13,13981545,Lazio,Fisayo Dele-Bashiru,M,Panchina,0,0,
13,13981545,Lazio,Valentín Castellanos,F,Panchina,0,0,
13,13981545,Lazio,Pedro,F,Panchina,0,0,
13,13981545,Lazio,Nuno Tavares,D,Panchina,0,0,
13,13981545,Lazio,Tijjani Noslin,F,Panchina,0,0,
13,13981545,Lazio,Alessio Furlanetto,G,Panchina,0,0,
13,13981545,Lazio,Christos Mandas,G,Panchina,0,0,
13,13981545,Lazio,Oliver Provstgaard,D,Panchina,0,0,
13,13981545,Lazio,Patric,D,Panchina,0,0,
13,13981545,Lazio,Reda Belahyane,M,Panchina,0,0,
13,13981546,Lecce,Wladimiro Falcone,G,Titolare,0,0,
13,13981546,Lecce,Danilo Veiga,D,Titolare,0,0,
13,13981546,Lecce,Kialonda Gaspar,D,Titolare,0,0,
13,13981546,Lecce,Tiago Gabriel,D,Titolare,0,0,
13,13981546,Lecce,Antonino Gallo,D,Titolare,0,0,
13,13981546,Lecce,Ylber Ramadani,M,Titolare,0,0,
13,13981546,Lecce,Lassana Coulibaly,M,Titolare,0,0,
13,13981546,Lecce,Santiago Pierotti,F,Titolare,0,0,
13,13981546,Lecce,Medon Berisha,M,Titolare,0,0,
13,13981546,Lecce,Lameck Banda,M,Titolare,0,0,
13,13981546,Lecce,Nikola Štulić,F,Titolare,0,0,
13,13981546,Lecce,Tete Morente,F,Panchina,0,0,
13,13981546,Lecce,Riccardo Sottil,F,Panchina,0,0,
13,13981546,Lecce,Mohamed Kaba,M,Panchina,0,0,
13,13981546,Lecce,Corrie Ndaba,D,Panchina,0,0,
13,13981546,Lecce,Jasper Samooja,G,Panchina,0,0,
13,13981546,Lecce,Christian Früchtl,G,Panchina,0,0,
13,13981546,Lecce,Christ-Owen Kouassi,D,Panchina,0,0,
13,13981546,Lecce,Matías Pérez,D,Panchina,0,0,
13,13981546,Lecce,Jamil Siebert,D,Panchina,0,0,
13,13981546,Lecce,Alex Sala,M,Panchina,0,0,
13,13981546,Lecce,Youssef Maleh,M,Panchina,0,0,
13,13981546,Lecce,Þórir Jóhann Helgason,M,Panchina,0,0,
13,13981546,Lecce,Olaf Gorter,M,Panchina,0,0,
13,13981546,Lecce,N'Dri Konan,F,Panchina,0,0,
13,13981546,Lecce,Francesco Camarda,F,Panchina,0,0,
13,13981546,Torino,Franco Israel,G,Titolare,0,0,
13,13981546,Torino,Adrien Tameze,D,Titolare,0,0,
13,13981546,Torino,Guillermo Maripán,D,Titolare,0,0,
13,13981546,Torino,Saúl Coco,D,Titolare,0,0,
13,13981546,Torino,Marcus Pedersen,M,Titolare,0,0,
13,13981546,Torino,Cesare Casadei,M,Titolare,0,0,
13,13981546,Torino,Kristjan Asllani,M,Titolare,0,0,
13,13981546,Torino,Gvidas Gineitis,M,Titolare,0,0,
13,13981546,Torino,Niels Nkounkou,D,Titolare,0,0,
13,13981546,Torino,Che Adams,F,Titolare,0,0,
13,13981546,Torino,Nikola Vlašić,M,Titolare,0,0,
13,13981546,Torino,Duván Zapata,F,Panchina,0,0,
13,13981546,Torino,Cyril Ngonge,F,Panchina,0,0,
13,13981546,Torino,Adam Masina,D,Panchina,0,0,
13,13981546,Torino,Valentino Lazaro,M,Panchina,0,0,
13,13981546,Torino,Zakaria Aboukhlal,F,Panchina,0,0,
13,13981546,Torino,Alberto Paleari,G,Panchina,0,0,
13,13981546,Torino,Mihai Popa,G,Panchina,0,0,
13,13981546,Torino,Ali Dembélé,D,Panchina,0,0,
13,13981546,Torino,Emirhan İlkhan,M,Panchina,0,0,
13,13981546,Torino,Tino Anjorin,M,Panchina,0,0,
13,13981547,Genoa,Nicola Leali,G,Titolare,0,0,
13,13981547,Genoa,Alessandro Marcandalli,D,Titolare,0,0,
13,13981547,Genoa,Leo Østigård,D,Titolare,0,0,
13,13981547,Genoa,Johan Vásquez,D,Titolare,0,0,
13,13981547,Genoa,Mikael Ellertsson,M,Titolare,0,0,
13,13981547,Genoa,Ruslan Malinovskyi,M,Titolare,0,0,
13,13981547,Genoa,Morten Frendrup,M,Titolare,0,0,
13,13981547,Genoa,Morten Thorsby,M,Titolare,0,0,
13,13981547,Genoa,Aarón Martín,M,Titolare,0,0,
13,13981547,Genoa,Lorenzo Colombo,F,Titolare,0,0,
13,13981547,Genoa,Vitinha,F,Titolare,0,0,
13,13981547,Genoa,Caleb Ekuban,F,Panchina,0,0,
13,13981547,Genoa,Patrizio Masini,M,Panchina,0,0,
13,13981547,Genoa,Stefano Sabelli,M,Panchina,0,0,
13,13981547,Genoa,Valentín Carboni,M,Panchina,0,0,
13,13981547,Genoa,Benjamin Siegrist,G,Panchina,0,0,
13,13981547,Genoa,Daniele Sommariva,G,Panchina,0,0,
13,13981547,Genoa,Sebastian Otoa,D,Panchina,0,0,
13,13981547,Genoa,Albert Grønbæk,M,Panchina,0,0,
13,13981547,Genoa,Nicolae Stanciu,M,Panchina,0,0,
13,13981547,Genoa,Jean Onana,M,Panchina,0,0,
13,13981547,Genoa,Lorenzo Venturino,F,Panchina,0,0,
13,13981547,Genoa,Seydou Fini,F,Panchina,0,0,
13,13981547,Genoa,Jeff Ekhator,F,Panchina,0,0,
13,13981547,Hellas Verona,Lorenzo Montipò,G,Titolare,0,0,
13,13981547,Hellas Verona,Unai Núñez,D,Titolare,0,0,
13,13981547,Hellas Verona,Victor Nelsson,D,Titolare,0,0,
13,13981547,Hellas Verona,Nicolás Valentini,D,Titolare,0,0,
13,13981547,Hellas Verona,Rafik Belghali,M,Titolare,0,0,
13,13981547,Hellas Verona,Cheikh Niasse,M,Titolare,0,0,
13,13981547,Hellas Verona,Roberto Gagliardini,M,Titolare,0,0,
13,13981547,Hellas Verona,Antoine Bernede,M,Titolare,0,0,
13,13981547,Hellas Verona,Domagoj Bradarić,M,Titolare,0,0,
13,13981547,Hellas Verona,Giovane,F,Titolare,0,0,
13,13981547,Hellas Verona,Daniel Mosquera,F,Titolare,0,0,
13,13981547,Hellas Verona,Martin Frese,D,Panchina,0,0,
13,13981547,Hellas Verona,Amin Sarr,F,Panchina,0,0,
13,13981547,Hellas Verona,Gift Orban,F,Panchina,0,0,
13,13981547,Hellas Verona,Daniel Oyegoke,M,Panchina,0,0,
13,13981547,Hellas Verona,Moatasem Al-Musrati,M,Panchina,0,0,
13,13981547,Hellas Verona,Simone Perilli,G,Panchina,0,0,
13,13981547,Hellas Verona,Mirko Castagnini,G,Panchina,0,0,
13,13981547,Hellas Verona,Tobias Slotsager,D,Panchina,0,0,
13,13981547,Hellas Verona,Fallou Cham,D,Panchina,0,0,
13,13981547,Hellas Verona,Enzo Ebosse,D,Panchina,0,0,
13,13981547,Hellas Verona,Armel Bella-Kotchap,D,Panchina,0,0,
13,13981547,Hellas Verona,Abdou Harroui,M,Panchina,0,0,
13,13981547,Hellas Verona,Yellu Santiago,M,Panchina,0,0,
13,13981547,Hellas Verona,Junior Ajayi,F,Panchina,0,0,
13,13981548,Como,Jean Butez,G,Titolare,0,0,
13,13981548,Como,Mërgim Vojvoda,D,Titolare,0,0,
13,13981548,Como,Jacobo Ramón,D,Titolare,0,0,
13,13981548,Como,Diego Carlos,D,Titolare,0,0,
13,13981548,Como,Alberto Moreno,D,Titolare,0,0,
13,13981548,Como,Máximo Perrone,M,Titolare,0,0,
13,13981548,Como,Maxence Caqueret,M,Titolare,0,0,
13,13981548,Como,Jayden Addai,M,Titolare,0,0,
13,13981548,Como,Nico Paz,M,Titolare,0,0,
13,13981548,Como,Jesús Rodriguez,M,Titolare,0,0,
13,13981548,Como,Anastasios Douvikas,F,Titolare,0,0,
13,13981548,Como,Stefan Posch,D,Panchina,0,0,
13,13981548,Como,Martin Baturina,M,Panchina,0,0,
13,13981548,Como,Lucas Da Cunha,M,Panchina,0,0,
13,13981548,Como,Nicolas-Gerrit Kühn,F,Panchina,0,0,
13,13981548,Como,Marc Kempf,D,Panchina,0,0,
13,13981548,Como,Nikola Čavlina,G,Panchina,0,0,
13,13981548,Como,Mauro Vigorito,G,Panchina,0,0,
13,13981548,Como,Álex Valle,D,Panchina,0,0,
13,13981548,Como,Ignace Van der Brempt,D,Panchina,0,0,
13,13981548,Como,Álvaro Morata,F,Panchina,0,0,
13,13981548,Como,Alberto Cerri,F,Panchina,0,0,
13,13981548,Sassuolo,Arijanet Murić,G,Titolare,0,0,
13,13981548,Sassuolo,Sebastian Walukiewicz,D,Titolare,0,0,
13,13981548,Sassuolo,Jay Idzes,D,Titolare,0,0,
13,13981548,Sassuolo,Tarik Muharemović,D,Titolare,0,0,
13,13981548,Sassuolo,Josh Doig,D,Titolare,0,0,
13,13981548,Sassuolo,Ismael Koné,M,Titolare,0,0,
13,13981548,Sassuolo,Nemanja Matić,M,Titolare,0,0,
13,13981548,Sassuolo,Kristian Thorstvedt,M,Titolare,0,0,
13,13981548,Sassuolo,Domenico Berardi,F,Titolare,0,0,
13,13981548,Sassuolo,Andrea Pinamonti,F,Titolare,0,0,
13,13981548,Sassuolo,Armand Laurienté,F,Titolare,0,0,
13,13981548,Sassuolo,Cristian Volpato,M,Panchina,0,0,
13,13981548,Sassuolo,Luca Moro,F,Panchina,0,0,
13,13981548,Sassuolo,Alieu Fadera,F,Panchina,0,0,
13,13981548,Sassuolo,Fali Candé,D,Panchina,0,0,
13,13981548,Sassuolo,Edoardo Iannoni,M,Panchina,0,0,
13,13981548,Sassuolo,Giacomo Satalino,G,Panchina,0,0,
13,13981548,Sassuolo,Gioele Zacchi,G,Panchina,0,0,
13,13981548,Sassuolo,Woyo Coulibaly,D,Panchina,0,0,
13,13981548,Sassuolo,Cas Odenthal,D,Panchina,0,0,
13,13981548,Sassuolo,Tommaso Macchioni,D,Panchina,0,0,
13,13981548,Sassuolo,Christian Frangella,M,Panchina,0,0,
13,13981548,Sassuolo,Nicholas Pierini,F,Panchina,0,0,
13,13981548,Sassuolo,Walid Cheddira,F,Panchina,0,0,
13,13981549,Atalanta,Marco Carnesecchi,G,Titolare,0,0,
13,13981549,Atalanta,Odilon Kossounou,D,Titolare,0,0,
13,13981549,Atalanta,Isak Hien,D,Titolare,0,0,
13,13981549,Atalanta,Berat Djimsiti,D,Titolare,0,0,
13,13981549,Atalanta,Raoul Bellanova,M,Titolare,0,0,
13,13981549,Atalanta,Éderson,M,Titolare,0,0,
13,13981549,Atalanta,Marten de Roon,M,Titolare,0,0,
13,13981549,Atalanta,Davide Zappacosta,M,Titolare,0,0,
13,13981549,Atalanta,Charles De Ketelaere,F,Titolare,0,0,
13,13981549,Atalanta,Ademola Lookman,F,Titolare,0,0,
13,13981549,Atalanta,Gianluca Scamacca,F,Titolare,0,0,
13,13981549,Atalanta,Nicola Zalewski,M,Panchina,0,0,
13,13981549,Atalanta,Mario Pašalić,M,Panchina,0,0,
13,13981549,Atalanta,Kamaldeen Sulemana,F,Panchina,0,0,
13,13981549,Atalanta,Nikola Krstović,F,Panchina,0,0,
13,13981549,Atalanta,Sead Kolašinac,D,Panchina,0,0,
13,13981549,Atalanta,Francesco Rossi,G,Panchina,0,0,
13,13981549,Atalanta,Marco Sportiello,G,Panchina,0,0,
13,13981549,Atalanta,Honest Ahanor,D,Panchina,0,0,
13,13981549,Atalanta,Yunus Musah,M,Panchina,0,0,
13,13981549,Atalanta,Lorenzo Bernasconi,M,Panchina,0,0,
13,13981549,Atalanta,Marco Brescianini,M,Panchina,0,0,
13,13981549,Atalanta,Lazar Samardžić,M,Panchina,0,0,
13,13981549,Atalanta,Daniel Maldini,F,Panchina,0,0,
13,13981549,Fiorentina,David De Gea,G,Titolare,0,0,
13,13981549,Fiorentina,Marin Pongračić,D,Titolare,0,0,
13,13981549,Fiorentina,Pablo Marí,D,Titolare,0,0,
13,13981549,Fiorentina,Luca Ranieri,D,Titolare,0,0,
13,13981549,Fiorentina,Nicolò Fagioli,M,Titolare,0,0,
13,13981549,Fiorentina,Dodô,M,Titolare,0,0,
13,13981549,Fiorentina,Rolando Mandragora,M,Titolare,0,0,
13,13981549,Fiorentina,Simon Sohm,M,Titolare,0,0,
13,13981549,Fiorentina,Fabiano Parisi,D,Titolare,0,0,
13,13981549,Fiorentina,Moise Kean,F,Titolare,0,0,
13,13981549,Fiorentina,Roberto Piccoli,F,Titolare,0,0,
13,13981549,Fiorentina,Niccolò Fortini,D,Panchina,0,0,
13,13981549,Fiorentina,Albert Guðmundsson,F,Panchina,0,0,
13,13981549,Fiorentina,Pietro Comuzzo,D,Panchina,0,0,
13,13981549,Fiorentina,Cher Ndour,M,Panchina,0,0,
13,13981549,Fiorentina,Amir Richardson,M,Panchina,0,0,
13,13981549,Fiorentina,Tommaso Martinelli,G,Panchina,0,0,
13,13981549,Fiorentina,Luca Lezzerini,G,Panchina,0,0,
13,13981549,Fiorentina,Mattia Viti,D,Panchina,0,0,
13,13981549,Fiorentina,Eddy Kouadio,D,Panchina,0,0,
13,13981549,Fiorentina,Hans Nicolussi Caviglia,M,Panchina,0,0,
13,13981549,Fiorentina,Christian Kouamé,F,Panchina,0,0,
13,13981549,Fiorentina,Edin Džeko,F,Panchina,0,0,
13,13981550,Bologna,Federico Ravaglia,G,Titolare,0,0,
13,13981550,Bologna,Nadir Zortea,D,Titolare,0,0,
13,13981550,Bologna,Nicolò Casale,D,Titolare,0,0,
13,13981550,Bologna,Jhon Lucumí,D,Titolare,0,0,
13,13981550,Bologna,Juan Miranda,D,Titolare,0,0,
13,13981550,Bologna,Tommaso Pobega,M,Titolare,0,0,
13,13981550,Bologna,Nikola Moro,M,Titolare,0,0,
13,13981550,Bologna,Riccardo Orsolini,M,Titolare,0,0,
13,13981550,Bologna,Jens Odgaard,M,Titolare,0,0,
13,13981550,Bologna,Benjamín Domínguez,M,Titolare,0,0,
13,13981550,Bologna,Santiago Castro,F,Titolare,0,0,
13,13981550,Bologna,Torbjørn Heggem,D,Panchina,0,0,
13,13981550,Bologna,Nicolò Cambiaghi,F,Panchina,0,0,
13,13981550,Bologna,Thijs Dallinga,F,Panchina,0,0,
13,13981550,Bologna,Emil Holm,D,Panchina,0,0,
13,13981550,Bologna,Federico Bernardeschi,F,Panchina,0,0,
13,13981550,Bologna,Massimo Pessina,G,Panchina,0,0,
13,13981550,Bologna,Matteo Franceschelli,G,Panchina,0,0,
13,13981550,Bologna,Charalampos Lykogiannis,D,Panchina,0,0,
13,13981550,Bologna,Lorenzo De Silvestri,D,Panchina,0,0,
13,13981550,Bologna,Lewis Ferguson,M,Panchina,0,0,
13,13981550,Bologna,Sulemana,M,Panchina,0,0,
13,13981550,Bologna,Giovanni Fabbian,M,Panchina,0,0,
13,13981550,Bologna,Jonathan Rowe,F,Panchina,0,0,
13,13981550,Cremonese,Emil Audero,G,Titolare,0,0,
13,13981550,Cremonese,Filippo Terracciano,D,Titolare,0,0,
13,13981550,Cremonese,Federico Baschirotto,D,Titolare,0,0,
13,13981550,Cremonese,Matteo Bianchetti,D,Titolare,0,0,
13,13981550,Cremonese,Warren Bondo,M,Titolare,0,0,
13,13981550,Cremonese,Tommaso Barbieri,M,Titolare,0,0,
13,13981550,Cremonese,Martín Payero,M,Titolare,0,0,
13,13981550,Cremonese,Jari Vandeputte,M,Titolare,0,0,
13,13981550,Cremonese,Giuseppe Pezzella,M,Titolare,0,0,
13,13981550,Cremonese,Federico Bonazzoli,F,Titolare,0,0,
13,13981550,Cremonese,Jamie Vardy,F,Titolare,0,0,
13,13981550,Cremonese,Alberto Grassi,M,Panchina,0,0,
13,13981550,Cremonese,Alessio Zerbin,M,Panchina,0,0,
13,13981550,Cremonese,Antonio Sanabria,F,Panchina,0,0,
13,13981550,Cremonese,Francesco Folino,D,Panchina,0,0,
13,13981550,Cremonese,Lapo Nava,G,Panchina,0,0,
13,13981550,Cremonese,Marco Silvestri,G,Panchina,0,0,
13,13981550,Cremonese,Federico Ceccherini,D,Panchina,0,0,
13,13981550,Cremonese,Dachi Lordkipanidze,M,Panchina,0,0,
13,13981550,Cremonese,Mattia Valoti,M,Panchina,0,0,
13,13981550,Cremonese,Jeremy Sarmiento,M,Panchina,0,0,
13,13981550,Cremonese,Romano Floriani Mussolini,M,Panchina,0,0,
13,13981550,Cremonese,Franco Vázquez,M,Panchina,0,0,
13,13981550,Cremonese,Faris Moumbagna,F,Panchina,0,0,
13,13981550,Cremonese,Dennis Johnsen,F,Panchina,0,0,
13,13981551,Juventus,Mattia Perin,G,Titolare,0,0,
13,13981551,Juventus,Pierre Kalulu,D,Titolare,0,0,
13,13981551,Juventus,Lloyd Kelly,D,Titolare,0,0,
13,13981551,Juventus,Teun Koopmeiners,M,Titolare,0,0,
13,13981551,Juventus,Weston McKennie,M,Titolare,0,0,
13,13981551,Juventus,Manuel Locatelli,M,Titolare,0,0,
13,13981551,Juventus,Khéphren Thuram,M,Titolare,0,0,
13,13981551,Juventus,Filip Kostić,M,Titolare,0,0,
13,13981551,Juventus,Francisco Conceição,F,Titolare,0,0,
13,13981551,Juventus,Kenan Yıldız,F,Titolare,0,0,
13,13981551,Juventus,Dušan Vlahović,F,Titolare,0,0,
13,13981551,Juventus,Jonathan David,F,Panchina,0,0,
13,13981551,Juventus,Andrea Cambiaso,M,Panchina,0,0,
13,13981551,Juventus,Fabio Miretti,M,Panchina,0,0,
13,13981551,Juventus,Juan Cabal,D,Panchina,0,0,
13,13981551,Juventus,Loïs Openda,F,Panchina,0,0,
13,13981551,Juventus,Michele Di Gregorio,G,Panchina,0,0,
13,13981551,Juventus,Simone Scaglia,G,Panchina,0,0,
13,13981551,Juventus,Federico Gatti,D,Panchina,0,0,
13,13981551,Juventus,Pedro Felipe,D,Panchina,0,0,
13,13981551,Juventus,João Mário,D,Panchina,0,0,
13,13981551,Juventus,Vasilije Adžić,M,Panchina,0,0,
13,13981551,Juventus,Edon Zhegrova,F,Panchina,0,0,
13,13981551,Cagliari,Elia Caprile,G,Titolare,0,0,
13,13981551,Cagliari,Gabriele Zappa,D,Titolare,0,0,
13,13981551,Cagliari,Alessandro Deiola,M,Titolare,0,0,
13,13981551,Cagliari,Sebastiano Luperto,D,Titolare,0,0,
13,13981551,Cagliari,Marco Palestra,M,Titolare,0,0,
13,13981551,Cagliari,Michel Adopo,M,Titolare,0,0,
13,13981551,Cagliari,Joseph Liteta,M,Titolare,0,0,
13,13981551,Cagliari,Michael Folorunsho,M,Titolare,0,0,
13,13981551,Cagliari,Adam Obert,D,Titolare,0,0,
13,13981551,Cagliari,Gennaro Borrelli,F,Titolare,0,0,
13,13981551,Cagliari,Sebastiano Esposito,F,Titolare,0,0,
13,13981551,Cagliari,Riyad Idrissi,D,Panchina,0,0,
13,13981551,Cagliari,Matteo Prati,M,Panchina,0,0,
13,13981551,Cagliari,Mattia Felici,F,Panchina,0,0,
13,13981551,Cagliari,Gianluca Gaetano,M,Panchina,0,0,
13,13981551,Cagliari,Semih Kılıçsoy,F,Panchina,0,0,
13,13981551,Cagliari,Giuseppe Ciocci,G,Panchina,0,0,
13,13981551,Cagliari,Boris Radunović,G,Panchina,0,0,
13,13981551,Cagliari,Juan Rodríguez,D,Panchina,0,0,
13,13981551,Cagliari,Nicola Pintus,D,Panchina,0,0,
13,13981551,Cagliari,Nicolò Cavuoti,M,Panchina,0,0,
13,13981551,Cagliari,Alessandro Di Pardo,M,Panchina,0,0,
13,13981551,Cagliari,Leonardo Pavoletti,F,Panchina,0,0,
13,13981551,Cagliari,Zito Luvumbo,F,Panchina,0,0,
14,13981552,Udinese,Maduka Okoye,G,Titolare,0,0,
14,13981552,Udinese,Nicolò Bertola,D,Titolare,0,0,
14,13981552,Udinese,Christian Kabasele,D,Titolare,0,0,
14,13981552,Udinese,Oumar Solet,D,Titolare,0,0,
14,13981552,Udinese,Alessandro Zanoli,M,Titolare,0,0,
14,13981552,Udinese,Jakub Piotrowski,M,Titolare,0,0,
14,13981552,Udinese,Jesper Karlström,M,Titolare,0,0,
14,13981552,Udinese,Jürgen Ekkelenkamp,M,Titolare,0,0,
14,13981552,Udinese,Jordan Zemura,M,Titolare,0,0,
14,13981552,Udinese,Nicolò Zaniolo,F,Titolare,0,0,
14,13981552,Udinese,Keinan Davis,F,Titolare,0,0,
14,13981552,Udinese,Rui Modesto,M,Panchina,0,0,
14,13981552,Udinese,Kingsley Ehizibue,M,Panchina,0,0,
14,13981552,Udinese,Adam Buksa,F,Panchina,0,0,
14,13981552,Udinese,Sandi Lovrić,M,Panchina,0,0,
14,13981552,Udinese,Iker Bravo,F,Panchina,0,0,
14,13981552,Udinese,Răzvan Sava,G,Panchina,0,0,
14,13981552,Udinese,Daniele Padelli,G,Panchina,0,0,
14,13981552,Udinese,Matteo Palma,D,Panchina,0,0,
14,13981552,Udinese,Saba Goglichidze,D,Panchina,0,0,
14,13981552,Udinese,Thomas Kristensen,D,Panchina,0,0,
14,13981552,Udinese,Oier Zarraga,M,Panchina,0,0,
14,13981552,Udinese,Lennon Miller,M,Panchina,0,0,
14,13981552,Udinese,Abdoulaye Camara,M,Panchina,0,0,
14,13981552,Udinese,Idrissa Gueye,F,Panchina,0,0,
14,13981552,Udinese,Vakoun Issouf Bayo,F,Panchina,0,0,
14,13981552,Genoa,Nicola Leali,G,Titolare,0,0,
14,13981552,Genoa,Alessandro Marcandalli,D,Titolare,0,0,
14,13981552,Genoa,Sebastian Otoa,D,Titolare,0,0,
14,13981552,Genoa,Johan Vásquez,D,Titolare,0,0,
14,13981552,Genoa,Brooke Norton-Cuffy,D,Titolare,0,0,
14,13981552,Genoa,Ruslan Malinovskyi,M,Titolare,0,0,
14,13981552,Genoa,Patrizio Masini,M,Titolare,0,0,
14,13981552,Genoa,Morten Thorsby,M,Titolare,0,0,
14,13981552,Genoa,Aarón Martín,M,Titolare,0,0,
14,13981552,Genoa,Lorenzo Colombo,F,Titolare,0,0,
14,13981552,Genoa,Vitinha,F,Titolare,0,0,
14,13981552,Genoa,Caleb Ekuban,F,Panchina,0,0,
14,13981552,Genoa,Jeff Ekhator,F,Panchina,0,0,
14,13981552,Genoa,Junior Messias,F,Panchina,0,0,
14,13981552,Genoa,Daniele Sommariva,G,Panchina,0,0,
14,13981552,Genoa,Ernestas Lysionok,G,Panchina,0,0,
14,13981552,Genoa,Alin Kumer,D,Panchina,0,0,
14,13981552,Genoa,Jean Onana,M,Panchina,0,0,
14,13981552,Genoa,Hugo Cuenca,M,Panchina,0,0,
14,13981552,Genoa,Valentín Carboni,M,Panchina,0,0,
14,13981552,Genoa,Stefano Sabelli,M,Panchina,0,0,
14,13981552,Genoa,Nicolae Stanciu,M,Panchina,0,0,
14,13981552,Genoa,Mikael Ellertsson,M,Panchina,0,0,
14,13981552,Genoa,Lorenzo Venturino,F,Panchina,0,0,
14,13981552,Genoa,Seydou Fini,F,Panchina,0,0,
14,13981552,Genoa,Maxwel Cornet,F,Panchina,0,0,
14,13981553,Hellas Verona,Lorenzo Montipò,G,Titolare,0,0,
14,13981553,Hellas Verona,Unai Núñez,D,Titolare,0,0,
14,13981553,Hellas Verona,Victor Nelsson,D,Titolare,0,0,
14,13981553,Hellas Verona,Armel Bella-Kotchap,D,Titolare,0,0,
14,13981553,Hellas Verona,Rafik Belghali,M,Titolare,0,0,
14,13981553,Hellas Verona,Cheikh Niasse,M,Titolare,0,0,
14,13981553,Hellas Verona,Moatasem Al-Musrati,M,Titolare,0,0,
14,13981553,Hellas Verona,Antoine Bernede,M,Titolare,0,0,
14,13981553,Hellas Verona,Martin Frese,D,Titolare,0,0,
14,13981553,Hellas Verona,Giovane,F,Titolare,0,0,
14,13981553,Hellas Verona,Daniel Mosquera,F,Titolare,0,0,
14,13981553,Hellas Verona,Amin Sarr,F,Panchina,0,0,
14,13981553,Hellas Verona,Abdou Harroui,M,Panchina,0,0,
14,13981553,Hellas Verona,Daniel Oyegoke,M,Panchina,0,0,
14,13981553,Hellas Verona,Nicolás Valentini,D,Panchina,0,0,
14,13981553,Hellas Verona,Grigoris Kastanos,M,Panchina,0,0,
14,13981553,Hellas Verona,Simone Perilli,G,Panchina,0,0,
14,13981553,Hellas Verona,Giacomo Toniolo,G,Panchina,0,0,
14,13981553,Hellas Verona,Fallou Cham,D,Panchina,0,0,
14,13981553,Hellas Verona,Enzo Ebosse,D,Panchina,0,0,
14,13981553,Hellas Verona,Tobias Slotsager,D,Panchina,0,0,
14,13981553,Hellas Verona,Yellu Santiago,M,Panchina,0,0,
14,13981553,Hellas Verona,Junior Ajayi,F,Panchina,0,0,
14,13981553,Hellas Verona,Gift Orban,F,Panchina,0,0,
14,13981553,Atalanta,Marco Carnesecchi,G,Titolare,0,0,
14,13981553,Atalanta,Odilon Kossounou,D,Titolare,0,0,
14,13981553,Atalanta,Isak Hien,D,Titolare,0,0,
14,13981553,Atalanta,Berat Djimsiti,D,Titolare,0,0,
14,13981553,Atalanta,Raoul Bellanova,M,Titolare,0,0,
14,13981553,Atalanta,Éderson,M,Titolare,0,0,
14,13981553,Atalanta,Marten de Roon,M,Titolare,0,0,
14,13981553,Atalanta,Davide Zappacosta,M,Titolare,0,0,
14,13981553,Atalanta,Charles De Ketelaere,F,Titolare,0,0,
14,13981553,Atalanta,Ademola Lookman,F,Titolare,0,0,
14,13981553,Atalanta,Nikola Krstović,F,Titolare,0,0,
14,13981553,Atalanta,Sead Kolašinac,D,Panchina,0,0,
14,13981553,Atalanta,Gianluca Scamacca,F,Panchina,0,0,
14,13981553,Atalanta,Mario Pašalić,M,Panchina,0,0,
14,13981553,Atalanta,Nicola Zalewski,M,Panchina,0,0,
14,13981553,Atalanta,Lazar Samardžić,M,Panchina,0,0,
14,13981553,Atalanta,Marco Sportiello,G,Panchina,0,0,
14,13981553,Atalanta,Francesco Rossi,G,Panchina,0,0,
14,13981553,Atalanta,Honest Ahanor,D,Panchina,0,0,
14,13981553,Atalanta,Giorgio Scalvini,D,Panchina,0,0,
14,13981553,Atalanta,Yunus Musah,M,Panchina,0,0,
14,13981553,Atalanta,Marco Brescianini,M,Panchina,0,0,
14,13981553,Atalanta,Lorenzo Bernasconi,M,Panchina,0,0,
14,13981553,Atalanta,Daniel Maldini,F,Panchina,0,0,
14,13981554,Torino,Franco Israel,G,Titolare,0,0,
14,13981554,Torino,Adrien Tameze,D,Titolare,0,0,
14,13981554,Torino,Guillermo Maripán,D,Titolare,0,0,
14,13981554,Torino,Saúl Coco,D,Titolare,0,0,
14,13981554,Torino,Marcus Pedersen,M,Titolare,0,0,
14,13981554,Torino,Nikola Vlašić,M,Titolare,0,0,
14,13981554,Torino,Kristjan Asllani,M,Titolare,0,0,
14,13981554,Torino,Tino Anjorin,M,Titolare,0,0,
14,13981554,Torino,Valentino Lazaro,M,Titolare,0,0,
14,13981554,Torino,Duván Zapata,F,Titolare,0,0,
14,13981554,Torino,Che Adams,F,Titolare,0,0,
14,13981554,Torino,Cesare Casadei,M,Panchina,0,0,
14,13981554,Torino,Adam Masina,D,Panchina,0,0,
14,13981554,Torino,Niels Nkounkou,D,Panchina,0,0,
14,13981554,Torino,Zakaria Aboukhlal,F,Panchina,0,0,
14,13981554,Torino,Cyril Ngonge,F,Panchina,0,0,
14,13981554,Torino,Alberto Paleari,G,Panchina,0,0,
14,13981554,Torino,Mihai Popa,G,Panchina,0,0,
14,13981554,Torino,Cristiano Biraghi,D,Panchina,0,0,
14,13981554,Torino,Ali Dembélé,D,Panchina,0,0,
14,13981554,Torino,Emirhan İlkhan,M,Panchina,0,0,
14,13981554,Torino,Gvidas Gineitis,M,Panchina,0,0,
14,13981554,Torino,Alieu Njie,F,Panchina,0,0,
14,13981554,Torino,Giovanni Simeone,F,Panchina,0,0,
14,13981554,AC Milan,Mike Maignan,G,Titolare,0,0,
14,13981554,AC Milan,Fikayo Tomori,D,Titolare,0,0,
14,13981554,AC Milan,Matteo Gabbia,D,Titolare,0,0,
14,13981554,AC Milan,Strahinja Pavlović,D,Titolare,0,0,
14,13981554,AC Milan,Alexis Saelemaekers,M,Titolare,0,0,
14,13981554,AC Milan,Ruben Loftus-Cheek,M,Titolare,0,0,
14,13981554,AC Milan,Luka Modrić,M,Titolare,0,0,
14,13981554,AC Milan,Adrien Rabiot,M,Titolare,0,0,
14,13981554,AC Milan,Davide Bartesaghi,M,Titolare,0,0,
14,13981554,AC Milan,Christopher Nkunku,F,Titolare,0,0,
14,13981554,AC Milan,Rafael Leão,F,Titolare,0,0,
14,13981554,AC Milan,Samuele Ricci,M,Panchina,0,0,
14,13981554,AC Milan,Christian Pulišić,F,Panchina,0,0,
14,13981554,AC Milan,Pervis Estupiñán,M,Panchina,0,0,
14,13981554,AC Milan,Lorenzo Torriani,G,Panchina,0,0,
14,13981554,AC Milan,Pietro Terracciano,G,Panchina,0,0,
14,13981554,AC Milan,David Odogu,D,Panchina,0,0,
14,13981554,AC Milan,Koni De Winter,D,Panchina,0,0,
14,13981554,AC Milan,Ardon Jashari,M,Panchina,0,0,
14,13981555,Pisa,Simone Scuffet,G,Titolare,0,0,
14,13981555,Pisa,Arturo Calabresi,D,Titolare,0,0,
14,13981555,Pisa,Antonio Caracciolo,D,Titolare,0,0,
14,13981555,Pisa,Simone Canestrelli,D,Titolare,0,0,
14,13981555,Pisa,Idrissa Touré,M,Titolare,0,0,
14,13981555,Pisa,Gabriele Piccinini,M,Titolare,0,0,
14,13981555,Pisa,Michel Aebischer,M,Titolare,0,0,
14,13981555,Pisa,Marius Marin,M,Titolare,0,0,
14,13981555,Pisa,Samuele Angori,M,Titolare,0,0,
14,13981555,Pisa,Henrik Wendel Meister,F,Titolare,0,0,
14,13981555,Pisa,M'bala Nzola,F,Titolare,0,0,
14,13981555,Pisa,Ebenezer Akinsanmiro,M,Panchina,0,0,
14,13981555,Pisa,Mehdi Léris,M,Panchina,0,0,
14,13981555,Pisa,Lorran,M,Panchina,0,0,
14,13981555,Pisa,Stefano Moreo,F,Panchina,0,0,
14,13981555,Pisa,Matteo Tramoni,F,Panchina,0,0,
14,13981555,Pisa,Nícolas,G,Panchina,0,0,
14,13981555,Pisa,Adrian Šemper,G,Panchina,0,0,
14,13981555,Pisa,Raúl Albiol,D,Panchina,0,0,
14,13981555,Pisa,Francesco Coppola,D,Panchina,0,0,
14,13981555,Pisa,Giovanni Bonfanti,D,Panchina,0,0,
14,13981555,Pisa,Mateus Lusuardi,D,Panchina,0,0,
14,13981555,Pisa,Malthe Højholt,M,Panchina,0,0,
14,13981555,Pisa,Isak Vural,M,Panchina,0,0,
14,13981555,Pisa,Tomás Esteves,F,Panchina,0,0,
14,13981555,Pisa,Louis Buffon,F,Panchina,0,0,
14,13981555,Parma,Edoardo Corvi,G,Titolare,0,0,
14,13981555,Parma,Sascha Britschgi,D,Titolare,0,0,
14,13981555,Parma,Enrico Delprato,D,Titolare,0,0,
14,13981555,Parma,Lautaro Valenti,D,Titolare,0,0,
14,13981555,Parma,Emanuele Valeri,M,Titolare,0,0,
14,13981555,Parma,Adrián Bernabé,M,Titolare,0,0,
14,13981555,Parma,Nahuel Estévez,M,Titolare,0,0,
14,13981555,Parma,Mandela Keita,M,Titolare,0,0,
14,13981555,Parma,Adrian Benedyczak,F,Titolare,0,0,
14,13981555,Parma,Mateo Pellegrino,F,Titolare,0,0,
14,13981555,Parma,Jacob Ondrejka,F,Titolare,0,0,
14,13981555,Parma,Oliver Sørensen,M,Panchina,0,0,
14,13981555,Parma,Gaetano Oristanio,M,Panchina,0,0,
14,13981555,Parma,Christian Ordoñez,M,Panchina,0,0,
14,13981555,Parma,Mathias Løvik,D,Panchina,0,0,
14,13981555,Parma,Filippo Rinaldi,G,Panchina,0,0,
14,13981555,Parma,Vicente Guaita,G,Panchina,0,0,
14,13981555,Parma,Nicolas Trabucchi,D,Panchina,0,0,
14,13981555,Parma,Bernardo Conde,D,Panchina,0,0,
14,13981555,Parma,Hernani,M,Panchina,0,0,
14,13981555,Parma,Benjamin Cremaschi,M,Panchina,0,0,
14,13981555,Parma,Tjaš Begić,F,Panchina,0,0,
14,13981555,Parma,Milan Đurić,F,Panchina,0,0,
14,13981555,Parma,Pontus Almqvist,F,Panchina,0,0,
14,13981555,Parma,Patrick Cutrone,F,Panchina,0,0,
14,13981556,Lazio,Ivan Provedel,G,Titolare,0,0,
14,13981556,Lazio,Adam Marušić,D,Titolare,0,0,
14,13981556,Lazio,Mario Gila,D,Titolare,0,0,
14,13981556,Lazio,Alessio Romagnoli,D,Titolare,0,0,
14,13981556,Lazio,Nuno Tavares,D,Titolare,0,0,
14,13981556,Lazio,Mattéo Guendouzi,M,Titolare,0,0,
14,13981556,Lazio,Danilo Cataldi,M,Titolare,0,0,
14,13981556,Lazio,Toma Bašić,M,Titolare,0,0,
14,13981556,Lazio,Gustav Isaksen,F,Titolare,0,0,
14,13981556,Lazio,Valentín Castellanos,F,Titolare,0,0,
14,13981556,Lazio,Mattia Zaccagni,F,Titolare,0,0,
14,13981556,Lazio,Manuel Lazzari,D,Panchina,0,0,
14,13981556,Lazio,Matteo Cancellieri,F,Panchina,0,0,
14,13981556,Lazio,Tijjani Noslin,F,Panchina,0,0,
14,13981556,Lazio,Fisayo Dele-Bashiru,M,Panchina,0,0,
14,13981556,Lazio,Patric,D,Panchina,0,0,
14,13981556,Lazio,Alessio Furlanetto,G,Panchina,0,0,
14,13981556,Lazio,Christos Mandas,G,Panchina,0,0,
14,13981556,Lazio,Oliver Provstgaard,D,Panchina,0,0,
14,13981556,Lazio,Reda Belahyane,M,Panchina,0,0,
14,13981556,Lazio,Matías Vecino,M,Panchina,0,0,
14,13981556,Lazio,Boulaye Dia,F,Panchina,0,0,
14,13981556,Lazio,Pedro,F,Panchina,0,0,
14,13981556,Bologna,Federico Ravaglia,G,Titolare,0,0,
14,13981556,Bologna,Nadir Zortea,D,Titolare,0,0,
14,13981556,Bologna,Nicolò Casale,D,Titolare,0,0,
14,13981556,Bologna,Torbjørn Heggem,D,Titolare,0,0,
14,13981556,Bologna,Juan Miranda,D,Titolare,0,0,
14,13981556,Bologna,Nikola Moro,M,Titolare,0,0,
14,13981556,Bologna,Tommaso Pobega,M,Titolare,0,0,
14,13981556,Bologna,Riccardo Orsolini,M,Titolare,0,0,
14,13981556,Bologna,Jens Odgaard,M,Titolare,0,0,
14,13981556,Bologna,Nicolò Cambiaghi,F,Titolare,0,0,
14,13981556,Bologna,Santiago Castro,F,Titolare,0,0,
14,13981556,Bologna,Lorenzo De Silvestri,D,Panchina,0,0,
14,13981556,Bologna,Lewis Ferguson,M,Panchina,0,0,
14,13981556,Bologna,Jonathan Rowe,F,Panchina,0,0,
14,13981556,Bologna,Federico Bernardeschi,F,Panchina,0,0,
14,13981556,Bologna,Thijs Dallinga,F,Panchina,0,0,
14,13981556,Bologna,Matteo Franceschelli,G,Panchina,0,0,
14,13981556,Bologna,Massimo Pessina,G,Panchina,0,0,
14,13981556,Bologna,Charalampos Lykogiannis,D,Panchina,0,0,
14,13981556,Bologna,Jhon Lucumí,D,Panchina,0,0,
14,13981556,Bologna,Emil Holm,D,Panchina,0,0,
14,13981556,Bologna,Sulemana,M,Panchina,0,0,
14,13981556,Bologna,Benjamín Domínguez,M,Panchina,0,0,
14,13981556,Bologna,Giovanni Fabbian,M,Panchina,0,0,
14,13981556,Bologna,Ciro Immobile,F,Panchina,0,0,
14,13981557,SSC Napoli,Vanja Milinković-Savić,G,Titolare,0,0,
14,13981557,SSC Napoli,Sam Beukema,D,Titolare,0,0,
14,13981557,SSC Napoli,Amir Rrahmani,D,Titolare,0,0,
14,13981557,SSC Napoli,Alessandro Buongiorno,D,Titolare,0,0,
14,13981557,SSC Napoli,Giovanni Di Lorenzo,D,Titolare,0,0,
14,13981557,SSC Napoli,Eljif Elmas,M,Titolare,0,0,
14,13981557,SSC Napoli,Scott McTominay,M,Titolare,0,0,
14,13981557,SSC Napoli,Mathías Olivera,D,Titolare,0,0,
14,13981557,SSC Napoli,David Neres,F,Titolare,0,0,
14,13981557,SSC Napoli,Rasmus Højlund,F,Titolare,0,0,
14,13981557,SSC Napoli,Noa Lang,F,Titolare,0,0,
14,13981557,SSC Napoli,Leonardo Spinazzola,D,Panchina,0,0,
14,13981557,SSC Napoli,Matteo Politano,M,Panchina,0,0,
14,13981557,SSC Napoli,Antonio Vergara,F,Panchina,0,0,
14,13981557,SSC Napoli,Nikita Contini,G,Panchina,0,0,
14,13981557,SSC Napoli,Mathias Ferrante,G,Panchina,0,0,
14,13981557,SSC Napoli,Luca Marianucci,D,Panchina,0,0,
14,13981557,SSC Napoli,Juan Jesus,D,Panchina,0,0,
14,13981557,SSC Napoli,Pasquale Mazzocchi,M,Panchina,0,0,
14,13981557,SSC Napoli,Lorenzo Lucca,F,Panchina,0,0,
14,13981557,SSC Napoli,Giuseppe Ambrosino,F,Panchina,0,0,
14,13981557,Juventus,Michele Di Gregorio,G,Titolare,0,0,
14,13981557,Juventus,Pierre Kalulu,D,Titolare,0,0,
14,13981557,Juventus,Lloyd Kelly,D,Titolare,0,0,
14,13981557,Juventus,Teun Koopmeiners,M,Titolare,0,0,
14,13981557,Juventus,Andrea Cambiaso,M,Titolare,0,0,
14,13981557,Juventus,Weston McKennie,M,Titolare,0,0,
14,13981557,Juventus,Manuel Locatelli,M,Titolare,0,0,
14,13981557,Juventus,Khéphren Thuram,M,Titolare,0,0,
14,13981557,Juventus,Juan Cabal,D,Titolare,0,0,
14,13981557,Juventus,Francisco Conceição,F,Titolare,0,0,
14,13981557,Juventus,Kenan Yıldız,F,Titolare,0,0,
14,13981557,Juventus,Jonathan David,F,Panchina,0,0,
14,13981557,Juventus,Filip Kostić,M,Panchina,0,0,
14,13981557,Juventus,Fabio Miretti,M,Panchina,0,0,
14,13981557,Juventus,Loïs Openda,F,Panchina,0,0,
14,13981557,Juventus,Edon Zhegrova,F,Panchina,0,0,
14,13981557,Juventus,Simone Scaglia,G,Panchina,0,0,
14,13981557,Juventus,Mattia Perin,G,Panchina,0,0,
14,13981557,Juventus,Jonas Rouhi,D,Panchina,0,0,
14,13981557,Juventus,Pedro Felipe,D,Panchina,0,0,
14,13981557,Juventus,João Mário,D,Panchina,0,0,
14,13981557,Juventus,Vasilije Adžić,M,Panchina,0,0,
14,13981558,Sassuolo,Arijanet Murić,G,Titolare,0,0,
14,13981558,Sassuolo,Sebastian Walukiewicz,D,Titolare,0,0,
14,13981558,Sassuolo,Jay Idzes,D,Titolare,0,0,
14,13981558,Sassuolo,Tarik Muharemović,D,Titolare,0,0,
14,13981558,Sassuolo,Josh Doig,D,Titolare,0,0,
14,13981558,Sassuolo,Kristian Thorstvedt,M,Titolare,0,0,
14,13981558,Sassuolo,Nemanja Matić,M,Titolare,0,0,
14,13981558,Sassuolo,Ismael Koné,M,Titolare,0,0,
14,13981558,Sassuolo,Cristian Volpato,M,Titolare,0,0,
14,13981558,Sassuolo,Andrea Pinamonti,F,Titolare,0,0,
14,13981558,Sassuolo,Armand Laurienté,F,Titolare,0,0,
14,13981558,Sassuolo,Alieu Fadera,F,Panchina,0,0,
14,13981558,Sassuolo,Walid Cheddira,F,Panchina,0,0,
14,13981558,Sassuolo,Woyo Coulibaly,D,Panchina,0,0,
14,13981558,Sassuolo,Nicholas Pierini,F,Panchina,0,0,
14,13981558,Sassuolo,Giacomo Satalino,G,Panchina,0,0,
14,13981558,Sassuolo,Gioele Zacchi,G,Panchina,0,0,
14,13981558,Sassuolo,Fali Candé,D,Panchina,0,0,
14,13981558,Sassuolo,Cas Odenthal,D,Panchina,0,0,
14,13981558,Sassuolo,Edoardo Iannoni,M,Panchina,0,0,
14,13981558,Sassuolo,Luca Lipani,M,Panchina,0,0,
14,13981558,Sassuolo,Luca Moro,F,Panchina,0,0,
14,13981558,Fiorentina,David De Gea,G,Titolare,0,0,
14,13981558,Fiorentina,Pietro Comuzzo,D,Titolare,0,0,
14,13981558,Fiorentina,Pablo Marí,D,Titolare,0,0,
14,13981558,Fiorentina,Luca Ranieri,D,Titolare,0,0,
14,13981558,Fiorentina,Dodô,M,Titolare,0,0,
14,13981558,Fiorentina,Rolando Mandragora,M,Titolare,0,0,
14,13981558,Fiorentina,Nicolò Fagioli,M,Titolare,0,0,
14,13981558,Fiorentina,Simon Sohm,M,Titolare,0,0,
14,13981558,Fiorentina,Fabiano Parisi,D,Titolare,0,0,
14,13981558,Fiorentina,Moise Kean,F,Titolare,0,0,
14,13981558,Fiorentina,Albert Guðmundsson,F,Titolare,0,0,
14,13981558,Fiorentina,Cher Ndour,M,Panchina,0,0,
14,13981558,Fiorentina,Niccolò Fortini,D,Panchina,0,0,
14,13981558,Fiorentina,Roberto Piccoli,F,Panchina,0,0,
14,13981558,Fiorentina,Mattia Viti,D,Panchina,0,0,
14,13981558,Fiorentina,Christian Kouamé,F,Panchina,0,0,
14,13981558,Fiorentina,Tommaso Martinelli,G,Panchina,0,0,
14,13981558,Fiorentina,Luca Lezzerini,G,Panchina,0,0,
14,13981558,Fiorentina,Eman Košpo,D,Panchina,0,0,
14,13981558,Fiorentina,Eddy Kouadio,D,Panchina,0,0,
14,13981558,Fiorentina,Amir Richardson,M,Panchina,0,0,
14,13981558,Fiorentina,Hans Nicolussi Caviglia,M,Panchina,0,0,
14,13981558,Fiorentina,Edin Džeko,F,Panchina,0,0,
14,13981559,Inter,Yann Sommer,G,Titolare,0,0,
14,13981559,Inter,Manuel Akanji,D,Titolare,0,0,
14,13981559,Inter,Francesco Acerbi,D,Titolare,0,0,
14,13981559,Inter,Alessandro Bastoni,D,Titolare,0,0,
14,13981559,Inter,Luís Henrique,M,Titolare,0,0,
14,13981559,Inter,Nicolò Barella,M,Titolare,0,0,
14,13981559,Inter,Hakan Çalhanoğlu,M,Titolare,0,0,
14,13981559,Inter,Piotr Zieliński,M,Titolare,0,0,
14,13981559,Inter,Federico Dimarco,M,Titolare,0,0,
14,13981559,Inter,Marcus Thuram,F,Titolare,0,0,
14,13981559,Inter,Lautaro Martínez,F,Titolare,0,0,
14,13981559,Inter,Henrikh Mkhitaryan,M,Panchina,0,0,
14,13981559,Inter,Carlos Augusto,D,Panchina,0,0,
14,13981559,Inter,Francesco Pio Esposito,F,Panchina,0,0,
14,13981559,Inter,Andy Diouf,M,Panchina,0,0,
14,13981559,Inter,Petar Sučić,M,Panchina,0,0,
14,13981559,Inter,Alain Taho,G,Panchina,0,0,
14,13981559,Inter,Josep Martínez,G,Panchina,0,0,
14,13981559,Inter,Yann Bisseck,D,Panchina,0,0,
14,13981559,Inter,Yvan Maye,D,Panchina,0,0,
14,13981559,Inter,Stefan de Vrij,D,Panchina,0,0,
14,13981559,Inter,Matteo Cocchi,M,Panchina,0,0,
14,13981559,Inter,Davide Frattesi,M,Panchina,0,0,
14,13981559,Inter,Ange-Yoan Bonny,F,Panchina,0,0,
14,13981559,Como,Jean Butez,G,Titolare,0,0,
14,13981559,Como,Stefan Posch,D,Titolare,0,0,
14,13981559,Como,Jacobo Ramón,D,Titolare,0,0,
14,13981559,Como,Diego Carlos,D,Titolare,0,0,
14,13981559,Como,Álex Valle,D,Titolare,0,0,
14,13981559,Como,Máximo Perrone,M,Titolare,0,0,
14,13981559,Como,Lucas Da Cunha,M,Titolare,0,0,
14,13981559,Como,Jayden Addai,M,Titolare,0,0,
14,13981559,Como,Nico Paz,M,Titolare,0,0,
14,13981559,Como,Jesús Rodriguez,M,Titolare,0,0,
14,13981559,Como,Álvaro Morata,F,Titolare,0,0,
14,13981559,Como,Anastasios Douvikas,F,Panchina,0,0,
14,13981559,Como,Mërgim Vojvoda,D,Panchina,0,0,
14,13981559,Como,Assane Diao,M,Panchina,0,0,
14,13981559,Como,Maxence Caqueret,M,Panchina,0,0,
14,13981559,Como,Nicolas-Gerrit Kühn,F,Panchina,0,0,
14,13981559,Como,Mauro Vigorito,G,Panchina,0,0,
14,13981559,Como,Nikola Čavlina,G,Panchina,0,0,
14,13981559,Como,Ignace Van der Brempt,D,Panchina,0,0,
14,13981559,Como,Marc Kempf,D,Panchina,0,0,
14,13981559,Como,Alberto Moreno,D,Panchina,0,0,
14,13981559,Como,Ivan Smolčić,D,Panchina,0,0,
14,13981559,Como,Martin Baturina,M,Panchina,0,0,
14,13981559,Como,Alberto Cerri,F,Panchina,0,0,
14,13981560,Cagliari,Elia Caprile,G,Titolare,0,0,
14,13981560,Cagliari,Gabriele Zappa,D,Titolare,0,0,
14,13981560,Cagliari,Sebastiano Luperto,D,Titolare,0,0,
14,13981560,Cagliari,Juan Rodríguez,D,Titolare,0,0,
14,13981560,Cagliari,Marco Palestra,M,Titolare,0,0,
14,13981560,Cagliari,Michel Adopo,M,Titolare,0,0,
14,13981560,Cagliari,Alessandro Deiola,M,Titolare,0,0,
14,13981560,Cagliari,Michael Folorunsho,M,Titolare,0,0,
14,13981560,Cagliari,Adam Obert,D,Titolare,0,0,
14,13981560,Cagliari,Sebastiano Esposito,F,Titolare,0,0,
14,13981560,Cagliari,Gennaro Borrelli,F,Titolare,0,0,
14,13981560,Cagliari,Gianluca Gaetano,M,Panchina,0,0,
14,13981560,Cagliari,Matteo Prati,M,Panchina,0,0,
14,13981560,Cagliari,Riyad Idrissi,D,Panchina,0,0,
14,13981560,Cagliari,Alessandro Di Pardo,M,Panchina,0,0,
14,13981560,Cagliari,Semih Kılıçsoy,F,Panchina,0,0,
14,13981560,Cagliari,Giuseppe Ciocci,G,Panchina,0,0,
14,13981560,Cagliari,Boris Radunović,G,Panchina,0,0,
14,13981560,Cagliari,Nicola Pintus,D,Panchina,0,0,
14,13981560,Cagliari,Nicolò Cavuoti,M,Panchina,0,0,
14,13981560,Cagliari,Marko Rog,M,Panchina,0,0,
14,13981560,Cagliari,Joseph Liteta,M,Panchina,0,0,
14,13981560,Cagliari,Zito Luvumbo,F,Panchina,0,0,
14,13981560,Cagliari,Leonardo Pavoletti,F,Panchina,0,0,
14,13981560,AS Roma,Mile Svilar,G,Titolare,0,0,
14,13981560,AS Roma,Gianluca Mancini,D,Titolare,0,0,
14,13981560,AS Roma,Evan Ndicka,D,Titolare,0,0,
14,13981560,AS Roma,Mario Hermoso,D,Titolare,0,0,
14,13981560,AS Roma,Zeki Çelik,D,Titolare,0,0,
14,13981560,AS Roma,Bryan Cristante,M,Titolare,0,0,
14,13981560,AS Roma,Manu Koné,M,Titolare,0,0,
14,13981560,AS Roma,Kostas Tsimikas,D,Titolare,0,0,
14,13981560,AS Roma,Matías Soulé,F,Titolare,0,0,
14,13981560,AS Roma,Lorenzo Pellegrini,F,Titolare,0,0,
14,13981560,AS Roma,Tommaso Baldanzi,M,Titolare,0,0,
14,13981560,AS Roma,Devyne Rensch,M,Panchina,0,0,
14,13981560,AS Roma,Paulo Dybala,F,Panchina,0,0,
14,13981560,AS Roma,Evan Ferguson,F,Panchina,0,0,
14,13981560,AS Roma,Neil El Aynaoui,M,Panchina,0,0,
14,13981560,AS Roma,Daniele Ghilardi,D,Panchina,0,0,
14,13981560,AS Roma,Devis Vásquez,G,Panchina,0,0,
14,13981560,AS Roma,Pierluigi Gollini,G,Panchina,0,0,
14,13981560,AS Roma,Jan Ziółkowski,D,Panchina,0,0,
14,13981560,AS Roma,Niccolò Pisilli,M,Panchina,0,0,
14,13981560,AS Roma,Leon Bailey,F,Panchina,0,0,
14,13981560,AS Roma,Stephan El Shaarawy,F,Panchina,0,0,
14,13981560,AS Roma,Antonio Arena,F,Panchina,0,0,
14,13981563,Cremonese,Emil Audero,G,Titolare,0,0,
14,13981563,Cremonese,Filippo Terracciano,D,Titolare,0,0,
14,13981563,Cremonese,Federico Baschirotto,D,Titolare,0,0,
14,13981563,Cremonese,Matteo Bianchetti,D,Titolare,0,0,
14,13981563,Cremonese,Tommaso Barbieri,M,Titolare,0,0,
14,13981563,Cremonese,Martín Payero,M,Titolare,0,0,
14,13981563,Cremonese,Warren Bondo,M,Titolare,0,0,
14,13981563,Cremonese,Jari Vandeputte,M,Titolare,0,0,
14,13981563,Cremonese,Romano Floriani Mussolini,M,Titolare,0,0,
14,13981563,Cremonese,Federico Bonazzoli,F,Titolare,0,0,
14,13981563,Cremonese,Jamie Vardy,F,Titolare,0,0,
14,13981563,Cremonese,Alberto Grassi,M,Panchina,0,0,
14,13981563,Cremonese,Alessio Zerbin,M,Panchina,0,0,
14,13981563,Cremonese,Antonio Sanabria,F,Panchina,0,0,
14,13981563,Cremonese,Francesco Folino,D,Panchina,0,0,
14,13981563,Cremonese,Franco Vázquez,M,Panchina,0,0,
14,13981563,Cremonese,Marco Silvestri,G,Panchina,0,0,
14,13981563,Cremonese,Lapo Nava,G,Panchina,0,0,
14,13981563,Cremonese,Federico Ceccherini,D,Panchina,0,0,
14,13981563,Cremonese,Dachi Lordkipanidze,M,Panchina,0,0,
14,13981563,Cremonese,Mattia Valoti,M,Panchina,0,0,
14,13981563,Cremonese,Jeremy Sarmiento,M,Panchina,0,0,
14,13981563,Cremonese,Faris Moumbagna,F,Panchina,0,0,
14,13981563,Cremonese,Dennis Johnsen,F,Panchina,0,0,
14,13981563,Lecce,Wladimiro Falcone,G,Titolare,0,0,
14,13981563,Lecce,Danilo Veiga,D,Titolare,0,0,
14,13981563,Lecce,Kialonda Gaspar,D,Titolare,0,0,
14,13981563,Lecce,Tiago Gabriel,D,Titolare,0,0,
14,13981563,Lecce,Antonino Gallo,D,Titolare,0,0,
14,13981563,Lecce,Ylber Ramadani,M,Titolare,0,0,
14,13981563,Lecce,Lassana Coulibaly,M,Titolare,0,0,
14,13981563,Lecce,Santiago Pierotti,F,Titolare,0,0,
14,13981563,Lecce,Medon Berisha,M,Titolare,0,0,
14,13981563,Lecce,Lameck Banda,M,Titolare,0,0,
14,13981563,Lecce,Nikola Štulić,F,Titolare,0,0,
14,13981563,Lecce,Riccardo Sottil,F,Panchina,0,0,
14,13981563,Lecce,N'Dri Konan,F,Panchina,0,0,
14,13981563,Lecce,Francesco Camarda,F,Panchina,0,0,
14,13981563,Lecce,Mohamed Kaba,M,Panchina,0,0,
14,13981563,Lecce,Alex Sala,M,Panchina,0,0,
14,13981563,Lecce,Jasper Samooja,G,Panchina,0,0,
14,13981563,Lecce,Jamil Siebert,D,Panchina,0,0,
14,13981563,Lecce,Corrie Ndaba,D,Panchina,0,0,
14,13981563,Lecce,Christ-Owen Kouassi,D,Panchina,0,0,
14,13981563,Lecce,Þórir Jóhann Helgason,M,Panchina,0,0,
14,13981563,Lecce,Youssef Maleh,M,Panchina,0,0,
14,13981563,Lecce,Tete Morente,F,Panchina,0,0,
15,13981561,Lecce,Wladimiro Falcone,G,Titolare,0,0,
15,13981561,Lecce,Danilo Veiga,D,Titolare,0,0,
15,13981561,Lecce,Kialonda Gaspar,D,Titolare,0,0,
15,13981561,Lecce,Tiago Gabriel,D,Titolare,0,0,
15,13981561,Lecce,Corrie Ndaba,D,Titolare,0,0,
15,13981561,Lecce,Ylber Ramadani,M,Titolare,0,0,
15,13981561,Lecce,Santiago Pierotti,F,Titolare,0,0,
15,13981561,Lecce,Medon Berisha,M,Titolare,0,0,
15,13981561,Lecce,Lassana Coulibaly,M,Titolare,0,0,
15,13981561,Lecce,Riccardo Sottil,F,Titolare,0,0,
15,13981561,Lecce,Francesco Camarda,F,Titolare,0,0,
15,13981561,Lecce,Mohamed Kaba,M,Panchina,0,0,
15,13981561,Lecce,Lameck Banda,M,Panchina,0,0,
15,13981561,Lecce,Nikola Štulić,F,Panchina,0,0,
15,13981561,Lecce,Antonino Gallo,D,Panchina,0,0,
15,13981561,Lecce,Tete Morente,F,Panchina,0,0,
15,13981561,Lecce,Daniele Bleve,G,Panchina,0,0,
15,13981561,Lecce,Jasper Samooja,G,Panchina,0,0,
15,13981561,Lecce,Matías Pérez,D,Panchina,0,0,
15,13981561,Lecce,Christ-Owen Kouassi,D,Panchina,0,0,
15,13981561,Lecce,Jamil Siebert,D,Panchina,0,0,
15,13981561,Lecce,Youssef Maleh,M,Panchina,0,0,
15,13981561,Lecce,Alex Sala,M,Panchina,0,0,
15,13981561,Lecce,Þórir Jóhann Helgason,M,Panchina,0,0,
15,13981561,Lecce,Olaf Gorter,M,Panchina,0,0,
15,13981561,Lecce,N'Dri Konan,F,Panchina,0,0,
15,13981561,Pisa,Adrian Šemper,G,Titolare,0,0,
15,13981561,Pisa,Arturo Calabresi,D,Titolare,0,0,
15,13981561,Pisa,Antonio Caracciolo,D,Titolare,0,0,
15,13981561,Pisa,Simone Canestrelli,D,Titolare,0,0,
15,13981561,Pisa,Idrissa Touré,M,Titolare,0,0,
15,13981561,Pisa,Isak Vural,M,Titolare,0,0,
15,13981561,Pisa,Michel Aebischer,M,Titolare,0,0,
15,13981561,Pisa,Ebenezer Akinsanmiro,M,Titolare,0,0,
15,13981561,Pisa,Mehdi Léris,M,Titolare,0,0,
15,13981561,Pisa,Stefano Moreo,F,Titolare,0,0,
15,13981561,Pisa,Henrik Wendel Meister,F,Titolare,0,0,
15,13981561,Pisa,Raúl Albiol,D,Panchina,0,0,
15,13981561,Pisa,Samuele Angori,M,Panchina,0,0,
15,13981561,Pisa,Matteo Tramoni,F,Panchina,0,0,
15,13981561,Pisa,Lorran,M,Panchina,0,0,
15,13981561,Pisa,Louis Buffon,F,Panchina,0,0,
15,13981561,Pisa,Simone Scuffet,G,Panchina,0,0,
15,13981561,Pisa,Nícolas,G,Panchina,0,0,
15,13981561,Pisa,Daniel Denoon,D,Panchina,0,0,
15,13981561,Pisa,Giovanni Bonfanti,D,Panchina,0,0,
15,13981561,Pisa,Mateus Lusuardi,D,Panchina,0,0,
15,13981561,Pisa,Francesco Coppola,D,Panchina,0,0,
15,13981561,Pisa,Marius Marin,M,Panchina,0,0,
15,13981561,Pisa,Malthe Højholt,M,Panchina,0,0,
15,13981561,Pisa,Gabriele Piccinini,M,Panchina,0,0,
15,13981561,Pisa,Tomás Esteves,F,Panchina,0,0,
15,13981562,AC Milan,Mike Maignan,G,Titolare,0,0,
15,13981562,AC Milan,Fikayo Tomori,D,Titolare,0,0,
15,13981562,AC Milan,Matteo Gabbia,D,Titolare,0,0,
15,13981562,AC Milan,Strahinja Pavlović,D,Titolare,0,0,
15,13981562,AC Milan,Alexis Saelemaekers,M,Titolare,0,0,
15,13981562,AC Milan,Ruben Loftus-Cheek,M,Titolare,0,0,
15,13981562,AC Milan,Luka Modrić,M,Titolare,0,0,
15,13981562,AC Milan,Adrien Rabiot,M,Titolare,0,0,
15,13981562,AC Milan,Davide Bartesaghi,M,Titolare,0,0,
15,13981562,AC Milan,Christopher Nkunku,F,Titolare,0,0,
15,13981562,AC Milan,Christian Pulišić,F,Titolare,0,0,
15,13981562,AC Milan,Koni De Winter,D,Panchina,0,0,
15,13981562,AC Milan,Samuele Ricci,M,Panchina,0,0,
15,13981562,AC Milan,Zachary Athekame,D,Panchina,0,0,
15,13981562,AC Milan,Pervis Estupiñán,M,Panchina,0,0,
15,13981562,AC Milan,Matteo Pittarella,G,Panchina,0,0,
15,13981562,AC Milan,Pietro Terracciano,G,Panchina,0,0,
15,13981562,AC Milan,David Odogu,D,Panchina,0,0,
15,13981562,AC Milan,Ardon Jashari,M,Panchina,0,0,
15,13981562,Sassuolo,Arijanet Murić,G,Titolare,0,0,
15,13981562,Sassuolo,Sebastian Walukiewicz,D,Titolare,0,0,
15,13981562,Sassuolo,Jay Idzes,D,Titolare,0,0,
15,13981562,Sassuolo,Tarik Muharemović,D,Titolare,0,0,
15,13981562,Sassuolo,Fali Candé,D,Titolare,0,0,
15,13981562,Sassuolo,Kristian Thorstvedt,M,Titolare,0,0,
15,13981562,Sassuolo,Nemanja Matić,M,Titolare,0,0,
15,13981562,Sassuolo,Ismael Koné,M,Titolare,0,0,
15,13981562,Sassuolo,Cristian Volpato,M,Titolare,0,0,
15,13981562,Sassuolo,Andrea Pinamonti,F,Titolare,0,0,
15,13981562,Sassuolo,Alieu Fadera,F,Titolare,0,0,
15,13981562,Sassuolo,Josh Doig,D,Panchina,0,0,
15,13981562,Sassuolo,Armand Laurienté,F,Panchina,0,0,
15,13981562,Sassuolo,Luca Moro,F,Panchina,0,0,
15,13981562,Sassuolo,Walid Cheddira,F,Panchina,0,0,
15,13981562,Sassuolo,Giacomo Satalino,G,Panchina,0,0,
15,13981562,Sassuolo,Gioele Zacchi,G,Panchina,0,0,
15,13981562,Sassuolo,Woyo Coulibaly,D,Panchina,0,0,
15,13981562,Sassuolo,Cas Odenthal,D,Panchina,0,0,
15,13981562,Sassuolo,Edoardo Iannoni,M,Panchina,0,0,
15,13981562,Sassuolo,Luca Lipani,M,Panchina,0,0,
15,13981562,Sassuolo,Aster Vranckx,M,Panchina,0,0,
15,13981562,Sassuolo,Nicholas Pierini,F,Panchina,0,0,
15,13981564,Genoa,Nicola Leali,G,Titolare,0,0,
15,13981564,Genoa,Alessandro Marcandalli,D,Titolare,0,0,
15,13981564,Genoa,Sebastian Otoa,D,Titolare,0,0,
15,13981564,Genoa,Johan Vásquez,D,Titolare,0,0,
15,13981564,Genoa,Brooke Norton-Cuffy,D,Titolare,0,0,
15,13981564,Genoa,Morten Frendrup,M,Titolare,0,0,
15,13981564,Genoa,Ruslan Malinovskyi,M,Titolare,0,0,
15,13981564,Genoa,Mikael Ellertsson,M,Titolare,0,0,
15,13981564,Genoa,Aarón Martín,M,Titolare,0,0,
15,13981564,Genoa,Vitinha,F,Titolare,0,0,
15,13981564,Genoa,Lorenzo Colombo,F,Titolare,0,0,
15,13981564,Genoa,Caleb Ekuban,F,Panchina,0,0,
15,13981564,Genoa,Albert Grønbæk,M,Panchina,0,0,
15,13981564,Genoa,Jeff Ekhator,F,Panchina,0,0,
15,13981564,Genoa,Valentín Carboni,M,Panchina,0,0,
15,13981564,Genoa,Maxwel Cornet,F,Panchina,0,0,
15,13981564,Genoa,Daniele Sommariva,G,Panchina,0,0,
15,13981564,Genoa,Ernestas Lysionok,G,Panchina,0,0,
15,13981564,Genoa,Morten Thorsby,M,Panchina,0,0,
15,13981564,Genoa,Nicolae Stanciu,M,Panchina,0,0,
15,13981564,Genoa,Stefano Sabelli,M,Panchina,0,0,
15,13981564,Genoa,Jean Onana,M,Panchina,0,0,
15,13981564,Genoa,Patrizio Masini,M,Panchina,0,0,
15,13981564,Genoa,Lorenzo Venturino,F,Panchina,0,0,
15,13981564,Genoa,Seydou Fini,F,Panchina,0,0,
15,13981564,Inter,Yann Sommer,G,Titolare,0,0,
15,13981564,Inter,Yann Bisseck,D,Titolare,0,0,
15,13981564,Inter,Manuel Akanji,D,Titolare,0,0,
15,13981564,Inter,Alessandro Bastoni,D,Titolare,0,0,
15,13981564,Inter,Luís Henrique,M,Titolare,0,0,
15,13981564,Inter,Nicolò Barella,M,Titolare,0,0,
15,13981564,Inter,Piotr Zieliński,M,Titolare,0,0,
15,13981564,Inter,Petar Sučić,M,Titolare,0,0,
15,13981564,Inter,Carlos Augusto,D,Titolare,0,0,
15,13981564,Inter,Lautaro Martínez,F,Titolare,0,0,
15,13981564,Inter,Francesco Pio Esposito,F,Titolare,0,0,
15,13981564,Inter,Henrikh Mkhitaryan,M,Panchina,0,0,
15,13981564,Inter,Marcus Thuram,F,Panchina,0,0,
15,13981564,Inter,Andy Diouf,M,Panchina,0,0,
15,13981564,Inter,Stefan de Vrij,D,Panchina,0,0,
15,13981564,Inter,Alain Taho,G,Panchina,0,0,
15,13981564,Inter,Josep Martínez,G,Panchina,0,0,
15,13981564,Inter,Simone Cinquegrano,D,Panchina,0,0,
15,13981564,Inter,Federico Dimarco,M,Panchina,0,0,
15,13981564,Inter,Davide Frattesi,M,Panchina,0,0,
15,13981564,Inter,Matteo Cocchi,M,Panchina,0,0,
15,13981564,Inter,Ange-Yoan Bonny,F,Panchina,0,0,
15,13981565,Bologna,Federico Ravaglia,G,Titolare,0,0,
15,13981565,Bologna,Nadir Zortea,D,Titolare,0,0,
15,13981565,Bologna,Torbjørn Heggem,D,Titolare,0,0,
15,13981565,Bologna,Jhon Lucumí,D,Titolare,0,0,
15,13981565,Bologna,Juan Miranda,D,Titolare,0,0,
15,13981565,Bologna,Nikola Moro,M,Titolare,0,0,
15,13981565,Bologna,Tommaso Pobega,M,Titolare,0,0,
15,13981565,Bologna,Riccardo Orsolini,M,Titolare,0,0,
15,13981565,Bologna,Lewis Ferguson,M,Titolare,0,0,
15,13981565,Bologna,Nicolò Cambiaghi,F,Titolare,0,0,
15,13981565,Bologna,Thijs Dallinga,F,Titolare,0,0,
15,13981565,Bologna,Sulemana,M,Panchina,0,0,
15,13981565,Bologna,Santiago Castro,F,Panchina,0,0,
15,13981565,Bologna,Emil Holm,D,Panchina,0,0,
15,13981565,Bologna,Lorenzo De Silvestri,D,Panchina,0,0,
15,13981565,Bologna,Federico Bernardeschi,F,Panchina,0,0,
15,13981565,Bologna,Matteo Franceschelli,G,Panchina,0,0,
15,13981565,Bologna,Massimo Pessina,G,Panchina,0,0,
15,13981565,Bologna,Charalampos Lykogiannis,D,Panchina,0,0,
15,13981565,Bologna,Petar Markovic,D,Panchina,0,0,
15,13981565,Bologna,Jens Odgaard,M,Panchina,0,0,
15,13981565,Bologna,Giovanni Fabbian,M,Panchina,0,0,
15,13981565,Bologna,Benjamín Domínguez,M,Panchina,0,0,
15,13981565,Bologna,Ciro Immobile,F,Panchina,0,0,
15,13981565,Bologna,Jonathan Rowe,F,Panchina,0,0,
15,13981565,Juventus,Michele Di Gregorio,G,Titolare,0,0,
15,13981565,Juventus,Pierre Kalulu,D,Titolare,0,0,
15,13981565,Juventus,Lloyd Kelly,D,Titolare,0,0,
15,13981565,Juventus,Teun Koopmeiners,M,Titolare,0,0,
15,13981565,Juventus,Weston McKennie,M,Titolare,0,0,
15,13981565,Juventus,Manuel Locatelli,M,Titolare,0,0,
15,13981565,Juventus,Khéphren Thuram,M,Titolare,0,0,
15,13981565,Juventus,Andrea Cambiaso,M,Titolare,0,0,
15,13981565,Juventus,Francisco Conceição,F,Titolare,0,0,
15,13981565,Juventus,Kenan Yıldız,F,Titolare,0,0,
15,13981565,Juventus,Jonathan David,F,Titolare,0,0,
15,13981565,Juventus,Juan Cabal,D,Panchina,0,0,
15,13981565,Juventus,Loïs Openda,F,Panchina,0,0,
15,13981565,Juventus,Bremer,D,Panchina,0,0,
15,13981565,Juventus,Fabio Miretti,M,Panchina,0,0,
15,13981565,Juventus,Simone Scaglia,G,Panchina,0,0,
15,13981565,Juventus,Mattia Perin,G,Panchina,0,0,
15,13981565,Juventus,Jonas Rouhi,D,Panchina,0,0,
15,13981565,Juventus,Daniele Rugani,D,Panchina,0,0,
15,13981565,Juventus,João Mário,D,Panchina,0,0,
15,13981565,Juventus,Vasilije Adžić,M,Panchina,0,0,
15,13981565,Juventus,Filip Kostić,M,Panchina,0,0,
15,13981565,Juventus,Edon Zhegrova,F,Panchina,0,0,
15,13981566,Parma,Edoardo Corvi,G,Titolare,0,0,
15,13981566,Parma,Sascha Britschgi,D,Titolare,0,0,
15,13981566,Parma,Enrico Delprato,D,Titolare,0,0,
15,13981566,Parma,Lautaro Valenti,D,Titolare,0,0,
15,13981566,Parma,Emanuele Valeri,M,Titolare,0,0,
15,13981566,Parma,Adrián Bernabé,M,Titolare,0,0,
15,13981566,Parma,Nahuel Estévez,M,Titolare,0,0,
15,13981566,Parma,Mandela Keita,M,Titolare,0,0,
15,13981566,Parma,Gaetano Oristanio,M,Titolare,0,0,
15,13981566,Parma,Adrian Benedyczak,F,Titolare,0,0,
15,13981566,Parma,Mateo Pellegrino,F,Titolare,0,0,
15,13981566,Parma,Mariano Troilo,D,Panchina,0,0,
15,13981566,Parma,Jacob Ondrejka,F,Panchina,0,0,
15,13981566,Parma,Patrick Cutrone,F,Panchina,0,0,
15,13981566,Parma,Milan Đurić,F,Panchina,0,0,
15,13981566,Parma,Filippo Rinaldi,G,Panchina,0,0,
15,13981566,Parma,Vicente Guaita,G,Panchina,0,0,
15,13981566,Parma,Nicolas Trabucchi,D,Panchina,0,0,
15,13981566,Parma,Mathias Løvik,D,Panchina,0,0,
15,13981566,Parma,Hernani,M,Panchina,0,0,
15,13981566,Parma,Oliver Sørensen,M,Panchina,0,0,
15,13981566,Parma,Christian Ordoñez,M,Panchina,0,0,
15,13981566,Parma,Benjamin Cremaschi,M,Panchina,0,0,
15,13981566,Parma,Tjaš Begić,F,Panchina,0,0,
15,13981566,Parma,Pontus Almqvist,F,Panchina,0,0,
15,13981566,Lazio,Ivan Provedel,G,Titolare,0,0,
15,13981566,Lazio,Adam Marušić,D,Titolare,0,0,
15,13981566,Lazio,Patric,D,Titolare,0,0,
15,13981566,Lazio,Alessio Romagnoli,D,Titolare,0,0,
15,13981566,Lazio,Luca Pellegrini,D,Titolare,0,0,
15,13981566,Lazio,Mattéo Guendouzi,M,Titolare,0,0,
15,13981566,Lazio,Danilo Cataldi,M,Titolare,0,0,
15,13981566,Lazio,Toma Bašić,M,Titolare,0,0,
15,13981566,Lazio,Matteo Cancellieri,F,Titolare,0,0,
15,13981566,Lazio,Valentín Castellanos,F,Titolare,0,0,
15,13981566,Lazio,Mattia Zaccagni,F,Titolare,0,0,
15,13981566,Lazio,Oliver Provstgaard,D,Panchina,0,0,
15,13981566,Lazio,Fisayo Dele-Bashiru,M,Panchina,0,0,
15,13981566,Lazio,Tijjani Noslin,F,Panchina,0,0,
15,13981566,Lazio,Matías Vecino,M,Panchina,0,0,
15,13981566,Lazio,Alessio Furlanetto,G,Panchina,0,0,
15,13981566,Lazio,Christos Mandas,G,Panchina,0,0,
15,13981566,Lazio,Nuno Tavares,D,Panchina,0,0,
15,13981566,Lazio,Manuel Lazzari,D,Panchina,0,0,
15,13981566,Lazio,Reda Belahyane,M,Panchina,0,0,
15,13981566,Lazio,Pedro,F,Panchina,0,0,
15,13981566,Lazio,Boulaye Dia,F,Panchina,0,0,
15,13981569,Atalanta,Marco Carnesecchi,G,Titolare,0,0,
15,13981569,Atalanta,Odilon Kossounou,D,Titolare,0,0,
15,13981569,Atalanta,Berat Djimsiti,D,Titolare,0,0,
15,13981569,Atalanta,Sead Kolašinac,D,Titolare,0,0,
15,13981569,Atalanta,Davide Zappacosta,M,Titolare,0,0,
15,13981569,Atalanta,Marten de Roon,M,Titolare,0,0,
15,13981569,Atalanta,Éderson,M,Titolare,0,0,
15,13981569,Atalanta,Lorenzo Bernasconi,M,Titolare,0,0,
15,13981569,Atalanta,Charles De Ketelaere,F,Titolare,0,0,
15,13981569,Atalanta,Ademola Lookman,F,Titolare,0,0,
15,13981569,Atalanta,Gianluca Scamacca,F,Titolare,0,0,
15,13981569,Atalanta,Honest Ahanor,D,Panchina,0,0,
15,13981569,Atalanta,Yunus Musah,M,Panchina,0,0,
15,13981569,Atalanta,Nicola Zalewski,M,Panchina,0,0,
15,13981569,Atalanta,Mario Pašalić,M,Panchina,0,0,
15,13981569,Atalanta,Lazar Samardžić,M,Panchina,0,0,
15,13981569,Atalanta,Marco Sportiello,G,Panchina,0,0,
15,13981569,Atalanta,Francesco Rossi,G,Panchina,0,0,
15,13981569,Atalanta,Giorgio Scalvini,D,Panchina,0,0,
15,13981569,Atalanta,Marco Brescianini,M,Panchina,0,0,
15,13981569,Atalanta,Daniel Maldini,F,Panchina,0,0,
15,13981569,Atalanta,Nikola Krstović,F,Panchina,0,0,
15,13981569,Cagliari,Elia Caprile,G,Titolare,0,0,
15,13981569,Cagliari,Gabriele Zappa,D,Titolare,0,0,
15,13981569,Cagliari,Sebastiano Luperto,D,Titolare,0,0,
15,13981569,Cagliari,Juan Rodríguez,D,Titolare,0,0,
15,13981569,Cagliari,Marco Palestra,M,Titolare,0,0,
15,13981569,Cagliari,Michel Adopo,M,Titolare,0,0,
15,13981569,Cagliari,Alessandro Deiola,M,Titolare,0,0,
15,13981569,Cagliari,Michael Folorunsho,M,Titolare,0,0,
15,13981569,Cagliari,Adam Obert,D,Titolare,0,0,
15,13981569,Cagliari,Gennaro Borrelli,F,Titolare,0,0,
15,13981569,Cagliari,Sebastiano Esposito,F,Titolare,0,0,
15,13981569,Cagliari,Gianluca Gaetano,M,Panchina,0,0,
15,13981569,Cagliari,Matteo Prati,M,Panchina,0,0,
15,13981569,Cagliari,Riyad Idrissi,D,Panchina,0,0,
15,13981569,Cagliari,Leonardo Pavoletti,F,Panchina,0,0,
15,13981569,Cagliari,Zito Luvumbo,F,Panchina,0,0,
15,13981569,Cagliari,Giuseppe Ciocci,G,Panchina,0,0,
15,13981569,Cagliari,Boris Radunović,G,Panchina,0,0,
15,13981569,Cagliari,Nicola Pintus,D,Panchina,0,0,
15,13981569,Cagliari,Alessandro Di Pardo,M,Panchina,0,0,
15,13981569,Cagliari,Luca Mazzitelli,M,Panchina,0,0,
15,13981569,Cagliari,Marko Rog,M,Panchina,0,0,
15,13981569,Cagliari,Joseph Liteta,M,Panchina,0,0,
15,13981569,Cagliari,Semih Kılıçsoy,F,Panchina,0,0,
15,13981570,Udinese,Maduka Okoye,G,Titolare,0,0,
15,13981570,Udinese,Thomas Kristensen,D,Titolare,0,0,
15,13981570,Udinese,Christian Kabasele,D,Titolare,0,0,
15,13981570,Udinese,Oumar Solet,D,Titolare,0,0,
15,13981570,Udinese,Alessandro Zanoli,M,Titolare,0,0,
15,13981570,Udinese,Jakub Piotrowski,M,Titolare,0,0,
15,13981570,Udinese,Jesper Karlström,M,Titolare,0,0,
15,13981570,Udinese,Jürgen Ekkelenkamp,M,Titolare,0,0,
15,13981570,Udinese,Nicolò Bertola,D,Titolare,0,0,
15,13981570,Udinese,Nicolò Zaniolo,F,Titolare,0,0,
15,13981570,Udinese,Keinan Davis,F,Titolare,0,0,
15,13981570,Udinese,Oier Zarraga,M,Panchina,0,0,
15,13981570,Udinese,Kingsley Ehizibue,M,Panchina,0,0,
15,13981570,Udinese,Adam Buksa,F,Panchina,0,0,
15,13981570,Udinese,Saba Goglichidze,D,Panchina,0,0,
15,13981570,Udinese,Iker Bravo,F,Panchina,0,0,
15,13981570,Udinese,Răzvan Sava,G,Panchina,0,0,
15,13981570,Udinese,Alessandro Nunziante,G,Panchina,0,0,
15,13981570,Udinese,Daniele Padelli,G,Panchina,0,0,
15,13981570,Udinese,Matteo Palma,D,Panchina,0,0,
15,13981570,Udinese,Rui Modesto,M,Panchina,0,0,
15,13981570,Udinese,Sandi Lovrić,M,Panchina,0,0,
15,13981570,Udinese,Lennon Miller,M,Panchina,0,0,
15,13981570,Udinese,Abdoulaye Camara,M,Panchina,0,0,
15,13981570,Udinese,Idrissa Gueye,F,Panchina,0,0,
15,13981570,SSC Napoli,Vanja Milinković-Savić,G,Titolare,0,0,
15,13981570,SSC Napoli,Sam Beukema,D,Titolare,0,0,
15,13981570,SSC Napoli,Amir Rrahmani,D,Titolare,0,0,
15,13981570,SSC Napoli,Alessandro Buongiorno,D,Titolare,0,0,
15,13981570,SSC Napoli,Giovanni Di Lorenzo,D,Titolare,0,0,
15,13981570,SSC Napoli,Eljif Elmas,M,Titolare,0,0,
15,13981570,SSC Napoli,Scott McTominay,M,Titolare,0,0,
15,13981570,SSC Napoli,Leonardo Spinazzola,D,Titolare,0,0,
15,13981570,SSC Napoli,David Neres,F,Titolare,0,0,
15,13981570,SSC Napoli,Rasmus Højlund,F,Titolare,0,0,
15,13981570,SSC Napoli,Noa Lang,F,Titolare,0,0,
15,13981570,SSC Napoli,Stanislav Lobotka,M,Panchina,0,0,
15,13981570,SSC Napoli,Matteo Politano,M,Panchina,0,0,
15,13981570,SSC Napoli,Mathías Olivera,D,Panchina,0,0,
15,13981570,SSC Napoli,Miguel Gutiérrez,D,Panchina,0,0,
15,13981570,SSC Napoli,Lorenzo Lucca,F,Panchina,0,0,
15,13981570,SSC Napoli,Mathias Ferrante,G,Panchina,0,0,
15,13981570,SSC Napoli,Nikita Contini,G,Panchina,0,0,
15,13981570,SSC Napoli,Luca Marianucci,D,Panchina,0,0,
15,13981570,SSC Napoli,Pasquale Mazzocchi,M,Panchina,0,0,
15,13981570,SSC Napoli,Giuseppe Ambrosino,F,Panchina,0,0,
15,13981570,SSC Napoli,Antonio Vergara,F,Panchina,0,0,
15,13981571,Fiorentina,David De Gea,G,Titolare,0,0,
15,13981571,Fiorentina,Marin Pongračić,D,Titolare,0,0,
15,13981571,Fiorentina,Pietro Comuzzo,D,Titolare,0,0,
15,13981571,Fiorentina,Luca Ranieri,D,Titolare,0,0,
15,13981571,Fiorentina,Dodô,M,Titolare,0,0,
15,13981571,Fiorentina,Rolando Mandragora,M,Titolare,0,0,
15,13981571,Fiorentina,Nicolò Fagioli,M,Titolare,0,0,
15,13981571,Fiorentina,Simon Sohm,M,Titolare,0,0,
15,13981571,Fiorentina,Fabiano Parisi,D,Titolare,0,0,
15,13981571,Fiorentina,Albert Guðmundsson,F,Titolare,0,0,
15,13981571,Fiorentina,Moise Kean,F,Titolare,0,0,
15,13981571,Fiorentina,Niccolò Fortini,D,Panchina,0,0,
15,13981571,Fiorentina,Amir Richardson,M,Panchina,0,0,
15,13981571,Fiorentina,Edin Džeko,F,Panchina,0,0,
15,13981571,Fiorentina,Mattia Viti,D,Panchina,0,0,
15,13981571,Fiorentina,Cher Ndour,M,Panchina,0,0,
15,13981571,Fiorentina,Tommaso Martinelli,G,Panchina,0,0,
15,13981571,Fiorentina,Luca Lezzerini,G,Panchina,0,0,
15,13981571,Fiorentina,Eddy Kouadio,D,Panchina,0,0,
15,13981571,Fiorentina,Pablo Marí,D,Panchina,0,0,
15,13981571,Fiorentina,Hans Nicolussi Caviglia,M,Panchina,0,0,
15,13981571,Fiorentina,Roberto Piccoli,F,Panchina,0,0,
15,13981571,Fiorentina,Christian Kouamé,F,Panchina,0,0,
15,13981571,Hellas Verona,Lorenzo Montipò,G,Titolare,0,0,
15,13981571,Hellas Verona,Unai Núñez,D,Titolare,0,0,
15,13981571,Hellas Verona,Victor Nelsson,D,Titolare,0,0,
15,13981571,Hellas Verona,Armel Bella-Kotchap,D,Titolare,0,0,
15,13981571,Hellas Verona,Rafik Belghali,M,Titolare,0,0,
15,13981571,Hellas Verona,Cheikh Niasse,M,Titolare,0,0,
15,13981571,Hellas Verona,Moatasem Al-Musrati,M,Titolare,0,0,
15,13981571,Hellas Verona,Antoine Bernede,M,Titolare,0,0,
15,13981571,Hellas Verona,Martin Frese,D,Titolare,0,0,
15,13981571,Hellas Verona,Giovane,F,Titolare,0,0,
15,13981571,Hellas Verona,Daniel Mosquera,F,Titolare,0,0,
15,13981571,Hellas Verona,Gift Orban,F,Panchina,0,0,
15,13981571,Hellas Verona,Roberto Gagliardini,M,Panchina,0,0,
15,13981571,Hellas Verona,Amin Sarr,F,Panchina,0,0,
15,13981571,Hellas Verona,Nicolás Valentini,D,Panchina,0,0,
15,13981571,Hellas Verona,Suat Serdar,M,Panchina,0,0,
15,13981571,Hellas Verona,Giacomo Toniolo,G,Panchina,0,0,
15,13981571,Hellas Verona,Simone Perilli,G,Panchina,0,0,
15,13981571,Hellas Verona,Tobias Slotsager,D,Panchina,0,0,
15,13981571,Hellas Verona,Enzo Ebosse,D,Panchina,0,0,
15,13981571,Hellas Verona,Fallou Cham,D,Panchina,0,0,
15,13981571,Hellas Verona,Daniel Oyegoke,M,Panchina,0,0,
15,13981571,Hellas Verona,Yellu Santiago,M,Panchina,0,0,
15,13981571,Hellas Verona,Abdou Harroui,M,Panchina,0,0,
15,13981571,Hellas Verona,Grigoris Kastanos,M,Panchina,0,0,
15,13981571,Hellas Verona,Junior Ajayi,F,Panchina,0,0,
15,13981573,Torino,Alberto Paleari,G,Titolare,0,0,
15,13981573,Torino,Ardian Ismajli,D,Titolare,0,0,
15,13981573,Torino,Guillermo Maripán,D,Titolare,0,0,
15,13981573,Torino,Saúl Coco,D,Titolare,0,0,
15,13981573,Torino,Marcus Pedersen,M,Titolare,0,0,
15,13981573,Torino,Kristjan Asllani,M,Titolare,0,0,
15,13981573,Torino,Gvidas Gineitis,M,Titolare,0,0,
15,13981573,Torino,Valentino Lazaro,M,Titolare,0,0,
15,13981573,Torino,Nikola Vlašić,M,Titolare,0,0,
15,13981573,Torino,Duván Zapata,F,Titolare,0,0,
15,13981573,Torino,Che Adams,F,Titolare,0,0,
15,13981573,Torino,Cesare Casadei,M,Panchina,0,0,
15,13981573,Torino,Giovanni Simeone,F,Panchina,0,0,
15,13981573,Torino,Cyril Ngonge,F,Panchina,0,0,
15,13981573,Torino,Cristiano Biraghi,D,Panchina,0,0,
15,13981573,Torino,Emirhan İlkhan,M,Panchina,0,0,
15,13981573,Torino,Mihai Popa,G,Panchina,0,0,
15,13981573,Torino,Franco Israel,G,Panchina,0,0,
15,13981573,Torino,Adrien Tameze,D,Panchina,0,0,
15,13981573,Torino,Ali Dembélé,D,Panchina,0,0,
15,13981573,Torino,Niels Nkounkou,D,Panchina,0,0,
15,13981573,Torino,Adam Masina,D,Panchina,0,0,
15,13981573,Torino,Ivan Ilić,M,Panchina,0,0,
15,13981573,Torino,Tino Anjorin,M,Panchina,0,0,
15,13981573,Torino,Alieu Njie,F,Panchina,0,0,
15,13981573,Torino,Zakaria Aboukhlal,F,Panchina,0,0,
15,13981573,Cremonese,Emil Audero,G,Titolare,0,0,
15,13981573,Cremonese,Filippo Terracciano,D,Titolare,0,0,
15,13981573,Cremonese,Federico Baschirotto,D,Titolare,0,0,
15,13981573,Cremonese,Federico Ceccherini,D,Titolare,0,0,
15,13981573,Cremonese,Tommaso Barbieri,M,Titolare,0,0,
15,13981573,Cremonese,Martín Payero,M,Titolare,0,0,
15,13981573,Cremonese,Warren Bondo,M,Titolare,0,0,
15,13981573,Cremonese,Jari Vandeputte,M,Titolare,0,0,
15,13981573,Cremonese,Giuseppe Pezzella,M,Titolare,0,0,
15,13981573,Cremonese,Federico Bonazzoli,F,Titolare,0,0,
15,13981573,Cremonese,Jamie Vardy,F,Titolare,0,0,
15,13981573,Cremonese,Alessio Zerbin,M,Panchina,0,0,
15,13981573,Cremonese,Romano Floriani Mussolini,M,Panchina,0,0,
15,13981573,Cremonese,Antonio Sanabria,F,Panchina,0,0,
15,13981573,Cremonese,Franco Vázquez,M,Panchina,0,0,
15,13981573,Cremonese,Faris Moumbagna,F,Panchina,0,0,
15,13981573,Cremonese,Marco Silvestri,G,Panchina,0,0,
15,13981573,Cremonese,Lapo Nava,G,Panchina,0,0,
15,13981573,Cremonese,Dachi Lordkipanidze,M,Panchina,0,0,
15,13981573,Cremonese,Mattia Valoti,M,Panchina,0,0,
15,13981573,Cremonese,Dennis Johnsen,F,Panchina,0,0,
15,13981577,AS Roma,Mile Svilar,G,Titolare,0,0,
15,13981577,AS Roma,Gianluca Mancini,D,Titolare,0,0,
15,13981577,AS Roma,Evan Ndicka,D,Titolare,0,0,
15,13981577,AS Roma,Mario Hermoso,D,Titolare,0,0,
15,13981577,AS Roma,Wesley,M,Titolare,0,0,
15,13981577,AS Roma,Bryan Cristante,M,Titolare,0,0,
15,13981577,AS Roma,Manu Koné,M,Titolare,0,0,
15,13981577,AS Roma,Devyne Rensch,M,Titolare,0,0,
15,13981577,AS Roma,Matías Soulé,F,Titolare,0,0,
15,13981577,AS Roma,Lorenzo Pellegrini,F,Titolare,0,0,
15,13981577,AS Roma,Evan Ferguson,F,Titolare,0,0,
15,13981577,AS Roma,Stephan El Shaarawy,F,Panchina,0,0,
15,13981577,AS Roma,Leon Bailey,F,Panchina,0,0,
15,13981577,AS Roma,Devis Vásquez,G,Panchina,0,0,
15,13981577,AS Roma,Pierluigi Gollini,G,Panchina,0,0,
15,13981577,AS Roma,Daniele Ghilardi,D,Panchina,0,0,
15,13981577,AS Roma,Kostas Tsimikas,D,Panchina,0,0,
15,13981577,AS Roma,Jan Ziółkowski,D,Panchina,0,0,
15,13981577,AS Roma,Niccolò Pisilli,M,Panchina,0,0,
15,13981577,AS Roma,Muhammed Bah,M,Panchina,0,0,
15,13981577,AS Roma,Angeliño,M,Panchina,0,0,
15,13981577,AS Roma,Tommaso Baldanzi,M,Panchina,0,0,
15,13981577,AS Roma,Paulo Dybala,F,Panchina,0,0,
15,13981577,Como,Jean Butez,G,Titolare,0,0,
15,13981577,Como,Ivan Smolčić,D,Titolare,0,0,
15,13981577,Como,Jacobo Ramón,D,Titolare,0,0,
15,13981577,Como,Marc Kempf,D,Titolare,0,0,
15,13981577,Como,Álex Valle,D,Titolare,0,0,
15,13981577,Como,Maxence Caqueret,M,Titolare,0,0,
15,13981577,Como,Lucas Da Cunha,M,Titolare,0,0,
15,13981577,Como,Jayden Addai,M,Titolare,0,0,
15,13981577,Como,Nico Paz,M,Titolare,0,0,
15,13981577,Como,Assane Diao,M,Titolare,0,0,
15,13981577,Como,Martin Baturina,M,Titolare,0,0,
15,13981577,Como,Anastasios Douvikas,F,Panchina,0,0,
15,13981577,Como,Stefan Posch,D,Panchina,0,0,
15,13981577,Como,Jesús Rodriguez,M,Panchina,0,0,
15,13981577,Como,Ignace Van der Brempt,D,Panchina,0,0,
15,13981577,Como,Nicolas-Gerrit Kühn,F,Panchina,0,0,
15,13981577,Como,Mauro Vigorito,G,Panchina,0,0,
15,13981577,Como,Nikola Čavlina,G,Panchina,0,0,
15,13981577,Como,Diego Carlos,D,Panchina,0,0,
15,13981577,Como,Alberto Moreno,D,Panchina,0,0,
15,13981577,Como,Mërgim Vojvoda,D,Panchina,0,0,
15,13981577,Como,Andrea Le Borgne,M,Panchina,0,0,
15,13981577,Como,Alberto Cerri,F,Panchina,0,0,
16,13981568,Fiorentina,David De Gea,G,Titolare,0,0,
16,13981568,Fiorentina,Dodô,M,Titolare,0,0,
16,13981568,Fiorentina,Pietro Comuzzo,D,Titolare,0,0,
16,13981568,Fiorentina,Marin Pongračić,D,Titolare,0,0,
16,13981568,Fiorentina,Luca Ranieri,D,Titolare,0,0,
16,13981568,Fiorentina,Fabiano Parisi,D,Titolare,0,0,
16,13981568,Fiorentina,Rolando Mandragora,M,Titolare,0,0,
16,13981568,Fiorentina,Nicolò Fagioli,M,Titolare,0,0,
16,13981568,Fiorentina,Cher Ndour,M,Titolare,0,0,
16,13981568,Fiorentina,Moise Kean,F,Titolare,0,0,
16,13981568,Fiorentina,Albert Guðmundsson,F,Titolare,0,0,
16,13981568,Fiorentina,Niccolò Fortini,D,Panchina,0,0,
16,13981568,Fiorentina,Roberto Piccoli,F,Panchina,0,0,
16,13981568,Fiorentina,Christian Kouamé,F,Panchina,0,0,
16,13981568,Fiorentina,Mattia Viti,D,Panchina,0,0,
16,13981568,Fiorentina,Hans Nicolussi Caviglia,M,Panchina,0,0,
16,13981568,Fiorentina,Tommaso Martinelli,G,Panchina,0,0,
16,13981568,Fiorentina,Luca Lezzerini,G,Panchina,0,0,
16,13981568,Fiorentina,Eman Košpo,D,Panchina,0,0,
16,13981568,Fiorentina,Eddy Kouadio,D,Panchina,0,0,
16,13981568,Fiorentina,Simon Sohm,M,Panchina,0,0,
16,13981568,Fiorentina,Amir Richardson,M,Panchina,0,0,
16,13981568,Fiorentina,Edin Džeko,F,Panchina,0,0,
16,13981568,Udinese,Maduka Okoye,G,Titolare,0,0,
16,13981568,Udinese,Thomas Kristensen,D,Titolare,0,0,
16,13981568,Udinese,Christian Kabasele,D,Titolare,0,0,
16,13981568,Udinese,Oumar Solet,D,Titolare,0,0,
16,13981568,Udinese,Alessandro Zanoli,M,Titolare,0,0,
16,13981568,Udinese,Jesper Karlström,M,Titolare,0,0,
16,13981568,Udinese,Jakub Piotrowski,M,Titolare,0,0,
16,13981568,Udinese,Nicolò Bertola,D,Titolare,0,0,
16,13981568,Udinese,Nicolò Zaniolo,F,Titolare,0,0,
16,13981568,Udinese,Jürgen Ekkelenkamp,M,Titolare,0,0,
16,13981568,Udinese,Keinan Davis,F,Titolare,0,0,
16,13981568,Udinese,Răzvan Sava,G,Panchina,0,0,
16,13981568,Udinese,Hassane Kamara,M,Panchina,0,0,
16,13981568,Udinese,Sandi Lovrić,M,Panchina,0,0,
16,13981568,Udinese,Idrissa Gueye,F,Panchina,0,0,
16,13981568,Udinese,Adam Buksa,F,Panchina,0,0,
16,13981568,Udinese,Alessandro Nunziante,G,Panchina,0,0,
16,13981568,Udinese,Daniele Padelli,G,Panchina,0,0,
16,13981568,Udinese,Matteo Palma,D,Panchina,0,0,
16,13981568,Udinese,Saba Goglichidze,D,Panchina,0,0,
16,13981568,Udinese,Kingsley Ehizibue,M,Panchina,0,0,
16,13981568,Udinese,Lennon Miller,M,Panchina,0,0,
16,13981568,Udinese,Oier Zarraga,M,Panchina,0,0,
16,13981568,Udinese,Abdoulaye Camara,M,Panchina,0,0,
16,13981568,Udinese,Iker Bravo,F,Panchina,0,0,
16,13981572,Lazio,Ivan Provedel,G,Titolare,0,0,
16,13981572,Lazio,Adam Marušić,D,Titolare,0,0,
16,13981572,Lazio,Mario Gila,D,Titolare,0,0,
16,13981572,Lazio,Alessio Romagnoli,D,Titolare,0,0,
16,13981572,Lazio,Luca Pellegrini,D,Titolare,0,0,
16,13981572,Lazio,Mattéo Guendouzi,M,Titolare,0,0,
16,13981572,Lazio,Danilo Cataldi,M,Titolare,0,0,
16,13981572,Lazio,Matías Vecino,M,Titolare,0,0,
16,13981572,Lazio,Matteo Cancellieri,F,Titolare,0,0,
16,13981572,Lazio,Valentín Castellanos,F,Titolare,0,0,
16,13981572,Lazio,Pedro,F,Titolare,0,0,
16,13981572,Lazio,Reda Belahyane,M,Panchina,0,0,
16,13981572,Lazio,Tijjani Noslin,F,Panchina,0,0,
16,13981572,Lazio,Manuel Lazzari,D,Panchina,0,0,
16,13981572,Lazio,Christos Mandas,G,Panchina,0,0,
16,13981572,Lazio,Alessio Furlanetto,G,Panchina,0,0,
16,13981572,Lazio,Patric,D,Panchina,0,0,
16,13981572,Lazio,Nuno Tavares,D,Panchina,0,0,
16,13981572,Lazio,Oliver Provstgaard,D,Panchina,0,0,
16,13981572,Lazio,Valerio Farcomeni,M,Panchina,0,0,
16,13981572,Lazio,Saná Fernandes,F,Panchina,0,0,
16,13981572,Cremonese,Emil Audero,G,Titolare,0,0,
16,13981572,Cremonese,Filippo Terracciano,D,Titolare,0,0,
16,13981572,Cremonese,Federico Baschirotto,D,Titolare,0,0,
16,13981572,Cremonese,Francesco Folino,D,Titolare,0,0,
16,13981572,Cremonese,Tommaso Barbieri,M,Titolare,0,0,
16,13981572,Cremonese,Warren Bondo,M,Titolare,0,0,
16,13981572,Cremonese,Alberto Grassi,M,Titolare,0,0,
16,13981572,Cremonese,Dennis Johnsen,F,Titolare,0,0,
16,13981572,Cremonese,Giuseppe Pezzella,M,Titolare,0,0,
16,13981572,Cremonese,Federico Bonazzoli,F,Titolare,0,0,
16,13981572,Cremonese,Jamie Vardy,F,Titolare,0,0,
16,13981572,Cremonese,Federico Ceccherini,D,Panchina,0,0,
16,13981572,Cremonese,Jari Vandeputte,M,Panchina,0,0,
16,13981572,Cremonese,Alessio Zerbin,M,Panchina,0,0,
16,13981572,Cremonese,Antonio Sanabria,F,Panchina,0,0,
16,13981572,Cremonese,Romano Floriani Mussolini,M,Panchina,0,0,
16,13981572,Cremonese,Marco Silvestri,G,Panchina,0,0,
16,13981572,Cremonese,Lapo Nava,G,Panchina,0,0,
16,13981572,Cremonese,Mikayil Faye,D,Panchina,0,0,
16,13981572,Cremonese,Jeremy Sarmiento,M,Panchina,0,0,
16,13981572,Cremonese,Franco Vázquez,M,Panchina,0,0,
16,13981572,Cremonese,Mattia Valoti,M,Panchina,0,0,
16,13981572,Cremonese,Dachi Lordkipanidze,M,Panchina,0,0,
16,13981572,Cremonese,Faris Moumbagna,F,Panchina,0,0,
16,13981575,Juventus,Michele Di Gregorio,G,Titolare,0,0,
16,13981575,Juventus,Pierre Kalulu,D,Titolare,0,0,
16,13981575,Juventus,Bremer,D,Titolare,0,0,
16,13981575,Juventus,Lloyd Kelly,D,Titolare,0,0,
16,13981575,Juventus,Weston McKennie,M,Titolare,0,0,
16,13981575,Juventus,Manuel Locatelli,M,Titolare,0,0,
16,13981575,Juventus,Khéphren Thuram,M,Titolare,0,0,
16,13981575,Juventus,Andrea Cambiaso,M,Titolare,0,0,
16,13981575,Juventus,Francisco Conceição,F,Titolare,0,0,
16,13981575,Juventus,Kenan Yıldız,F,Titolare,0,0,
16,13981575,Juventus,Loïs Openda,F,Titolare,0,0,
16,13981575,Juventus,Daniele Rugani,D,Panchina,0,0,
16,13981575,Juventus,Edon Zhegrova,F,Panchina,0,0,
16,13981575,Juventus,Jonathan David,F,Panchina,0,0,
16,13981575,Juventus,Filip Kostić,M,Panchina,0,0,
16,13981575,Juventus,Fabio Miretti,M,Panchina,0,0,
16,13981575,Juventus,Simone Scaglia,G,Panchina,0,0,
16,13981575,Juventus,Mattia Perin,G,Panchina,0,0,
16,13981575,Juventus,João Mário,D,Panchina,0,0,
16,13981575,Juventus,Jonas Rouhi,D,Panchina,0,0,
16,13981575,Juventus,Pedro Felipe,D,Panchina,0,0,
16,13981575,Juventus,Vasilije Adžić,M,Panchina,0,0,
16,13981575,Juventus,Arkadiusz Milik,F,Panchina,0,0,
16,13981575,AS Roma,Mile Svilar,G,Titolare,0,0,
16,13981575,AS Roma,Gianluca Mancini,D,Titolare,0,0,
16,13981575,AS Roma,Jan Ziółkowski,D,Titolare,0,0,
16,13981575,AS Roma,Devyne Rensch,M,Titolare,0,0,
16,13981575,AS Roma,Zeki Çelik,D,Titolare,0,0,
16,13981575,AS Roma,Bryan Cristante,M,Titolare,0,0,
16,13981575,AS Roma,Manu Koné,M,Titolare,0,0,
16,13981575,AS Roma,Wesley,M,Titolare,0,0,
16,13981575,AS Roma,Matías Soulé,F,Titolare,0,0,
16,13981575,AS Roma,Lorenzo Pellegrini,F,Titolare,0,0,
16,13981575,AS Roma,Paulo Dybala,F,Titolare,0,0,
16,13981575,AS Roma,Leon Bailey,F,Panchina,0,0,
16,13981575,AS Roma,Tommaso Baldanzi,M,Panchina,0,0,
16,13981575,AS Roma,Evan Ferguson,F,Panchina,0,0,
16,13981575,AS Roma,Stephan El Shaarawy,F,Panchina,0,0,
16,13981575,AS Roma,Pierluigi Gollini,G,Panchina,0,0,
16,13981575,AS Roma,Devis Vásquez,G,Panchina,0,0,
16,13981575,AS Roma,Mario Hermoso,D,Panchina,0,0,
16,13981575,AS Roma,Buba Sangaré,D,Panchina,0,0,
16,13981575,AS Roma,Jacopo Mirra,D,Panchina,0,0,
16,13981575,AS Roma,Daniele Ghilardi,D,Panchina,0,0,
16,13981575,AS Roma,Kostas Tsimikas,D,Panchina,0,0,
16,13981575,AS Roma,Muhammed Bah,M,Panchina,0,0,
16,13981575,AS Roma,Angeliño,M,Panchina,0,0,
16,13981575,AS Roma,Niccolò Pisilli,M,Panchina,0,0,
16,13981579,Genoa,Nicola Leali,G,Titolare,0,0,
16,13981579,Genoa,Alessandro Marcandalli,D,Titolare,0,0,
16,13981579,Genoa,Sebastian Otoa,D,Titolare,0,0,
16,13981579,Genoa,Johan Vásquez,D,Titolare,0,0,
16,13981579,Genoa,Brooke Norton-Cuffy,D,Titolare,0,0,
16,13981579,Genoa,Ruslan Malinovskyi,M,Titolare,0,0,
16,13981579,Genoa,Morten Frendrup,M,Titolare,0,0,
16,13981579,Genoa,Mikael Ellertsson,M,Titolare,0,0,
16,13981579,Genoa,Aarón Martín,M,Titolare,0,0,
16,13981579,Genoa,Vitinha,F,Titolare,0,0,
16,13981579,Genoa,Caleb Ekuban,F,Titolare,0,0,
16,13981579,Genoa,Daniele Sommariva,G,Panchina,0,0,
16,13981579,Genoa,Morten Thorsby,M,Panchina,0,0,
16,13981579,Genoa,Lorenzo Colombo,F,Panchina,0,0,
16,13981579,Genoa,Patrizio Masini,M,Panchina,0,0,
16,13981579,Genoa,Ernestas Lysionok,G,Panchina,0,0,
16,13981579,Genoa,Leo Østigård,D,Panchina,0,0,
16,13981579,Genoa,Valentín Carboni,M,Panchina,0,0,
16,13981579,Genoa,Stefano Sabelli,M,Panchina,0,0,
16,13981579,Genoa,Nicolae Stanciu,M,Panchina,0,0,
16,13981579,Genoa,Jeff Ekhator,F,Panchina,0,0,
16,13981579,Genoa,Seydou Fini,F,Panchina,0,0,
16,13981579,Genoa,Lorenzo Venturino,F,Panchina,0,0,
16,13981579,Atalanta,Marco Carnesecchi,G,Titolare,0,0,
16,13981579,Atalanta,Marten de Roon,M,Titolare,0,0,
16,13981579,Atalanta,Isak Hien,D,Titolare,0,0,
16,13981579,Atalanta,Sead Kolašinac,D,Titolare,0,0,
16,13981579,Atalanta,Davide Zappacosta,M,Titolare,0,0,
16,13981579,Atalanta,Yunus Musah,M,Titolare,0,0,
16,13981579,Atalanta,Éderson,M,Titolare,0,0,
16,13981579,Atalanta,Lorenzo Bernasconi,M,Titolare,0,0,
16,13981579,Atalanta,Charles De Ketelaere,F,Titolare,0,0,
16,13981579,Atalanta,Daniel Maldini,F,Titolare,0,0,
16,13981579,Atalanta,Gianluca Scamacca,F,Titolare,0,0,
16,13981579,Atalanta,Lazar Samardžić,M,Panchina,0,0,
16,13981579,Atalanta,Nicola Zalewski,M,Panchina,0,0,
16,13981579,Atalanta,Kamaldeen Sulemana,F,Panchina,0,0,
16,13981579,Atalanta,Marco Brescianini,M,Panchina,0,0,
16,13981579,Atalanta,Nikola Krstović,F,Panchina,0,0,
16,13981579,Atalanta,Marco Sportiello,G,Panchina,0,0,
16,13981579,Atalanta,Francesco Rossi,G,Panchina,0,0,
16,13981579,Atalanta,Honest Ahanor,D,Panchina,0,0,
16,13981579,Atalanta,Giorgio Scalvini,D,Panchina,0,0,
16,13981580,Sassuolo,Arijanet Murić,G,Titolare,0,0,
16,13981580,Sassuolo,Sebastian Walukiewicz,D,Titolare,0,0,
16,13981580,Sassuolo,Jay Idzes,D,Titolare,0,0,
16,13981580,Sassuolo,Tarik Muharemović,D,Titolare,0,0,
16,13981580,Sassuolo,Josh Doig,D,Titolare,0,0,
16,13981580,Sassuolo,Aster Vranckx,M,Titolare,0,0,
16,13981580,Sassuolo,Nemanja Matić,M,Titolare,0,0,
16,13981580,Sassuolo,Ismael Koné,M,Titolare,0,0,
16,13981580,Sassuolo,Cristian Volpato,M,Titolare,0,0,
16,13981580,Sassuolo,Walid Cheddira,F,Titolare,0,0,
16,13981580,Sassuolo,Armand Laurienté,F,Titolare,0,0,
16,13981580,Sassuolo,Luca Lipani,M,Panchina,0,0,
16,13981580,Sassuolo,Luca Moro,F,Panchina,0,0,
16,13981580,Sassuolo,Fali Candé,D,Panchina,0,0,
16,13981580,Sassuolo,Alieu Fadera,F,Panchina,0,0,
16,13981580,Sassuolo,Nicholas Pierini,F,Panchina,0,0,
16,13981580,Sassuolo,Stefano Turati,G,Panchina,0,0,
16,13981580,Sassuolo,Giacomo Satalino,G,Panchina,0,0,
16,13981580,Sassuolo,Gioele Zacchi,G,Panchina,0,0,
16,13981580,Sassuolo,Cas Odenthal,D,Panchina,0,0,
16,13981580,Sassuolo,Edoardo Iannoni,M,Panchina,0,0,
16,13981580,Torino,Alberto Paleari,G,Titolare,0,0,
16,13981580,Torino,Adrien Tameze,D,Titolare,0,0,
16,13981580,Torino,Guillermo Maripán,D,Titolare,0,0,
16,13981580,Torino,Ardian Ismajli,D,Titolare,0,0,
16,13981580,Torino,Marcus Pedersen,M,Titolare,0,0,
16,13981580,Torino,Nikola Vlašić,M,Titolare,0,0,
16,13981580,Torino,Gvidas Gineitis,M,Titolare,0,0,
16,13981580,Torino,Kristjan Asllani,M,Titolare,0,0,
16,13981580,Torino,Valentino Lazaro,M,Titolare,0,0,
16,13981580,Torino,Che Adams,F,Titolare,0,0,
16,13981580,Torino,Duván Zapata,F,Titolare,0,0,
16,13981580,Torino,Ivan Ilić,M,Panchina,0,0,
16,13981580,Torino,Giovanni Simeone,F,Panchina,0,0,
16,13981580,Torino,Cyril Ngonge,F,Panchina,0,0,
16,13981580,Torino,Cristiano Biraghi,D,Panchina,0,0,
16,13981580,Torino,Cesare Casadei,M,Panchina,0,0,
16,13981580,Torino,Franco Israel,G,Panchina,0,0,
16,13981580,Torino,Mihai Popa,G,Panchina,0,0,
16,13981580,Torino,Saba Sazonov,D,Panchina,0,0,
16,13981580,Torino,Ali Dembélé,D,Panchina,0,0,
16,13981580,Torino,Niels Nkounkou,D,Panchina,0,0,
16,13981580,Torino,Emirhan İlkhan,M,Panchina,0,0,
16,13981580,Torino,Tino Anjorin,M,Panchina,0,0,
16,13981580,Torino,Alieu Njie,F,Panchina,0,0,
16,13981580,Torino,Zakaria Aboukhlal,F,Panchina,0,0,
16,13981581,Cagliari,Elia Caprile,G,Titolare,0,0,
16,13981581,Cagliari,Marco Palestra,M,Titolare,0,0,
16,13981581,Cagliari,Yerry Mina,D,Titolare,0,0,
16,13981581,Cagliari,Juan Rodríguez,D,Titolare,0,0,
16,13981581,Cagliari,Adam Obert,D,Titolare,0,0,
16,13981581,Cagliari,Michel Adopo,M,Titolare,0,0,
16,13981581,Cagliari,Alessandro Deiola,M,Titolare,0,0,
16,13981581,Cagliari,Michael Folorunsho,M,Titolare,0,0,
16,13981581,Cagliari,Gianluca Gaetano,M,Titolare,0,0,
16,13981581,Cagliari,Sebastiano Esposito,F,Titolare,0,0,
16,13981581,Cagliari,Semih Kılıçsoy,F,Titolare,0,0,
16,13981581,Cagliari,Riyad Idrissi,D,Panchina,0,0,
16,13981581,Cagliari,Gabriele Zappa,D,Panchina,0,0,
16,13981581,Cagliari,Luca Mazzitelli,M,Panchina,0,0,
16,13981581,Cagliari,Gennaro Borrelli,F,Panchina,0,0,
16,13981581,Cagliari,Nicolò Cavuoti,M,Panchina,0,0,
16,13981581,Cagliari,Giuseppe Ciocci,G,Panchina,0,0,
16,13981581,Cagliari,Boris Radunović,G,Panchina,0,0,
16,13981581,Cagliari,Nicola Pintus,D,Panchina,0,0,
16,13981581,Cagliari,Sebastiano Luperto,D,Panchina,0,0,
16,13981581,Cagliari,Marko Rog,M,Panchina,0,0,
16,13981581,Cagliari,Alessandro Di Pardo,M,Panchina,0,0,
16,13981581,Cagliari,Matteo Prati,M,Panchina,0,0,
16,13981581,Cagliari,Leonardo Pavoletti,F,Panchina,0,0,
16,13981581,Cagliari,Yael Trepy,F,Panchina,0,0,
16,13981581,Pisa,Adrian Šemper,G,Titolare,0,0,
16,13981581,Pisa,Simone Canestrelli,D,Titolare,0,0,
16,13981581,Pisa,Antonio Caracciolo,D,Titolare,0,0,
16,13981581,Pisa,Giovanni Bonfanti,D,Titolare,0,0,
16,13981581,Pisa,Idrissa Touré,M,Titolare,0,0,
16,13981581,Pisa,Gabriele Piccinini,M,Titolare,0,0,
16,13981581,Pisa,Michel Aebischer,M,Titolare,0,0,
16,13981581,Pisa,Malthe Højholt,M,Titolare,0,0,
16,13981581,Pisa,Samuele Angori,M,Titolare,0,0,
16,13981581,Pisa,Henrik Wendel Meister,F,Titolare,0,0,
16,13981581,Pisa,Matteo Tramoni,F,Titolare,0,0,
16,13981581,Pisa,Isak Vural,M,Panchina,0,0,
16,13981581,Pisa,Arturo Calabresi,D,Panchina,0,0,
16,13981581,Pisa,Stefano Moreo,F,Panchina,0,0,
16,13981581,Pisa,Lorran,M,Panchina,0,0,
16,13981581,Pisa,Mehdi Léris,M,Panchina,0,0,
16,13981581,Pisa,Simone Scuffet,G,Panchina,0,0,
16,13981581,Pisa,Nícolas,G,Panchina,0,0,
16,13981581,Pisa,Raúl Albiol,D,Panchina,0,0,
16,13981581,Pisa,Mateus Lusuardi,D,Panchina,0,0,
16,13981581,Pisa,Francesco Coppola,D,Panchina,0,0,
16,13981581,Pisa,Daniel Denoon,D,Panchina,0,0,
16,13981581,Pisa,Jeremy Kandje Mbambi,D,Panchina,0,0,
16,13981581,Pisa,Marius Marin,M,Panchina,0,0,
16,13981581,Pisa,Tomás Esteves,F,Panchina,0,0,
16,13981581,Pisa,Louis Buffon,F,Panchina,0,0,
16,14844287,Inter,Yann Sommer,G,Titolare,0,0,
16,14844287,Inter,Manuel Akanji,D,Titolare,0,0,
16,14844287,Inter,Francesco Acerbi,D,Titolare,0,0,
16,14844287,Inter,Alessandro Bastoni,D,Titolare,0,0,
16,14844287,Inter,Andy Diouf,M,Titolare,0,0,
16,14844287,Inter,Nicolò Barella,M,Titolare,0,0,
16,14844287,Inter,Piotr Zieliński,M,Titolare,0,0,
16,14844287,Inter,Henrikh Mkhitaryan,M,Titolare,0,0,
16,14844287,Inter,Carlos Augusto,D,Titolare,0,0,
16,14844287,Inter,Marcus Thuram,F,Titolare,0,0,
16,14844287,Inter,Ange-Yoan Bonny,F,Titolare,0,0,
16,14844287,Inter,Francesco Pio Esposito,F,Panchina,0,0,
16,14844287,Inter,Luís Henrique,M,Panchina,0,0,
16,14844287,Inter,Davide Frattesi,M,Panchina,0,0,
16,14844287,Inter,Lautaro Martínez,F,Panchina,0,0,
16,14844287,Inter,Petar Sučić,M,Panchina,0,0,
16,14844287,Inter,Alessandro Calligaris,G,Panchina,0,0,
16,14844287,Inter,Alain Taho,G,Panchina,0,0,
16,14844287,Inter,Matteo Darmian,D,Panchina,0,0,
16,14844287,Inter,Stefan de Vrij,D,Panchina,0,0,
16,14844287,Inter,Yann Bisseck,D,Panchina,0,0,
16,14844287,Inter,Federico Dimarco,M,Panchina,0,0,
16,14844287,Inter,Matteo Cocchi,M,Panchina,0,0,
16,14844287,Inter,Leonardo Bovo,M,Panchina,0,0,
16,14844287,Inter,Thomas Berenbruch,M,Panchina,0,0,
16,14844287,Lecce,Wladimiro Falcone,G,Titolare,0,0,
16,14844287,Lecce,Danilo Veiga,D,Titolare,0,0,
16,14844287,Lecce,Jamil Siebert,D,Titolare,0,0,
16,14844287,Lecce,Tiago Gabriel,D,Titolare,0,0,
16,14844287,Lecce,Antonino Gallo,D,Titolare,0,0,
16,14844287,Lecce,Lassana Coulibaly,M,Titolare,0,0,
16,14844287,Lecce,Youssef Maleh,M,Titolare,0,0,
16,14844287,Lecce,Santiago Pierotti,F,Titolare,0,0,
16,14844287,Lecce,Omri Gandelman,M,Titolare,0,0,
16,14844287,Lecce,Riccardo Sottil,F,Titolare,0,0,
16,14844287,Lecce,Nikola Štulić,F,Titolare,0,0,
16,14844287,Lecce,Tete Morente,F,Panchina,0,0,
16,14844287,Lecce,Mohamed Kaba,M,Panchina,0,0,
16,14844287,Lecce,N'Dri Konan,F,Panchina,0,0,
16,14844287,Lecce,Alex Sala,M,Panchina,0,0,
16,14844287,Lecce,Jasper Samooja,G,Panchina,0,0,
16,14844287,Lecce,Christian Früchtl,G,Panchina,0,0,
16,14844287,Lecce,Corrie Ndaba,D,Panchina,0,0,
16,14844287,Lecce,Christ-Owen Kouassi,D,Panchina,0,0,
16,14844287,Lecce,Gaby Jean,D,Panchina,0,0,
16,14844287,Lecce,Matías Pérez,D,Panchina,0,0,
16,14844287,Lecce,Olaf Gorter,M,Panchina,0,0,
16,14844287,Lecce,Þórir Jóhann Helgason,M,Panchina,0,0,
16,14844287,Lecce,Filip Marchwiński,M,Panchina,0,0,
16,14844287,Lecce,Oumar Ngom,M,Panchina,0,0,
16,14844293,Hellas Verona,Lorenzo Montipò,G,Titolare,0,0,
16,14844293,Hellas Verona,Unai Núñez,D,Titolare,0,0,
16,14844293,Hellas Verona,Victor Nelsson,D,Titolare,0,0,
16,14844293,Hellas Verona,Nicolás Valentini,D,Titolare,0,0,
16,14844293,Hellas Verona,Cheikh Niasse,M,Titolare,0,0,
16,14844293,Hellas Verona,Suat Serdar,M,Titolare,0,0,
16,14844293,Hellas Verona,Moatasem Al-Musrati,M,Titolare,0,0,
16,14844293,Hellas Verona,Antoine Bernede,M,Titolare,0,0,
16,14844293,Hellas Verona,Domagoj Bradarić,M,Titolare,0,0,
16,14844293,Hellas Verona,Amin Sarr,F,Titolare,0,0,
16,14844293,Hellas Verona,Gift Orban,F,Titolare,0,0,
16,14844293,Hellas Verona,Tobias Slotsager,D,Panchina,0,0,
16,14844293,Hellas Verona,Giovane,F,Panchina,0,0,
16,14844293,Hellas Verona,Roberto Gagliardini,M,Panchina,0,0,
16,14844293,Hellas Verona,Fallou Cham,D,Panchina,0,0,
16,14844293,Hellas Verona,Daniel Mosquera,F,Panchina,0,0,
16,14844293,Hellas Verona,Giacomo Toniolo,G,Panchina,0,0,
16,14844293,Hellas Verona,Simone Perilli,G,Panchina,0,0,
16,14844293,Hellas Verona,Enzo Ebosse,D,Panchina,0,0,
16,14844293,Hellas Verona,Daniel Oyegoke,M,Panchina,0,0,
16,14844293,Hellas Verona,Abdou Harroui,M,Panchina,0,0,
16,14844293,Hellas Verona,Isaac,F,Panchina,0,0,
16,14844293,Bologna,Federico Ravaglia,G,Titolare,0,0,
16,14844293,Bologna,Emil Holm,D,Titolare,0,0,
16,14844293,Bologna,Martin Vitík,D,Titolare,0,0,
16,14844293,Bologna,Torbjørn Heggem,D,Titolare,0,0,
16,14844293,Bologna,Juan Miranda,D,Titolare,0,0,
16,14844293,Bologna,Remo Freuler,M,Titolare,0,0,
16,14844293,Bologna,Tommaso Pobega,M,Titolare,0,0,
16,14844293,Bologna,Riccardo Orsolini,M,Titolare,0,0,
16,14844293,Bologna,Jens Odgaard,M,Titolare,0,0,
16,14844293,Bologna,Benjamín Domínguez,M,Titolare,0,0,
16,14844293,Bologna,Santiago Castro,F,Titolare,0,0,
16,14844293,Bologna,Nikola Moro,M,Panchina,0,0,
16,14844293,Bologna,Ciro Immobile,F,Panchina,0,0,
16,14844293,Bologna,Lewis Ferguson,M,Panchina,0,0,
16,14844293,Bologna,Nadir Zortea,D,Panchina,0,0,
16,14844293,Bologna,Giovanni Fabbian,M,Panchina,0,0,
16,14844293,Bologna,Massimo Pessina,G,Panchina,0,0,
16,14844293,Bologna,Łukasz Skorupski,G,Panchina,0,0,
16,14844293,Bologna,Charalampos Lykogiannis,D,Panchina,0,0,
16,14844293,Bologna,Nicolò Casale,D,Panchina,0,0,
16,14844293,Bologna,Lorenzo De Silvestri,D,Panchina,0,0,
16,14844293,Bologna,Sulemana,M,Panchina,0,0,
16,14844293,Bologna,Jonathan Rowe,F,Panchina,0,0,
16,14844293,Bologna,Thijs Dallinga,F,Panchina,0,0,
16,14844295,SSC Napoli,Vanja Milinković-Savić,G,Titolare,0,0,
16,14844295,SSC Napoli,Giovanni Di Lorenzo,D,Titolare,0,0,
16,14844295,SSC Napoli,Amir Rrahmani,D,Titolare,0,0,
16,14844295,SSC Napoli,Alessandro Buongiorno,D,Titolare,0,0,
16,14844295,SSC Napoli,Pasquale Mazzocchi,M,Titolare,0,0,
16,14844295,SSC Napoli,Stanislav Lobotka,M,Titolare,0,0,
16,14844295,SSC Napoli,Scott McTominay,M,Titolare,0,0,
16,14844295,SSC Napoli,Mathías Olivera,D,Titolare,0,0,
16,14844295,SSC Napoli,Matteo Politano,M,Titolare,0,0,
16,14844295,SSC Napoli,Noa Lang,F,Titolare,0,0,
16,14844295,SSC Napoli,Rasmus Højlund,F,Titolare,0,0,
16,14844295,SSC Napoli,Leonardo Spinazzola,D,Panchina,0,0,
16,14844295,SSC Napoli,Eljif Elmas,M,Panchina,0,0,
16,14844295,SSC Napoli,David Neres,F,Panchina,0,0,
16,14844295,SSC Napoli,Antonio Vergara,F,Panchina,0,0,
16,14844295,SSC Napoli,Lorenzo Lucca,F,Panchina,0,0,
16,14844295,SSC Napoli,Nikita Contini,G,Panchina,0,0,
16,14844295,SSC Napoli,Mathias Ferrante,G,Panchina,0,0,
16,14844295,SSC Napoli,Miguel Gutiérrez,D,Panchina,0,0,
16,14844295,SSC Napoli,Sam Beukema,D,Panchina,0,0,
16,14844295,SSC Napoli,Luca Marianucci,D,Panchina,0,0,
16,14844295,SSC Napoli,Giuseppe Ambrosino,F,Panchina,0,0,
16,14844295,Parma,Filippo Rinaldi,G,Titolare,0,0,
16,14844295,Parma,Alessandro Circati,D,Titolare,0,0,
16,14844295,Parma,Mariano Troilo,D,Titolare,0,0,
16,14844295,Parma,Lautaro Valenti,D,Titolare,0,0,
16,14844295,Parma,Sascha Britschgi,D,Titolare,0,0,
16,14844295,Parma,Mandela Keita,M,Titolare,0,0,
16,14844295,Parma,Nahuel Estévez,M,Titolare,0,0,
16,14844295,Parma,Christian Ordoñez,M,Titolare,0,0,
16,14844295,Parma,Oliver Sørensen,M,Titolare,0,0,
16,14844295,Parma,Jacob Ondrejka,F,Titolare,0,0,
16,14844295,Parma,Patrick Cutrone,F,Titolare,0,0,
16,14844295,Parma,Emanuele Valeri,M,Panchina,0,0,
16,14844295,Parma,Adrián Bernabé,M,Panchina,0,0,
16,14844295,Parma,Mateo Pellegrino,F,Panchina,0,0,
16,14844295,Parma,Enrico Delprato,D,Panchina,0,0,
16,14844295,Parma,Adrian Benedyczak,F,Panchina,0,0,
16,14844295,Parma,Edoardo Corvi,G,Panchina,0,0,
16,14844295,Parma,Gabriele Casentini,G,Panchina,0,0,
16,14844295,Parma,Dominik Drobnic ,D,Panchina,0,0,
16,14844295,Parma,Gaetano Oristanio,M,Panchina,0,0,
16,14844295,Parma,Benjamin Cremaschi,M,Panchina,0,0,
16,14844295,Parma,Milan Đurić,F,Panchina,0,0,
16,14844296,Como,Jean Butez,G,Titolare,0,0,
16,14844296,Como,Ignace Van der Brempt,D,Titolare,0,0,
16,14844296,Como,Jacobo Ramón,D,Titolare,0,0,
16,14844296,Como,Marc Kempf,D,Titolare,0,0,
16,14844296,Como,Alberto Moreno,D,Titolare,0,0,
16,14844296,Como,Máximo Perrone,M,Titolare,0,0,
16,14844296,Como,Lucas Da Cunha,M,Titolare,0,0,
16,14844296,Como,Mërgim Vojvoda,D,Titolare,0,0,
16,14844296,Como,Nico Paz,M,Titolare,0,0,
16,14844296,Como,Martin Baturina,M,Titolare,0,0,
16,14844296,Como,Anastasios Douvikas,F,Titolare,0,0,
16,14844296,Como,Diego Carlos,D,Panchina,0,0,
16,14844296,Como,Jesús Rodriguez,M,Panchina,0,0,
16,14844296,Como,Maxence Caqueret,M,Panchina,0,0,
16,14844296,Como,Nicolas-Gerrit Kühn,F,Panchina,0,0,
16,14844296,Como,Sergi Roberto,M,Panchina,0,0,
16,14844296,Como,Noel Törnqvist,G,Panchina,0,0,
16,14844296,Como,Mauro Vigorito,G,Panchina,0,0,
16,14844296,Como,Ivan Smolčić,D,Panchina,0,0,
16,14844296,Como,Stefan Posch,D,Panchina,0,0,
16,14844296,Como,Alberto Dossena,D,Panchina,0,0,
16,14844296,Como,Álex Valle,D,Panchina,0,0,
16,14844296,Como,Andrea Le Borgne,M,Panchina,0,0,
16,14844296,Como,Alberto Cerri,F,Panchina,0,0,
16,14844296,AC Milan,Mike Maignan,G,Titolare,0,0,
16,14844296,AC Milan,Fikayo Tomori,D,Titolare,0,0,
16,14844296,AC Milan,Matteo Gabbia,D,Titolare,0,0,
16,14844296,AC Milan,Koni De Winter,D,Titolare,0,0,
16,14844296,AC Milan,Alexis Saelemaekers,M,Titolare,0,0,
16,14844296,AC Milan,Youssouf Fofana,M,Titolare,0,0,
16,14844296,AC Milan,Luka Modrić,M,Titolare,0,0,
16,14844296,AC Milan,Adrien Rabiot,M,Titolare,0,0,
16,14844296,AC Milan,Davide Bartesaghi,M,Titolare,0,0,
16,14844296,AC Milan,Christopher Nkunku,F,Titolare,0,0,
16,14844296,AC Milan,Rafael Leão,F,Titolare,0,0,
16,14844296,AC Milan,Niclas Füllkrug,F,Panchina,0,0,
16,14844296,AC Milan,Ruben Loftus-Cheek,M,Panchina,0,0,
16,14844296,AC Milan,Samuele Ricci,M,Panchina,0,0,
16,14844296,AC Milan,Zachary Athekame,D,Panchina,0,0,
16,14844296,AC Milan,Ardon Jashari,M,Panchina,0,0,
16,14844296,AC Milan,Lorenzo Torriani,G,Panchina,0,0,
16,14844296,AC Milan,Pietro Terracciano,G,Panchina,0,0,
16,14844296,AC Milan,Matteo Duțu,D,Panchina,0,0,
16,14844296,AC Milan,David Odogu,D,Panchina,0,0,
16,14844296,AC Milan,Pervis Estupiñán,M,Panchina,0,0,
16,14844296,AC Milan,Christian Pulišić,F,Panchina,0,0,
16,14844296,AC Milan,Alex Castiello,F,Panchina,0,0,
17,13981582,Cremonese,Emil Audero,G,Titolare,0,0,
17,13981582,Cremonese,Filippo Terracciano,D,Titolare,0,0,
17,13981582,Cremonese,Federico Baschirotto,D,Titolare,0,0,
17,13981582,Cremonese,Matteo Bianchetti,D,Titolare,0,0,
17,13981582,Cremonese,Tommaso Barbieri,M,Titolare,0,0,
17,13981582,Cremonese,Alessio Zerbin,M,Titolare,0,0,
17,13981582,Cremonese,Alberto Grassi,M,Titolare,0,0,
17,13981582,Cremonese,Martín Payero,M,Titolare,0,0,
17,13981582,Cremonese,Giuseppe Pezzella,M,Titolare,0,0,
17,13981582,Cremonese,Antonio Sanabria,F,Titolare,0,0,
17,13981582,Cremonese,Jamie Vardy,F,Titolare,0,0,
17,13981582,Cremonese,Faris Moumbagna,F,Panchina,0,0,
17,13981582,Cremonese,Dennis Johnsen,F,Panchina,0,0,
17,13981582,Cremonese,Warren Bondo,M,Panchina,0,0,
17,13981582,Cremonese,Federico Bonazzoli,F,Panchina,0,0,
17,13981582,Cremonese,Romano Floriani Mussolini,M,Panchina,0,0,
17,13981582,Cremonese,Marco Silvestri,G,Panchina,0,0,
17,13981582,Cremonese,Lapo Nava,G,Panchina,0,0,
17,13981582,Cremonese,Francesco Folino,D,Panchina,0,0,
17,13981582,Cremonese,Mikayil Faye,D,Panchina,0,0,
17,13981582,Cremonese,Franco Vázquez,M,Panchina,0,0,
17,13981582,Cremonese,Jeremy Sarmiento,M,Panchina,0,0,
17,13981582,Cremonese,Jari Vandeputte,M,Panchina,0,0,
17,13981582,Cremonese,Dachi Lordkipanidze,M,Panchina,0,0,
17,13981582,Cremonese,Mattia Valoti,M,Panchina,0,0,
17,13981582,SSC Napoli,Vanja Milinković-Savić,G,Titolare,0,0,
17,13981582,SSC Napoli,Giovanni Di Lorenzo,D,Titolare,0,0,
17,13981582,SSC Napoli,Amir Rrahmani,D,Titolare,0,0,
17,13981582,SSC Napoli,Juan Jesus,D,Titolare,0,0,
17,13981582,SSC Napoli,Matteo Politano,M,Titolare,0,0,
17,13981582,SSC Napoli,Stanislav Lobotka,M,Titolare,0,0,
17,13981582,SSC Napoli,Scott McTominay,M,Titolare,0,0,
17,13981582,SSC Napoli,Leonardo Spinazzola,D,Titolare,0,0,
17,13981582,SSC Napoli,David Neres,F,Titolare,0,0,
17,13981582,SSC Napoli,Eljif Elmas,M,Titolare,0,0,
17,13981582,SSC Napoli,Rasmus Højlund,F,Titolare,0,0,
17,13981582,SSC Napoli,Miguel Gutiérrez,D,Panchina,0,0,
17,13981582,SSC Napoli,Noa Lang,F,Panchina,0,0,
17,13981582,SSC Napoli,Alessandro Buongiorno,D,Panchina,0,0,
17,13981582,SSC Napoli,Pasquale Mazzocchi,M,Panchina,0,0,
17,13981582,SSC Napoli,Lorenzo Lucca,F,Panchina,0,0,
17,13981582,SSC Napoli,Mathias Ferrante,G,Panchina,0,0,
17,13981582,SSC Napoli,Nikita Contini,G,Panchina,0,0,
17,13981582,SSC Napoli,Luca Marianucci,D,Panchina,0,0,
17,13981582,SSC Napoli,Antonio Vergara,F,Panchina,0,0,
17,13981582,SSC Napoli,Giuseppe Ambrosino,F,Panchina,0,0,
17,13981583,Udinese,Daniele Padelli,G,Titolare,0,0,
17,13981583,Udinese,Thomas Kristensen,D,Titolare,0,0,
17,13981583,Udinese,Christian Kabasele,D,Titolare,0,0,
17,13981583,Udinese,Oumar Solet,D,Titolare,0,0,
17,13981583,Udinese,Alessandro Zanoli,M,Titolare,0,0,
17,13981583,Udinese,Jakub Piotrowski,M,Titolare,0,0,
17,13981583,Udinese,Jesper Karlström,M,Titolare,0,0,
17,13981583,Udinese,Jürgen Ekkelenkamp,M,Titolare,0,0,
17,13981583,Udinese,Nicolò Bertola,D,Titolare,0,0,
17,13981583,Udinese,Nicolò Zaniolo,F,Titolare,0,0,
17,13981583,Udinese,Keinan Davis,F,Titolare,0,0,
17,13981583,Udinese,Hassane Kamara,M,Panchina,0,0,
17,13981583,Udinese,Matteo Palma,D,Panchina,0,0,
17,13981583,Udinese,Lennon Miller,M,Panchina,0,0,
17,13981583,Udinese,Adam Buksa,F,Panchina,0,0,
17,13981583,Udinese,Răzvan Sava,G,Panchina,0,0,
17,13981583,Udinese,Alessandro Nunziante,G,Panchina,0,0,
17,13981583,Udinese,Sandi Lovrić,M,Panchina,0,0,
17,13981583,Udinese,Kingsley Ehizibue,M,Panchina,0,0,
17,13981583,Udinese,Abdoulaye Camara,M,Panchina,0,0,
17,13981583,Udinese,Oier Zarraga,M,Panchina,0,0,
17,13981583,Udinese,Idrissa Gueye,F,Panchina,0,0,
17,13981583,Lazio,Ivan Provedel,G,Titolare,0,0,
17,13981583,Lazio,Adam Marušić,D,Titolare,0,0,
17,13981583,Lazio,Mario Gila,D,Titolare,0,0,
17,13981583,Lazio,Alessio Romagnoli,D,Titolare,0,0,
17,13981583,Lazio,Luca Pellegrini,D,Titolare,0,0,
17,13981583,Lazio,Reda Belahyane,M,Titolare,0,0,
17,13981583,Lazio,Danilo Cataldi,M,Titolare,0,0,
17,13981583,Lazio,Matías Vecino,M,Titolare,0,0,
17,13981583,Lazio,Matteo Cancellieri,F,Titolare,0,0,
17,13981583,Lazio,Tijjani Noslin,F,Titolare,0,0,
17,13981583,Lazio,Mattia Zaccagni,F,Titolare,0,0,
17,13981583,Lazio,Valentín Castellanos,F,Panchina,0,0,
17,13981583,Lazio,Gustav Isaksen,F,Panchina,0,0,
17,13981583,Lazio,Manuel Lazzari,D,Panchina,0,0,
17,13981583,Lazio,Oliver Provstgaard,D,Panchina,0,0,
17,13981583,Lazio,Alessio Furlanetto,G,Panchina,0,0,
17,13981583,Lazio,Christos Mandas,G,Panchina,0,0,
17,13981583,Lazio,Nuno Tavares,D,Panchina,0,0,
17,13981583,Lazio,Patric,D,Panchina,0,0,
17,13981583,Lazio,Valerio Farcomeni,M,Panchina,0,0,
17,13981583,Lazio,Saná Fernandes,F,Panchina,0,0,
17,13981583,Lazio,Pedro,F,Panchina,0,0,
17,13981584,Torino,Alberto Paleari,G,Titolare,0,0,
17,13981584,Torino,Adrien Tameze,D,Titolare,0,0,
17,13981584,Torino,Guillermo Maripán,D,Titolare,0,0,
17,13981584,Torino,Ardian Ismajli,D,Titolare,0,0,
17,13981584,Torino,Marcus Pedersen,M,Titolare,0,0,
17,13981584,Torino,Gvidas Gineitis,M,Titolare,0,0,
17,13981584,Torino,Kristjan Asllani,M,Titolare,0,0,
17,13981584,Torino,Valentino Lazaro,M,Titolare,0,0,
17,13981584,Torino,Nikola Vlašić,M,Titolare,0,0,
17,13981584,Torino,Giovanni Simeone,F,Titolare,0,0,
17,13981584,Torino,Che Adams,F,Titolare,0,0,
17,13981584,Torino,Niels Nkounkou,D,Panchina,0,0,
17,13981584,Torino,Duván Zapata,F,Panchina,0,0,
17,13981584,Torino,Cyril Ngonge,F,Panchina,0,0,
17,13981584,Torino,Emirhan İlkhan,M,Panchina,0,0,
17,13981584,Torino,Zakaria Aboukhlal,F,Panchina,0,0,
17,13981584,Torino,Franco Israel,G,Panchina,0,0,
17,13981584,Torino,Mihai Popa,G,Panchina,0,0,
17,13981584,Torino,Cristiano Biraghi,D,Panchina,0,0,
17,13981584,Torino,Saba Sazonov,D,Panchina,0,0,
17,13981584,Torino,Mattia Pellini,D,Panchina,0,0,
17,13981584,Torino,Ali Dembélé,D,Panchina,0,0,
17,13981584,Torino,Tino Anjorin,M,Panchina,0,0,
17,13981584,Torino,Cesare Casadei,M,Panchina,0,0,
17,13981584,Torino,Alieu Njie,F,Panchina,0,0,
17,13981584,Cagliari,Elia Caprile,G,Titolare,0,0,
17,13981584,Cagliari,Gabriele Zappa,D,Titolare,0,0,
17,13981584,Cagliari,Alessandro Deiola,M,Titolare,0,0,
17,13981584,Cagliari,Sebastiano Luperto,D,Titolare,0,0,
17,13981584,Cagliari,Marco Palestra,M,Titolare,0,0,
17,13981584,Cagliari,Michel Adopo,M,Titolare,0,0,
17,13981584,Cagliari,Matteo Prati,M,Titolare,0,0,
17,13981584,Cagliari,Luca Mazzitelli,M,Titolare,0,0,
17,13981584,Cagliari,Riyad Idrissi,D,Titolare,0,0,
17,13981584,Cagliari,Gianluca Gaetano,M,Titolare,0,0,
17,13981584,Cagliari,Semih Kılıçsoy,F,Titolare,0,0,
17,13981584,Cagliari,Sebastiano Esposito,F,Panchina,0,0,
17,13981584,Cagliari,Nicolò Cavuoti,M,Panchina,0,0,
17,13981584,Cagliari,Gennaro Borrelli,F,Panchina,0,0,
17,13981584,Cagliari,Adam Obert,D,Panchina,0,0,
17,13981584,Cagliari,Giuseppe Ciocci,G,Panchina,0,0,
17,13981584,Cagliari,Boris Radunović,G,Panchina,0,0,
17,13981584,Cagliari,Nicola Pintus,D,Panchina,0,0,
17,13981584,Cagliari,Andrea Cogoni,D,Panchina,0,0,
17,13981584,Cagliari,Marko Rog,M,Panchina,0,0,
17,13981584,Cagliari,Alessandro Di Pardo,M,Panchina,0,0,
17,13981584,Cagliari,Leonardo Pavoletti,F,Panchina,0,0,
17,13981584,Cagliari,Yael Trepy,F,Panchina,0,0,
17,13981585,Pisa,Adrian Šemper,G,Titolare,0,0,
17,13981585,Pisa,Arturo Calabresi,D,Titolare,0,0,
17,13981585,Pisa,Antonio Caracciolo,D,Titolare,0,0,
17,13981585,Pisa,Simone Canestrelli,D,Titolare,0,0,
17,13981585,Pisa,Idrissa Touré,M,Titolare,0,0,
17,13981585,Pisa,Mehdi Léris,M,Titolare,0,0,
17,13981585,Pisa,Michel Aebischer,M,Titolare,0,0,
17,13981585,Pisa,Isak Vural,M,Titolare,0,0,
17,13981585,Pisa,Samuele Angori,M,Titolare,0,0,
17,13981585,Pisa,Stefano Moreo,F,Titolare,0,0,
17,13981585,Pisa,Matteo Tramoni,F,Titolare,0,0,
17,13981585,Pisa,Giovanni Bonfanti,D,Panchina,0,0,
17,13981585,Pisa,Malthe Højholt,M,Panchina,0,0,
17,13981585,Pisa,Lorran,M,Panchina,0,0,
17,13981585,Pisa,Marius Marin,M,Panchina,0,0,
17,13981585,Pisa,Louis Buffon,F,Panchina,0,0,
17,13981585,Pisa,Nícolas,G,Panchina,0,0,
17,13981585,Pisa,Simone Scuffet,G,Panchina,0,0,
17,13981585,Pisa,Daniel Denoon,D,Panchina,0,0,
17,13981585,Pisa,Raúl Albiol,D,Panchina,0,0,
17,13981585,Pisa,Francesco Coppola,D,Panchina,0,0,
17,13981585,Pisa,Jeremy Kandje Mbambi,D,Panchina,0,0,
17,13981585,Pisa,Giacomo Maucci,M,Panchina,0,0,
17,13981585,Pisa,Gabriele Piccinini,M,Panchina,0,0,
17,13981585,Pisa,Tomás Esteves,F,Panchina,0,0,
17,13981585,Juventus,Michele Di Gregorio,G,Titolare,0,0,
17,13981585,Juventus,Pierre Kalulu,D,Titolare,0,0,
17,13981585,Juventus,Bremer,D,Titolare,0,0,
17,13981585,Juventus,Lloyd Kelly,D,Titolare,0,0,
17,13981585,Juventus,Andrea Cambiaso,M,Titolare,0,0,
17,13981585,Juventus,Manuel Locatelli,M,Titolare,0,0,
17,13981585,Juventus,Khéphren Thuram,M,Titolare,0,0,
17,13981585,Juventus,Weston McKennie,M,Titolare,0,0,
17,13981585,Juventus,Teun Koopmeiners,M,Titolare,0,0,
17,13981585,Juventus,Kenan Yıldız,F,Titolare,0,0,
17,13981585,Juventus,Loïs Openda,F,Titolare,0,0,
17,13981585,Juventus,Jonathan David,F,Panchina,0,0,
17,13981585,Juventus,Edon Zhegrova,F,Panchina,0,0,
17,13981585,Juventus,Filip Kostić,M,Panchina,0,0,
17,13981585,Juventus,Fabio Miretti,M,Panchina,0,0,
17,13981585,Juventus,João Mário,D,Panchina,0,0,
17,13981585,Juventus,Mattia Perin,G,Panchina,0,0,
17,13981585,Juventus,Simone Scaglia,G,Panchina,0,0,
17,13981585,Juventus,Pedro Felipe,D,Panchina,0,0,
17,13981585,Juventus,Jonas Rouhi,D,Panchina,0,0,
17,13981585,Juventus,Vasilije Adžić,M,Panchina,0,0,
17,13981585,Juventus,Arkadiusz Milik,F,Panchina,0,0,
17,13981586,AS Roma,Mile Svilar,G,Titolare,0,0,
17,13981586,AS Roma,Gianluca Mancini,D,Titolare,0,0,
17,13981586,AS Roma,Jan Ziółkowski,D,Titolare,0,0,
17,13981586,AS Roma,Mario Hermoso,D,Titolare,0,0,
17,13981586,AS Roma,Zeki Çelik,D,Titolare,0,0,
17,13981586,AS Roma,Bryan Cristante,M,Titolare,0,0,
17,13981586,AS Roma,Manu Koné,M,Titolare,0,0,
17,13981586,AS Roma,Wesley,M,Titolare,0,0,
17,13981586,AS Roma,Matías Soulé,F,Titolare,0,0,
17,13981586,AS Roma,Paulo Dybala,F,Titolare,0,0,
17,13981586,AS Roma,Evan Ferguson,F,Titolare,0,0,
17,13981586,AS Roma,Stephan El Shaarawy,F,Panchina,0,0,
17,13981586,AS Roma,Daniele Ghilardi,D,Panchina,0,0,
17,13981586,AS Roma,Niccolò Pisilli,M,Panchina,0,0,
17,13981586,AS Roma,Devyne Rensch,M,Panchina,0,0,
17,13981586,AS Roma,Artem Dovbyk,F,Panchina,0,0,
17,13981586,AS Roma,Devis Vásquez,G,Panchina,0,0,
17,13981586,AS Roma,Pierluigi Gollini,G,Panchina,0,0,
17,13981586,AS Roma,Jacopo Mirra,D,Panchina,0,0,
17,13981586,AS Roma,Kostas Tsimikas,D,Panchina,0,0,
17,13981586,AS Roma,Angeliño,M,Panchina,0,0,
17,13981586,AS Roma,Alessandro Romano,M,Panchina,0,0,
17,13981586,Genoa,Daniele Sommariva,G,Titolare,0,0,
17,13981586,Genoa,Leo Østigård,D,Titolare,0,0,
17,13981586,Genoa,Sebastian Otoa,D,Titolare,0,0,
17,13981586,Genoa,Johan Vásquez,D,Titolare,0,0,
17,13981586,Genoa,Brooke Norton-Cuffy,D,Titolare,0,0,
17,13981586,Genoa,Ruslan Malinovskyi,M,Titolare,0,0,
17,13981586,Genoa,Morten Frendrup,M,Titolare,0,0,
17,13981586,Genoa,Mikael Ellertsson,M,Titolare,0,0,
17,13981586,Genoa,Aarón Martín,M,Titolare,0,0,
17,13981586,Genoa,Caleb Ekuban,F,Titolare,0,0,
17,13981586,Genoa,Vitinha,F,Titolare,0,0,
17,13981586,Genoa,Alessandro Marcandalli,D,Panchina,0,0,
17,13981586,Genoa,Seydou Fini,F,Panchina,0,0,
17,13981586,Genoa,Lorenzo Colombo,F,Panchina,0,0,
17,13981586,Genoa,Jeff Ekhator,F,Panchina,0,0,
17,13981586,Genoa,Patrizio Masini,M,Panchina,0,0,
17,13981586,Genoa,Ernestas Lysionok,G,Panchina,0,0,
17,13981586,Genoa,Rendijs Mihelsons,G,Panchina,0,0,
17,13981586,Genoa,Morten Thorsby,M,Panchina,0,0,
17,13981586,Genoa,Stefano Sabelli,M,Panchina,0,0,
17,13981586,Genoa,Nicolae Stanciu,M,Panchina,0,0,
17,13981586,Genoa,Valentín Carboni,M,Panchina,0,0,
17,13981586,Genoa,Hugo Cuenca,M,Panchina,0,0,
17,13981586,Genoa,Lorenzo Venturino,F,Panchina,0,0,
17,13981587,Parma,Edoardo Corvi,G,Titolare,0,0,
17,13981587,Parma,Sascha Britschgi,D,Titolare,0,0,
17,13981587,Parma,Alessandro Circati,D,Titolare,0,0,
17,13981587,Parma,Lautaro Valenti,D,Titolare,0,0,
17,13981587,Parma,Emanuele Valeri,M,Titolare,0,0,
17,13981587,Parma,Adrián Bernabé,M,Titolare,0,0,
17,13981587,Parma,Mandela Keita,M,Titolare,0,0,
17,13981587,Parma,Oliver Sørensen,M,Titolare,0,0,
17,13981587,Parma,Adrian Benedyczak,F,Titolare,0,0,
17,13981587,Parma,Mateo Pellegrino,F,Titolare,0,0,
17,13981587,Parma,Jacob Ondrejka,F,Titolare,0,0,
17,13981587,Parma,Gaetano Oristanio,M,Panchina,0,0,
17,13981587,Parma,Nahuel Estévez,M,Panchina,0,0,
17,13981587,Parma,Christian Ordoñez,M,Panchina,0,0,
17,13981587,Parma,Benjamin Cremaschi,M,Panchina,0,0,
17,13981587,Parma,Milan Đurić,F,Panchina,0,0,
17,13981587,Parma,Vicente Guaita,G,Panchina,0,0,
17,13981587,Parma,Filippo Rinaldi,G,Panchina,0,0,
17,13981587,Parma,Mathias Løvik,D,Panchina,0,0,
17,13981587,Parma,Mariano Troilo,D,Panchina,0,0,
17,13981587,Parma,Nicolas Trabucchi,D,Panchina,0,0,
17,13981587,Parma,Enrico Delprato,D,Panchina,0,0,
17,13981587,Parma,Hernani,M,Panchina,0,0,
17,13981587,Parma,Tjaš Begić,F,Panchina,0,0,
17,13981587,Parma,Patrick Cutrone,F,Panchina,0,0,
17,13981587,Parma,Pontus Almqvist,F,Panchina,0,0,
17,13981587,Fiorentina,David De Gea,G,Titolare,0,0,
17,13981587,Fiorentina,Dodô,M,Titolare,0,0,
17,13981587,Fiorentina,Pietro Comuzzo,D,Titolare,0,0,
17,13981587,Fiorentina,Marin Pongračić,D,Titolare,0,0,
17,13981587,Fiorentina,Fabiano Parisi,D,Titolare,0,0,
17,13981587,Fiorentina,Rolando Mandragora,M,Titolare,0,0,
17,13981587,Fiorentina,Nicolò Fagioli,M,Titolare,0,0,
17,13981587,Fiorentina,Cher Ndour,M,Titolare,0,0,
17,13981587,Fiorentina,Mattia Viti,D,Titolare,0,0,
17,13981587,Fiorentina,Moise Kean,F,Titolare,0,0,
17,13981587,Fiorentina,Albert Guðmundsson,F,Titolare,0,0,
17,13981587,Fiorentina,Niccolò Fortini,D,Panchina,0,0,
17,13981587,Fiorentina,Roberto Piccoli,F,Panchina,0,0,
17,13981587,Fiorentina,Robin Gosens,D,Panchina,0,0,
17,13981587,Fiorentina,Simon Sohm,M,Panchina,0,0,
17,13981587,Fiorentina,Eddy Kouadio,D,Panchina,0,0,
17,13981587,Fiorentina,Luca Lezzerini,G,Panchina,0,0,
17,13981587,Fiorentina,Tommaso Martinelli,G,Panchina,0,0,
17,13981587,Fiorentina,Eman Košpo,D,Panchina,0,0,
17,13981587,Fiorentina,Hans Nicolussi Caviglia,M,Panchina,0,0,
17,13981587,Fiorentina,Christian Kouamé,F,Panchina,0,0,
17,13981587,Fiorentina,Edin Džeko,F,Panchina,0,0,
17,13981588,AC Milan,Mike Maignan,G,Titolare,0,0,
17,13981588,AC Milan,Fikayo Tomori,D,Titolare,0,0,
17,13981588,AC Milan,Koni De Winter,D,Titolare,0,0,
17,13981588,AC Milan,Strahinja Pavlović,D,Titolare,0,0,
17,13981588,AC Milan,Alexis Saelemaekers,M,Titolare,0,0,
17,13981588,AC Milan,Ruben Loftus-Cheek,M,Titolare,0,0,
17,13981588,AC Milan,Luka Modrić,M,Titolare,0,0,
17,13981588,AC Milan,Adrien Rabiot,M,Titolare,0,0,
17,13981588,AC Milan,Davide Bartesaghi,M,Titolare,0,0,
17,13981588,AC Milan,Christopher Nkunku,F,Titolare,0,0,
17,13981588,AC Milan,Christian Pulišić,F,Titolare,0,0,
17,13981588,AC Milan,Ardon Jashari,M,Panchina,0,0,
17,13981588,AC Milan,Youssouf Fofana,M,Panchina,0,0,
17,13981588,AC Milan,Zachary Athekame,D,Panchina,0,0,
17,13981588,AC Milan,Samuele Ricci,M,Panchina,0,0,
17,13981588,AC Milan,David Odogu,D,Panchina,0,0,
17,13981588,AC Milan,Lorenzo Torriani,G,Panchina,0,0,
17,13981588,AC Milan,Pietro Terracciano,G,Panchina,0,0,
17,13981588,AC Milan,Pervis Estupiñán,M,Panchina,0,0,
17,13981588,AC Milan,Alex Castiello,F,Panchina,0,0,
17,13981588,Hellas Verona,Lorenzo Montipò,G,Titolare,0,0,
17,13981588,Hellas Verona,Unai Núñez,D,Titolare,0,0,
17,13981588,Hellas Verona,Victor Nelsson,D,Titolare,0,0,
17,13981588,Hellas Verona,Armel Bella-Kotchap,D,Titolare,0,0,
17,13981588,Hellas Verona,Daniel Oyegoke,M,Titolare,0,0,
17,13981588,Hellas Verona,Cheikh Niasse,M,Titolare,0,0,
17,13981588,Hellas Verona,Moatasem Al-Musrati,M,Titolare,0,0,
17,13981588,Hellas Verona,Antoine Bernede,M,Titolare,0,0,
17,13981588,Hellas Verona,Domagoj Bradarić,M,Titolare,0,0,
17,13981588,Hellas Verona,Giovane,F,Titolare,0,0,
17,13981588,Hellas Verona,Daniel Mosquera,F,Titolare,0,0,
17,13981588,Hellas Verona,Amin Sarr,F,Panchina,0,0,
17,13981588,Hellas Verona,Gift Orban,F,Panchina,0,0,
17,13981588,Hellas Verona,Nicolás Valentini,D,Panchina,0,0,
17,13981588,Hellas Verona,Suat Serdar,M,Panchina,0,0,
17,13981588,Hellas Verona,Abdou Harroui,M,Panchina,0,0,
17,13981588,Hellas Verona,Giacomo Toniolo,G,Panchina,0,0,
17,13981588,Hellas Verona,Simone Perilli,G,Panchina,0,0,
17,13981588,Hellas Verona,Tobias Slotsager,D,Panchina,0,0,
17,13981588,Hellas Verona,Enzo Ebosse,D,Panchina,0,0,
17,13981588,Hellas Verona,Fallou Cham,D,Panchina,0,0,
17,13981588,Hellas Verona,Grigoris Kastanos,M,Panchina,0,0,
17,13981588,Hellas Verona,Yellu Santiago,M,Panchina,0,0,
17,13981588,Hellas Verona,Roberto Gagliardini,M,Panchina,0,0,
17,13981588,Hellas Verona,Junior Ajayi,F,Panchina,0,0,
17,13981589,Bologna,Federico Ravaglia,G,Titolare,0,0,
17,13981589,Bologna,Nadir Zortea,D,Titolare,0,0,
17,13981589,Bologna,Martin Vitík,D,Titolare,0,0,
17,13981589,Bologna,Jhon Lucumí,D,Titolare,0,0,
17,13981589,Bologna,Juan Miranda,D,Titolare,0,0,
17,13981589,Bologna,Nikola Moro,M,Titolare,0,0,
17,13981589,Bologna,Tommaso Pobega,M,Titolare,0,0,
17,13981589,Bologna,Riccardo Orsolini,M,Titolare,0,0,
17,13981589,Bologna,Giovanni Fabbian,M,Titolare,0,0,
17,13981589,Bologna,Jonathan Rowe,F,Titolare,0,0,
17,13981589,Bologna,Thijs Dallinga,F,Titolare,0,0,
17,13981589,Bologna,Santiago Castro,F,Panchina,0,0,
17,13981589,Bologna,Ciro Immobile,F,Panchina,0,0,
17,13981589,Bologna,Benjamín Domínguez,M,Panchina,0,0,
17,13981589,Bologna,Jens Odgaard,M,Panchina,0,0,
17,13981589,Bologna,Emil Holm,D,Panchina,0,0,
17,13981589,Bologna,Massimo Pessina,G,Panchina,0,0,
17,13981589,Bologna,Matteo Franceschelli,G,Panchina,0,0,
17,13981589,Bologna,Charalampos Lykogiannis,D,Panchina,0,0,
17,13981589,Bologna,Nicolò Casale,D,Panchina,0,0,
17,13981589,Bologna,Bodin Tomašević,D,Panchina,0,0,
17,13981589,Bologna,Lorenzo De Silvestri,D,Panchina,0,0,
17,13981589,Bologna,Remo Freuler,M,Panchina,0,0,
17,13981589,Bologna,Sulemana,M,Panchina,0,0,
17,13981589,Bologna,Lewis Ferguson,M,Panchina,0,0,
17,13981589,Sassuolo,Arijanet Murić,G,Titolare,0,0,
17,13981589,Sassuolo,Sebastian Walukiewicz,D,Titolare,0,0,
17,13981589,Sassuolo,Jay Idzes,D,Titolare,0,0,
17,13981589,Sassuolo,Tarik Muharemović,D,Titolare,0,0,
17,13981589,Sassuolo,Fali Candé,D,Titolare,0,0,
17,13981589,Sassuolo,Kristian Thorstvedt,M,Titolare,0,0,
17,13981589,Sassuolo,Nemanja Matić,M,Titolare,0,0,
17,13981589,Sassuolo,Ismael Koné,M,Titolare,0,0,
17,13981589,Sassuolo,Cristian Volpato,M,Titolare,0,0,
17,13981589,Sassuolo,Andrea Pinamonti,F,Titolare,0,0,
17,13981589,Sassuolo,Armand Laurienté,F,Titolare,0,0,
17,13981589,Sassuolo,Josh Doig,D,Panchina,0,0,
17,13981589,Sassuolo,Alieu Fadera,F,Panchina,0,0,
17,13981589,Sassuolo,Walid Cheddira,F,Panchina,0,0,
17,13981589,Sassuolo,Stefano Turati,G,Panchina,0,0,
17,13981589,Sassuolo,Gioele Zacchi,G,Panchina,0,0,
17,13981589,Sassuolo,Giacomo Satalino,G,Panchina,0,0,
17,13981589,Sassuolo,Cas Odenthal,D,Panchina,0,0,
17,13981589,Sassuolo,Luca Lipani,M,Panchina,0,0,
17,13981589,Sassuolo,Edoardo Iannoni,M,Panchina,0,0,
17,13981589,Sassuolo,Aster Vranckx,M,Panchina,0,0,
17,13981589,Sassuolo,Nicholas Pierini,F,Panchina,0,0,
17,13981589,Sassuolo,Laurs Skjellerup,F,Panchina,0,0,
17,13981589,Sassuolo,Luca Moro,F,Panchina,0,0,
17,13981590,Lecce,Wladimiro Falcone,G,Titolare,0,0,
17,13981590,Lecce,Danilo Veiga,D,Titolare,0,0,
17,13981590,Lecce,Jamil Siebert,D,Titolare,0,0,
17,13981590,Lecce,Tiago Gabriel,D,Titolare,0,0,
17,13981590,Lecce,Antonino Gallo,D,Titolare,0,0,
17,13981590,Lecce,Ylber Ramadani,M,Titolare,0,0,
17,13981590,Lecce,Santiago Pierotti,F,Titolare,0,0,
17,13981590,Lecce,Mohamed Kaba,M,Titolare,0,0,
17,13981590,Lecce,Youssef Maleh,M,Titolare,0,0,
17,13981590,Lecce,Riccardo Sottil,F,Titolare,0,0,
17,13981590,Lecce,Nikola Štulić,F,Titolare,0,0,
17,13981590,Lecce,Francesco Camarda,F,Panchina,0,0,
17,13981590,Lecce,N'Dri Konan,F,Panchina,0,0,
17,13981590,Lecce,Alex Sala,M,Panchina,0,0,
17,13981590,Lecce,Þórir Jóhann Helgason,M,Panchina,0,0,
17,13981590,Lecce,Olaf Gorter,M,Panchina,0,0,
17,13981590,Lecce,Jasper Samooja,G,Panchina,0,0,
17,13981590,Lecce,Plamen Penev,G,Panchina,0,0,
17,13981590,Lecce,Gaby Jean,D,Panchina,0,0,
17,13981590,Lecce,Matías Pérez,D,Panchina,0,0,
17,13981590,Lecce,Corrie Ndaba,D,Panchina,0,0,
17,13981590,Lecce,Christ-Owen Kouassi,D,Panchina,0,0,
17,13981590,Lecce,Niko Kovač,M,Panchina,0,0,
17,13981590,Como,Jean Butez,G,Titolare,0,0,
17,13981590,Como,Ivan Smolčić,D,Titolare,0,0,
17,13981590,Como,Jacobo Ramón,D,Titolare,0,0,
17,13981590,Como,Diego Carlos,D,Titolare,0,0,
17,13981590,Como,Alberto Moreno,D,Titolare,0,0,
17,13981590,Como,Máximo Perrone,M,Titolare,0,0,
17,13981590,Como,Lucas Da Cunha,M,Titolare,0,0,
17,13981590,Como,Mërgim Vojvoda,D,Titolare,0,0,
17,13981590,Como,Nico Paz,M,Titolare,0,0,
17,13981590,Como,Jesús Rodriguez,M,Titolare,0,0,
17,13981590,Como,Anastasios Douvikas,F,Titolare,0,0,
17,13981590,Como,Ignace Van der Brempt,D,Panchina,0,0,
17,13981590,Como,Nicolas-Gerrit Kühn,F,Panchina,0,0,
17,13981590,Como,Marc Kempf,D,Panchina,0,0,
17,13981590,Como,Martin Baturina,M,Panchina,0,0,
17,13981590,Como,Andrea Le Borgne,M,Panchina,0,0,
17,13981590,Como,Mauro Vigorito,G,Panchina,0,0,
17,13981590,Como,Nikola Čavlina,G,Panchina,0,0,
17,13981590,Como,Stefan Posch,D,Panchina,0,0,
17,13981590,Como,Alberto Dossena,D,Panchina,0,0,
17,13981590,Como,Álex Valle,D,Panchina,0,0,
17,13981590,Como,Sergi Roberto,M,Panchina,0,0,
17,13981590,Como,Maxence Caqueret,M,Panchina,0,0,
17,13981590,Como,Alberto Cerri,F,Panchina,0,0,
17,13981591,Atalanta,Marco Carnesecchi,G,Titolare,0,0,
17,13981591,Atalanta,Berat Djimsiti,D,Titolare,0,0,
17,13981591,Atalanta,Isak Hien,D,Titolare,0,0,
17,13981591,Atalanta,Sead Kolašinac,D,Titolare,0,0,
17,13981591,Atalanta,Davide Zappacosta,M,Titolare,0,0,
17,13981591,Atalanta,Éderson,M,Titolare,0,0,
17,13981591,Atalanta,Marten de Roon,M,Titolare,0,0,
17,13981591,Atalanta,Nicola Zalewski,M,Titolare,0,0,
17,13981591,Atalanta,Charles De Ketelaere,F,Titolare,0,0,
17,13981591,Atalanta,Mario Pašalić,M,Titolare,0,0,
17,13981591,Atalanta,Gianluca Scamacca,F,Titolare,0,0,
17,13981591,Atalanta,Yunus Musah,M,Panchina,0,0,
17,13981591,Atalanta,Kamaldeen Sulemana,F,Panchina,0,0,
17,13981591,Atalanta,Lorenzo Bernasconi,M,Panchina,0,0,
17,13981591,Atalanta,Lazar Samardžić,M,Panchina,0,0,
17,13981591,Atalanta,Marco Sportiello,G,Panchina,0,0,
17,13981591,Atalanta,Francesco Rossi,G,Panchina,0,0,
17,13981591,Atalanta,Giorgio Scalvini,D,Panchina,0,0,
17,13981591,Atalanta,Pietro Comi,D,Panchina,0,0,
17,13981591,Atalanta,Honest Ahanor,D,Panchina,0,0,
17,13981591,Atalanta,Marco Brescianini,M,Panchina,0,0,
17,13981591,Atalanta,Daniel Maldini,F,Panchina,0,0,
17,13981591,Atalanta,Nikola Krstović,F,Panchina,0,0,
17,13981591,Inter,Yann Sommer,G,Titolare,0,0,
17,13981591,Inter,Yann Bisseck,D,Titolare,0,0,
17,13981591,Inter,Manuel Akanji,D,Titolare,0,0,
17,13981591,Inter,Alessandro Bastoni,D,Titolare,0,0,
17,13981591,Inter,Luís Henrique,M,Titolare,0,0,
17,13981591,Inter,Nicolò Barella,M,Titolare,0,0,
17,13981591,Inter,Hakan Çalhanoğlu,M,Titolare,0,0,
17,13981591,Inter,Piotr Zieliński,M,Titolare,0,0,
17,13981591,Inter,Federico Dimarco,M,Titolare,0,0,
17,13981591,Inter,Lautaro Martínez,F,Titolare,0,0,
17,13981591,Inter,Marcus Thuram,F,Titolare,0,0,
17,13981591,Inter,Francesco Pio Esposito,F,Panchina,0,0,
17,13981591,Inter,Carlos Augusto,D,Panchina,0,0,
17,13981591,Inter,Henrikh Mkhitaryan,M,Panchina,0,0,
17,13981591,Inter,Davide Frattesi,M,Panchina,0,0,
17,13981591,Inter,Andy Diouf,M,Panchina,0,0,
17,13981591,Inter,Alain Taho,G,Panchina,0,0,
17,13981591,Inter,Josep Martínez,G,Panchina,0,0,
17,13981591,Inter,Simone Cinquegrano,D,Panchina,0,0,
17,13981591,Inter,Stefan de Vrij,D,Panchina,0,0,
17,13981591,Inter,Matteo Cocchi,M,Panchina,0,0,
17,13981591,Inter,Petar Sučić,M,Panchina,0,0,
17,13981591,Inter,Matteo Spinaccé,F,Panchina,0,0,
18,13981592,Lazio,Ivan Provedel,G,Titolare,0,0,
18,13981592,Lazio,Adam Marušić,D,Titolare,0,0,
18,13981592,Lazio,Mario Gila,D,Titolare,0,0,
18,13981592,Lazio,Alessio Romagnoli,D,Titolare,0,0,
18,13981592,Lazio,Luca Pellegrini,D,Titolare,0,0,
18,13981592,Lazio,Mattéo Guendouzi,M,Titolare,0,0,
18,13981592,Lazio,Danilo Cataldi,M,Titolare,0,0,
18,13981592,Lazio,Toma Bašić,M,Titolare,0,0,
18,13981592,Lazio,Matteo Cancellieri,F,Titolare,0,0,
18,13981592,Lazio,Tijjani Noslin,F,Titolare,0,0,
18,13981592,Lazio,Mattia Zaccagni,F,Titolare,0,0,
18,13981592,Lazio,Manuel Lazzari,D,Panchina,0,0,
18,13981592,Lazio,Reda Belahyane,M,Panchina,0,0,
18,13981592,Lazio,Gustav Isaksen,F,Panchina,0,0,
18,13981592,Lazio,Pedro,F,Panchina,0,0,
18,13981592,Lazio,Christos Mandas,G,Panchina,0,0,
18,13981592,Lazio,Alessio Furlanetto,G,Panchina,0,0,
18,13981592,Lazio,Elseid Hysaj,D,Panchina,0,0,
18,13981592,Lazio,Nuno Tavares,D,Panchina,0,0,
18,13981592,Lazio,Oliver Provstgaard,D,Panchina,0,0,
18,13981592,Lazio,Valerio Farcomeni,M,Panchina,0,0,
18,13981592,Lazio,Nicolò Rovella,M,Panchina,0,0,
18,13981592,Lazio,Federico Serra,F,Panchina,0,0,
18,13981592,SSC Napoli,Vanja Milinković-Savić,G,Titolare,0,0,
18,13981592,SSC Napoli,Giovanni Di Lorenzo,D,Titolare,0,0,
18,13981592,SSC Napoli,Amir Rrahmani,D,Titolare,0,0,
18,13981592,SSC Napoli,Juan Jesus,D,Titolare,0,0,
18,13981592,SSC Napoli,Matteo Politano,M,Titolare,0,0,
18,13981592,SSC Napoli,Scott McTominay,M,Titolare,0,0,
18,13981592,SSC Napoli,Stanislav Lobotka,M,Titolare,0,0,
18,13981592,SSC Napoli,Leonardo Spinazzola,D,Titolare,0,0,
18,13981592,SSC Napoli,David Neres,F,Titolare,0,0,
18,13981592,SSC Napoli,Eljif Elmas,M,Titolare,0,0,
18,13981592,SSC Napoli,Rasmus Højlund,F,Titolare,0,0,
18,13981592,SSC Napoli,Pasquale Mazzocchi,M,Panchina,0,0,
18,13981592,SSC Napoli,Alessandro Buongiorno,D,Panchina,0,0,
18,13981592,SSC Napoli,Miguel Gutiérrez,D,Panchina,0,0,
18,13981592,SSC Napoli,Noa Lang,F,Panchina,0,0,
18,13981592,SSC Napoli,Giuseppe Ambrosino,F,Panchina,0,0,
18,13981592,SSC Napoli,Alex Meret,G,Panchina,0,0,
18,13981592,SSC Napoli,Nikita Contini,G,Panchina,0,0,
18,13981592,SSC Napoli,Mathías Olivera,D,Panchina,0,0,
18,13981592,SSC Napoli,Luca Marianucci,D,Panchina,0,0,
18,13981592,SSC Napoli,Vincenzo Prisco,M,Panchina,0,0,
18,13981593,Hellas Verona,Lorenzo Montipò,G,Titolare,0,0,
18,13981593,Hellas Verona,Unai Núñez,D,Titolare,0,0,
18,13981593,Hellas Verona,Victor Nelsson,D,Titolare,0,0,
18,13981593,Hellas Verona,Armel Bella-Kotchap,D,Titolare,0,0,
18,13981593,Hellas Verona,Daniel Oyegoke,M,Titolare,0,0,
18,13981593,Hellas Verona,Suat Serdar,M,Titolare,0,0,
18,13981593,Hellas Verona,Moatasem Al-Musrati,M,Titolare,0,0,
18,13981593,Hellas Verona,Martin Frese,D,Titolare,0,0,
18,13981593,Hellas Verona,Giovane,F,Titolare,0,0,
18,13981593,Hellas Verona,Antoine Bernede,M,Titolare,0,0,
18,13981593,Hellas Verona,Daniel Mosquera,F,Titolare,0,0,
18,13981593,Hellas Verona,Roberto Gagliardini,M,Panchina,0,0,
18,13981593,Hellas Verona,Gift Orban,F,Panchina,0,0,
18,13981593,Hellas Verona,Abdou Harroui,M,Panchina,0,0,
18,13981593,Hellas Verona,Grigoris Kastanos,M,Panchina,0,0,
18,13981593,Hellas Verona,Amin Sarr,F,Panchina,0,0,
18,13981593,Hellas Verona,Simone Perilli,G,Panchina,0,0,
18,13981593,Hellas Verona,Giacomo Toniolo,G,Panchina,0,0,
18,13981593,Hellas Verona,Fallou Cham,D,Panchina,0,0,
18,13981593,Hellas Verona,Enzo Ebosse,D,Panchina,0,0,
18,13981593,Hellas Verona,Nicolás Valentini,D,Panchina,0,0,
18,13981593,Hellas Verona,Tobias Slotsager,D,Panchina,0,0,
18,13981593,Hellas Verona,Domagoj Bradarić,M,Panchina,0,0,
18,13981593,Hellas Verona,Yellu Santiago,M,Panchina,0,0,
18,13981593,Hellas Verona,Cheikh Niasse,M,Panchina,0,0,
18,13981593,Torino,Alberto Paleari,G,Titolare,0,0,
18,13981593,Torino,Ardian Ismajli,D,Titolare,0,0,
18,13981593,Torino,Guillermo Maripán,D,Titolare,0,0,
18,13981593,Torino,Saúl Coco,D,Titolare,0,0,
18,13981593,Torino,Valentino Lazaro,M,Titolare,0,0,
18,13981593,Torino,Nikola Vlašić,M,Titolare,0,0,
18,13981593,Torino,Emirhan İlkhan,M,Titolare,0,0,
18,13981593,Torino,Gvidas Gineitis,M,Titolare,0,0,
18,13981593,Torino,Zakaria Aboukhlal,F,Titolare,0,0,
18,13981593,Torino,Che Adams,F,Titolare,0,0,
18,13981593,Torino,Giovanni Simeone,F,Titolare,0,0,
18,13981593,Torino,Adrien Tameze,D,Panchina,0,0,
18,13981593,Torino,Cesare Casadei,M,Panchina,0,0,
18,13981593,Torino,Duván Zapata,F,Panchina,0,0,
18,13981593,Torino,Ali Dembélé,D,Panchina,0,0,
18,13981593,Torino,Alieu Njie,F,Panchina,0,0,
18,13981593,Torino,Franco Israel,G,Panchina,0,0,
18,13981593,Torino,Mihai Popa,G,Panchina,0,0,
18,13981593,Torino,Cristiano Biraghi,D,Panchina,0,0,
18,13981593,Torino,Saba Sazonov,D,Panchina,0,0,
18,13981593,Torino,Kristjan Asllani,M,Panchina,0,0,
18,13981593,Torino,Tino Anjorin,M,Panchina,0,0,
18,13981594,Atalanta,Marco Carnesecchi,G,Titolare,0,0,
18,13981594,Atalanta,Giorgio Scalvini,D,Titolare,0,0,
18,13981594,Atalanta,Berat Djimsiti,D,Titolare,0,0,
18,13981594,Atalanta,Sead Kolašinac,D,Titolare,0,0,
18,13981594,Atalanta,Davide Zappacosta,M,Titolare,0,0,
18,13981594,Atalanta,Marten de Roon,M,Titolare,0,0,
18,13981594,Atalanta,Éderson,M,Titolare,0,0,
18,13981594,Atalanta,Lorenzo Bernasconi,M,Titolare,0,0,
18,13981594,Atalanta,Charles De Ketelaere,F,Titolare,0,0,
18,13981594,Atalanta,Nicola Zalewski,M,Titolare,0,0,
18,13981594,Atalanta,Gianluca Scamacca,F,Titolare,0,0,
18,13981594,Atalanta,Honest Ahanor,D,Panchina,0,0,
18,13981594,Atalanta,Isak Hien,D,Panchina,0,0,
18,13981594,Atalanta,Yunus Musah,M,Panchina,0,0,
18,13981594,Atalanta,Daniel Maldini,F,Panchina,0,0,
18,13981594,Atalanta,Nikola Krstović,F,Panchina,0,0,
18,13981594,Atalanta,Marco Sportiello,G,Panchina,0,0,
18,13981594,Atalanta,Francesco Rossi,G,Panchina,0,0,
18,13981594,Atalanta,Mario Pašalić,M,Panchina,0,0,
18,13981594,Atalanta,Lazar Samardžić,M,Panchina,0,0,
18,13981594,Atalanta,Marco Brescianini,M,Panchina,0,0,
18,13981594,Atalanta,Kamaldeen Sulemana,F,Panchina,0,0,
18,13981594,AS Roma,Mile Svilar,G,Titolare,0,0,
18,13981594,AS Roma,Gianluca Mancini,D,Titolare,0,0,
18,13981594,AS Roma,Jan Ziółkowski,D,Titolare,0,0,
18,13981594,AS Roma,Mario Hermoso,D,Titolare,0,0,
18,13981594,AS Roma,Zeki Çelik,D,Titolare,0,0,
18,13981594,AS Roma,Bryan Cristante,M,Titolare,0,0,
18,13981594,AS Roma,Manu Koné,M,Titolare,0,0,
18,13981594,AS Roma,Devyne Rensch,M,Titolare,0,0,
18,13981594,AS Roma,Matías Soulé,F,Titolare,0,0,
18,13981594,AS Roma,Paulo Dybala,F,Titolare,0,0,
18,13981594,AS Roma,Evan Ferguson,F,Titolare,0,0,
18,13981594,AS Roma,Wesley,M,Panchina,0,0,
18,13981594,AS Roma,Kostas Tsimikas,D,Panchina,0,0,
18,13981594,AS Roma,Artem Dovbyk,F,Panchina,0,0,
18,13981594,AS Roma,Stephan El Shaarawy,F,Panchina,0,0,
18,13981594,AS Roma,Niccolò Pisilli,M,Panchina,0,0,
18,13981594,AS Roma,Devis Vásquez,G,Panchina,0,0,
18,13981594,AS Roma,Pierluigi Gollini,G,Panchina,0,0,
18,13981594,AS Roma,Jacopo Mirra,D,Panchina,0,0,
18,13981594,AS Roma,Daniele Ghilardi,D,Panchina,0,0,
18,13981594,AS Roma,Emanuele Lulli,D,Panchina,0,0,
18,13981594,AS Roma,Alessandro Romano,M,Panchina,0,0,
18,13981594,AS Roma,Angeliño,M,Panchina,0,0,
18,13981595,Sassuolo,Arijanet Murić,G,Titolare,0,0,
18,13981595,Sassuolo,Sebastian Walukiewicz,D,Titolare,0,0,
18,13981595,Sassuolo,Jay Idzes,D,Titolare,0,0,
18,13981595,Sassuolo,Tarik Muharemović,D,Titolare,0,0,
18,13981595,Sassuolo,Josh Doig,D,Titolare,0,0,
18,13981595,Sassuolo,Kristian Thorstvedt,M,Titolare,0,0,
18,13981595,Sassuolo,Nemanja Matić,M,Titolare,0,0,
18,13981595,Sassuolo,Luca Lipani,M,Titolare,0,0,
18,13981595,Sassuolo,Alieu Fadera,F,Titolare,0,0,
18,13981595,Sassuolo,Andrea Pinamonti,F,Titolare,0,0,
18,13981595,Sassuolo,Armand Laurienté,F,Titolare,0,0,
18,13981595,Sassuolo,Ismael Koné,M,Panchina,0,0,
18,13981595,Sassuolo,Walid Cheddira,F,Panchina,0,0,
18,13981595,Sassuolo,Luca Moro,F,Panchina,0,0,
18,13981595,Sassuolo,Nicholas Pierini,F,Panchina,0,0,
18,13981595,Sassuolo,Fali Candé,D,Panchina,0,0,
18,13981595,Sassuolo,Gioele Zacchi,G,Panchina,0,0,
18,13981595,Sassuolo,Giacomo Satalino,G,Panchina,0,0,
18,13981595,Sassuolo,Stefano Turati,G,Panchina,0,0,
18,13981595,Sassuolo,Tommaso Macchioni,D,Panchina,0,0,
18,13981595,Sassuolo,Cas Odenthal,D,Panchina,0,0,
18,13981595,Sassuolo,Luca Barani,D,Panchina,0,0,
18,13981595,Sassuolo,Aster Vranckx,M,Panchina,0,0,
18,13981595,Sassuolo,Edoardo Iannoni,M,Panchina,0,0,
18,13981595,Sassuolo,Laurs Skjellerup,F,Panchina,0,0,
18,13981595,Parma,Edoardo Corvi,G,Titolare,0,0,
18,13981595,Parma,Enrico Delprato,D,Titolare,0,0,
18,13981595,Parma,Alessandro Circati,D,Titolare,0,0,
18,13981595,Parma,Lautaro Valenti,D,Titolare,0,0,
18,13981595,Parma,Emanuele Valeri,M,Titolare,0,0,
18,13981595,Parma,Adrián Bernabé,M,Titolare,0,0,
18,13981595,Parma,Mandela Keita,M,Titolare,0,0,
18,13981595,Parma,Oliver Sørensen,M,Titolare,0,0,
18,13981595,Parma,Gaetano Oristanio,M,Titolare,0,0,
18,13981595,Parma,Mateo Pellegrino,F,Titolare,0,0,
18,13981595,Parma,Jacob Ondrejka,F,Titolare,0,0,
18,13981595,Parma,Nahuel Estévez,M,Panchina,0,0,
18,13981595,Parma,Pontus Almqvist,F,Panchina,0,0,
18,13981595,Parma,Sascha Britschgi,D,Panchina,0,0,
18,13981595,Parma,Filippo Rinaldi,G,Panchina,0,0,
18,13981595,Parma,Vicente Guaita,G,Panchina,0,0,
18,13981595,Parma,Mathias Løvik,D,Panchina,0,0,
18,13981595,Parma,Mariano Troilo,D,Panchina,0,0,
18,13981595,Parma,Hernani,M,Panchina,0,0,
18,13981595,Parma,Christian Ordoñez,M,Panchina,0,0,
18,13981595,Parma,Benjamin Cremaschi,M,Panchina,0,0,
18,13981595,Parma,Alessandro Cardinali,M,Panchina,0,0,
18,13981595,Parma,Patrick Cutrone,F,Panchina,0,0,
18,13981595,Parma,Milan Đurić,F,Panchina,0,0,
18,13981596,Juventus,Michele Di Gregorio,G,Titolare,0,0,
18,13981596,Juventus,Pierre Kalulu,D,Titolare,0,0,
18,13981596,Juventus,Bremer,D,Titolare,0,0,
18,13981596,Juventus,Lloyd Kelly,D,Titolare,0,0,
18,13981596,Juventus,Andrea Cambiaso,M,Titolare,0,0,
18,13981596,Juventus,Manuel Locatelli,M,Titolare,0,0,
18,13981596,Juventus,Khéphren Thuram,M,Titolare,0,0,
18,13981596,Juventus,Francisco Conceição,F,Titolare,0,0,
18,13981596,Juventus,Weston McKennie,M,Titolare,0,0,
18,13981596,Juventus,Kenan Yıldız,F,Titolare,0,0,
18,13981596,Juventus,Jonathan David,F,Titolare,0,0,
18,13981596,Juventus,Edon Zhegrova,F,Panchina,0,0,
18,13981596,Juventus,Filip Kostić,M,Panchina,0,0,
18,13981596,Juventus,Teun Koopmeiners,M,Panchina,0,0,
18,13981596,Juventus,Loïs Openda,F,Panchina,0,0,
18,13981596,Juventus,Vasilije Adžić,M,Panchina,0,0,
18,13981596,Juventus,Carlo Pinsoglio,G,Panchina,0,0,
18,13981596,Juventus,Mattia Perin,G,Panchina,0,0,
18,13981596,Juventus,Jonas Rouhi,D,Panchina,0,0,
18,13981596,Juventus,Pedro Felipe,D,Panchina,0,0,
18,13981596,Juventus,João Mário,D,Panchina,0,0,
18,13981596,Juventus,Juan Cabal,D,Panchina,0,0,
18,13981596,Juventus,Fabio Miretti,M,Panchina,0,0,
18,13981596,Lecce,Wladimiro Falcone,G,Titolare,0,0,
18,13981596,Lecce,Matías Pérez,D,Titolare,0,0,
18,13981596,Lecce,Kialonda Gaspar,D,Titolare,0,0,
18,13981596,Lecce,Tiago Gabriel,D,Titolare,0,0,
18,13981596,Lecce,Antonino Gallo,D,Titolare,0,0,
18,13981596,Lecce,Mohamed Kaba,M,Titolare,0,0,
18,13981596,Lecce,Ylber Ramadani,M,Titolare,0,0,
18,13981596,Lecce,Youssef Maleh,M,Titolare,0,0,
18,13981596,Lecce,Santiago Pierotti,F,Titolare,0,0,
18,13981596,Lecce,Francesco Camarda,F,Titolare,0,0,
18,13981596,Lecce,Lameck Banda,M,Titolare,0,0,
18,13981596,Lecce,Danilo Veiga,D,Panchina,0,0,
18,13981596,Lecce,Corrie Ndaba,D,Panchina,0,0,
18,13981596,Lecce,Nikola Štulić,F,Panchina,0,0,
18,13981596,Lecce,Þórir Jóhann Helgason,M,Panchina,0,0,
18,13981596,Lecce,Jasper Samooja,G,Panchina,0,0,
18,13981596,Lecce,Daniele Bleve,G,Panchina,0,0,
18,13981596,Lecce,Christ-Owen Kouassi,D,Panchina,0,0,
18,13981596,Lecce,Gaby Jean,D,Panchina,0,0,
18,13981596,Lecce,Jamil Siebert,D,Panchina,0,0,
18,13981596,Lecce,Alex Sala,M,Panchina,0,0,
18,13981596,Lecce,Filip Marchwiński,M,Panchina,0,0,
18,13981596,Lecce,Olaf Gorter,M,Panchina,0,0,
18,13981596,Lecce,N'Dri Konan,F,Panchina,0,0,
18,13981597,Inter,Yann Sommer,G,Titolare,0,0,
18,13981597,Inter,Yann Bisseck,D,Titolare,0,0,
18,13981597,Inter,Manuel Akanji,D,Titolare,0,0,
18,13981597,Inter,Alessandro Bastoni,D,Titolare,0,0,
18,13981597,Inter,Luís Henrique,M,Titolare,0,0,
18,13981597,Inter,Nicolò Barella,M,Titolare,0,0,
18,13981597,Inter,Hakan Çalhanoğlu,M,Titolare,0,0,
18,13981597,Inter,Piotr Zieliński,M,Titolare,0,0,
18,13981597,Inter,Federico Dimarco,M,Titolare,0,0,
18,13981597,Inter,Lautaro Martínez,F,Titolare,0,0,
18,13981597,Inter,Marcus Thuram,F,Titolare,0,0,
18,13981597,Inter,Petar Sučić,M,Panchina,0,0,
18,13981597,Inter,Henrikh Mkhitaryan,M,Panchina,0,0,
18,13981597,Inter,Carlos Augusto,D,Panchina,0,0,
18,13981597,Inter,Francesco Pio Esposito,F,Panchina,0,0,
18,13981597,Inter,Matteo Lavelli,F,Panchina,0,0,
18,13981597,Inter,Alain Taho,G,Panchina,0,0,
18,13981597,Inter,Josep Martínez,G,Panchina,0,0,
18,13981597,Inter,Simone Cinquegrano,D,Panchina,0,0,
18,13981597,Inter,Stefan de Vrij,D,Panchina,0,0,
18,13981597,Inter,Francesco Acerbi,D,Panchina,0,0,
18,13981597,Inter,Matteo Cocchi,M,Panchina,0,0,
18,13981597,Inter,Davide Frattesi,M,Panchina,0,0,
18,13981597,Bologna,Federico Ravaglia,G,Titolare,0,0,
18,13981597,Bologna,Emil Holm,D,Titolare,0,0,
18,13981597,Bologna,Torbjørn Heggem,D,Titolare,0,0,
18,13981597,Bologna,Jhon Lucumí,D,Titolare,0,0,
18,13981597,Bologna,Charalampos Lykogiannis,D,Titolare,0,0,
18,13981597,Bologna,Nikola Moro,M,Titolare,0,0,
18,13981597,Bologna,Lewis Ferguson,M,Titolare,0,0,
18,13981597,Bologna,Jonathan Rowe,F,Titolare,0,0,
18,13981597,Bologna,Jens Odgaard,M,Titolare,0,0,
18,13981597,Bologna,Nicolò Cambiaghi,F,Titolare,0,0,
18,13981597,Bologna,Santiago Castro,F,Titolare,0,0,
18,13981597,Bologna,Martin Vitík,D,Panchina,0,0,
18,13981597,Bologna,Tommaso Pobega,M,Panchina,0,0,
18,13981597,Bologna,Nadir Zortea,D,Panchina,0,0,
18,13981597,Bologna,Riccardo Orsolini,M,Panchina,0,0,
18,13981597,Bologna,Remo Freuler,M,Panchina,0,0,
18,13981597,Bologna,Massimo Pessina,G,Panchina,0,0,
18,13981597,Bologna,Matteo Franceschelli,G,Panchina,0,0,
18,13981597,Bologna,Juan Miranda,D,Panchina,0,0,
18,13981597,Bologna,Nicolò Casale,D,Panchina,0,0,
18,13981597,Bologna,Lorenzo De Silvestri,D,Panchina,0,0,
18,13981597,Bologna,Giovanni Fabbian,M,Panchina,0,0,
18,13981597,Bologna,Benjamín Domínguez,M,Panchina,0,0,
18,13981597,Bologna,Sulemana,M,Panchina,0,0,
18,13981597,Bologna,Thijs Dallinga,F,Panchina,0,0,
18,13981597,Bologna,Ciro Immobile,F,Panchina,0,0,
18,13981598,Genoa,Nicola Leali,G,Titolare,0,0,
18,13981598,Genoa,Sebastian Otoa,D,Titolare,0,0,
18,13981598,Genoa,Leo Østigård,D,Titolare,0,0,
18,13981598,Genoa,Johan Vásquez,D,Titolare,0,0,
18,13981598,Genoa,Brooke Norton-Cuffy,D,Titolare,0,0,
18,13981598,Genoa,Ruslan Malinovskyi,M,Titolare,0,0,
18,13981598,Genoa,Morten Frendrup,M,Titolare,0,0,
18,13981598,Genoa,Morten Thorsby,M,Titolare,0,0,
18,13981598,Genoa,Aarón Martín,M,Titolare,0,0,
18,13981598,Genoa,Lorenzo Colombo,F,Titolare,0,0,
18,13981598,Genoa,Vitinha,F,Titolare,0,0,
18,13981598,Genoa,Jeff Ekhator,F,Panchina,0,0,
18,13981598,Genoa,Mikael Ellertsson,M,Panchina,0,0,
18,13981598,Genoa,Caleb Ekuban,F,Panchina,0,0,
18,13981598,Genoa,Alessandro Marcandalli,D,Panchina,0,0,
18,13981598,Genoa,Ernestas Lysionok,G,Panchina,0,0,
18,13981598,Genoa,Daniele Sommariva,G,Panchina,0,0,
18,13981598,Genoa,Hugo Cuenca,M,Panchina,0,0,
18,13981598,Genoa,Nicolae Stanciu,M,Panchina,0,0,
18,13981598,Genoa,Patrizio Masini,M,Panchina,0,0,
18,13981598,Genoa,Valentín Carboni,M,Panchina,0,0,
18,13981598,Genoa,Stefano Sabelli,M,Panchina,0,0,
18,13981598,Genoa,Lorenzo Venturino,F,Panchina,0,0,
18,13981598,Genoa,Seydou Fini,F,Panchina,0,0,
18,13981598,Pisa,Adrian Šemper,G,Titolare,0,0,
18,13981598,Pisa,Simone Canestrelli,D,Titolare,0,0,
18,13981598,Pisa,Raúl Albiol,D,Titolare,0,0,
18,13981598,Pisa,Giovanni Bonfanti,D,Titolare,0,0,
18,13981598,Pisa,Idrissa Touré,M,Titolare,0,0,
18,13981598,Pisa,Mehdi Léris,M,Titolare,0,0,
18,13981598,Pisa,Michel Aebischer,M,Titolare,0,0,
18,13981598,Pisa,Malthe Højholt,M,Titolare,0,0,
18,13981598,Pisa,Samuele Angori,M,Titolare,0,0,
18,13981598,Pisa,Stefano Moreo,F,Titolare,0,0,
18,13981598,Pisa,Henrik Wendel Meister,F,Titolare,0,0,
18,13981598,Pisa,Marius Marin,M,Panchina,0,0,
18,13981598,Pisa,Gabriele Piccinini,M,Panchina,0,0,
18,13981598,Pisa,Antonio Caracciolo,D,Panchina,0,0,
18,13981598,Pisa,Arturo Calabresi,D,Panchina,0,0,
18,13981598,Pisa,M'bala Nzola,F,Panchina,0,0,
18,13981598,Pisa,Simone Scuffet,G,Panchina,0,0,
18,13981598,Pisa,Nícolas,G,Panchina,0,0,
18,13981598,Pisa,Jeremy Kandje Mbambi,D,Panchina,0,0,
18,13981598,Pisa,Francesco Coppola,D,Panchina,0,0,
18,13981598,Pisa,Daniel Denoon,D,Panchina,0,0,
18,13981598,Pisa,Brando Bettazzi,M,Panchina,0,0,
18,13981598,Pisa,Lorran,M,Panchina,0,0,
18,13981598,Pisa,Matteo Tramoni,F,Panchina,0,0,
18,13981598,Pisa,Louis Buffon,F,Panchina,0,0,
18,13981598,Pisa,Tomás Esteves,F,Panchina,0,0,
18,13981599,Fiorentina,David De Gea,G,Titolare,0,0,
18,13981599,Fiorentina,Dodô,M,Titolare,0,0,
18,13981599,Fiorentina,Pietro Comuzzo,D,Titolare,0,0,
18,13981599,Fiorentina,Marin Pongračić,D,Titolare,0,0,
18,13981599,Fiorentina,Luca Ranieri,D,Titolare,0,0,
18,13981599,Fiorentina,Rolando Mandragora,M,Titolare,0,0,
18,13981599,Fiorentina,Cher Ndour,M,Titolare,0,0,
18,13981599,Fiorentina,Fabiano Parisi,D,Titolare,0,0,
18,13981599,Fiorentina,Nicolò Fagioli,M,Titolare,0,0,
18,13981599,Fiorentina,Albert Guðmundsson,F,Titolare,0,0,
18,13981599,Fiorentina,Roberto Piccoli,F,Titolare,0,0,
18,13981599,Fiorentina,Robin Gosens,D,Panchina,0,0,
18,13981599,Fiorentina,Manor Solomon,F,Panchina,0,0,
18,13981599,Fiorentina,Niccolò Fortini,D,Panchina,0,0,
18,13981599,Fiorentina,Hans Nicolussi Caviglia,M,Panchina,0,0,
18,13981599,Fiorentina,Moise Kean,F,Panchina,0,0,
18,13981599,Fiorentina,Luca Lezzerini,G,Panchina,0,0,
18,13981599,Fiorentina,Tommaso Martinelli,G,Panchina,0,0,
18,13981599,Fiorentina,Mattia Viti,D,Panchina,0,0,
18,13981599,Fiorentina,Eman Košpo,D,Panchina,0,0,
18,13981599,Fiorentina,Pablo Marí,D,Panchina,0,0,
18,13981599,Fiorentina,Eddy Kouadio,D,Panchina,0,0,
18,13981599,Fiorentina,Simon Sohm,M,Panchina,0,0,
18,13981599,Fiorentina,Christian Kouamé,F,Panchina,0,0,
18,13981599,Cremonese,Emil Audero,G,Titolare,0,0,
18,13981599,Cremonese,Filippo Terracciano,D,Titolare,0,0,
18,13981599,Cremonese,Federico Baschirotto,D,Titolare,0,0,
18,13981599,Cremonese,Francesco Folino,D,Titolare,0,0,
18,13981599,Cremonese,Tommaso Barbieri,M,Titolare,0,0,
18,13981599,Cremonese,Martín Payero,M,Titolare,0,0,
18,13981599,Cremonese,Warren Bondo,M,Titolare,0,0,
18,13981599,Cremonese,Jari Vandeputte,M,Titolare,0,0,
18,13981599,Cremonese,Giuseppe Pezzella,M,Titolare,0,0,
18,13981599,Cremonese,Federico Bonazzoli,F,Titolare,0,0,
18,13981599,Cremonese,Jamie Vardy,F,Titolare,0,0,
18,13981599,Cremonese,Alberto Grassi,M,Panchina,0,0,
18,13981599,Cremonese,Franco Vázquez,M,Panchina,0,0,
18,13981599,Cremonese,Alessio Zerbin,M,Panchina,0,0,
18,13981599,Cremonese,Faris Moumbagna,F,Panchina,0,0,
18,13981599,Cremonese,Antonio Sanabria,F,Panchina,0,0,
18,13981599,Cremonese,Marco Silvestri,G,Panchina,0,0,
18,13981599,Cremonese,Lapo Nava,G,Panchina,0,0,
18,13981599,Cremonese,Matteo Bianchetti,D,Panchina,0,0,
18,13981599,Cremonese,Federico Ceccherini,D,Panchina,0,0,
18,13981599,Cremonese,Mikayil Faye,D,Panchina,0,0,
18,13981599,Cremonese,Romano Floriani Mussolini,M,Panchina,0,0,
18,13981599,Cremonese,Mattia Valoti,M,Panchina,0,0,
18,13981599,Cremonese,Dachi Lordkipanidze,M,Panchina,0,0,
18,13981599,Cremonese,Dennis Johnsen,F,Panchina,0,0,
18,13981600,Como,Jean Butez,G,Titolare,0,0,
18,13981600,Como,Ignace Van der Brempt,D,Titolare,0,0,
18,13981600,Como,Jacobo Ramón,D,Titolare,0,0,
18,13981600,Como,Marc Kempf,D,Titolare,0,0,
18,13981600,Como,Alberto Moreno,D,Titolare,0,0,
18,13981600,Como,Maxence Caqueret,M,Titolare,0,0,
18,13981600,Como,Máximo Perrone,M,Titolare,0,0,
18,13981600,Como,Lucas Da Cunha,M,Titolare,0,0,
18,13981600,Como,Mërgim Vojvoda,D,Titolare,0,0,
18,13981600,Como,Anastasios Douvikas,F,Titolare,0,0,
18,13981600,Como,Jesús Rodriguez,M,Titolare,0,0,
18,13981600,Como,Nico Paz,M,Panchina,0,0,
18,13981600,Como,Álex Valle,D,Panchina,0,0,
18,13981600,Como,Nicolas-Gerrit Kühn,F,Panchina,0,0,
18,13981600,Como,Stefan Posch,D,Panchina,0,0,
18,13981600,Como,Ivan Smolčić,D,Panchina,0,0,
18,13981600,Como,Mauro Vigorito,G,Panchina,0,0,
18,13981600,Como,Nikola Čavlina,G,Panchina,0,0,
18,13981600,Como,Alberto Dossena,D,Panchina,0,0,
18,13981600,Como,Sergi Roberto,M,Panchina,0,0,
18,13981600,Como,Andrea Le Borgne,M,Panchina,0,0,
18,13981600,Como,Martin Baturina,M,Panchina,0,0,
18,13981600,Como,Alberto Cerri,F,Panchina,0,0,
18,13981600,Udinese,Daniele Padelli,G,Titolare,0,0,
18,13981600,Udinese,Thomas Kristensen,D,Titolare,0,0,
18,13981600,Udinese,Christian Kabasele,D,Titolare,0,0,
18,13981600,Udinese,Nicolò Bertola,D,Titolare,0,0,
18,13981600,Udinese,Alessandro Zanoli,M,Titolare,0,0,
18,13981600,Udinese,Jakub Piotrowski,M,Titolare,0,0,
18,13981600,Udinese,Jesper Karlström,M,Titolare,0,0,
18,13981600,Udinese,Jürgen Ekkelenkamp,M,Titolare,0,0,
18,13981600,Udinese,Hassane Kamara,M,Titolare,0,0,
18,13981600,Udinese,Nicolò Zaniolo,F,Titolare,0,0,
18,13981600,Udinese,Keinan Davis,F,Titolare,0,0,
18,13981600,Udinese,Lennon Miller,M,Panchina,0,0,
18,13981600,Udinese,Oumar Solet,D,Panchina,0,0,
18,13981600,Udinese,Kingsley Ehizibue,M,Panchina,0,0,
18,13981600,Udinese,Iker Bravo,F,Panchina,0,0,
18,13981600,Udinese,Idrissa Gueye,F,Panchina,0,0,
18,13981600,Udinese,Maduka Okoye,G,Panchina,0,0,
18,13981600,Udinese,Răzvan Sava,G,Panchina,0,0,
18,13981600,Udinese,Alessandro Nunziante,G,Panchina,0,0,
18,13981600,Udinese,Sandi Lovrić,M,Panchina,0,0,
18,13981600,Udinese,Oier Zarraga,M,Panchina,0,0,
18,13981600,Udinese,Abdoulaye Camara,M,Panchina,0,0,
18,13981602,Cagliari,Elia Caprile,G,Titolare,0,0,
18,13981602,Cagliari,Gabriele Zappa,D,Titolare,0,0,
18,13981602,Cagliari,Sebastiano Luperto,D,Titolare,0,0,
18,13981602,Cagliari,Juan Rodríguez,D,Titolare,0,0,
18,13981602,Cagliari,Marco Palestra,M,Titolare,0,0,
18,13981602,Cagliari,Michel Adopo,M,Titolare,0,0,
18,13981602,Cagliari,Matteo Prati,M,Titolare,0,0,
18,13981602,Cagliari,Luca Mazzitelli,M,Titolare,0,0,
18,13981602,Cagliari,Adam Obert,D,Titolare,0,0,
18,13981602,Cagliari,Semih Kılıçsoy,F,Titolare,0,0,
18,13981602,Cagliari,Sebastiano Esposito,F,Titolare,0,0,
18,13981602,Cagliari,Riyad Idrissi,D,Panchina,0,0,
18,13981602,Cagliari,Gennaro Borrelli,F,Panchina,0,0,
18,13981602,Cagliari,Gianluca Gaetano,M,Panchina,0,0,
18,13981602,Cagliari,Nicolò Cavuoti,M,Panchina,0,0,
18,13981602,Cagliari,Leonardo Pavoletti,F,Panchina,0,0,
18,13981602,Cagliari,Giuseppe Ciocci,G,Panchina,0,0,
18,13981602,Cagliari,Yerry Mina,D,Panchina,0,0,
18,13981602,Cagliari,Nicola Pintus,D,Panchina,0,0,
18,13981602,Cagliari,Alessandro Deiola,M,Panchina,0,0,
18,13981602,Cagliari,Marko Rog,M,Panchina,0,0,
18,13981602,Cagliari,Joseph Liteta,M,Panchina,0,0,
18,13981602,Cagliari,Alessandro Di Pardo,M,Panchina,0,0,
18,13981602,Cagliari,Zito Luvumbo,F,Panchina,0,0,
18,13981602,Cagliari,Yael Trepy,F,Panchina,0,0,
18,13981602,AC Milan,Mike Maignan,G,Titolare,0,0,
18,13981602,AC Milan,Fikayo Tomori,D,Titolare,0,0,
18,13981602,AC Milan,Koni De Winter,D,Titolare,0,0,
18,13981602,AC Milan,Davide Bartesaghi,M,Titolare,0,0,
18,13981602,AC Milan,Alexis Saelemaekers,M,Titolare,0,0,
18,13981602,AC Milan,Youssouf Fofana,M,Titolare,0,0,
18,13981602,AC Milan,Luka Modrić,M,Titolare,0,0,
18,13981602,AC Milan,Adrien Rabiot,M,Titolare,0,0,
18,13981602,AC Milan,Pervis Estupiñán,M,Titolare,0,0,
18,13981602,AC Milan,Rafael Leão,F,Titolare,0,0,
18,13981602,AC Milan,Ruben Loftus-Cheek,M,Titolare,0,0,
18,13981602,AC Milan,Samuele Ricci,M,Panchina,0,0,
18,13981602,AC Milan,Niclas Füllkrug,F,Panchina,0,0,
18,13981602,AC Milan,Matteo Gabbia,D,Panchina,0,0,
18,13981602,AC Milan,Christian Pulišić,F,Panchina,0,0,
18,13981602,AC Milan,Lorenzo Torriani,G,Panchina,0,0,
18,13981602,AC Milan,Pietro Terracciano,G,Panchina,0,0,
18,13981602,AC Milan,Strahinja Pavlović,D,Panchina,0,0,
18,13981602,AC Milan,David Odogu,D,Panchina,0,0,
18,13981602,AC Milan,Zachary Athekame,D,Panchina,0,0,
18,13981602,AC Milan,Ardon Jashari,M,Panchina,0,0,
18,13981602,AC Milan,Alex Castiello,F,Panchina,0,0,
19,13981601,Bologna,Federico Ravaglia,G,Titolare,0,0,
19,13981601,Bologna,Nadir Zortea,D,Titolare,0,0,
19,13981601,Bologna,Martin Vitík,D,Titolare,0,0,
19,13981601,Bologna,Torbjørn Heggem,D,Titolare,0,0,
19,13981601,Bologna,Juan Miranda,D,Titolare,0,0,
19,13981601,Bologna,Remo Freuler,M,Titolare,0,0,
19,13981601,Bologna,Lewis Ferguson,M,Titolare,0,0,
19,13981601,Bologna,Riccardo Orsolini,M,Titolare,0,0,
19,13981601,Bologna,Giovanni Fabbian,M,Titolare,0,0,
19,13981601,Bologna,Nicolò Cambiaghi,F,Titolare,0,0,
19,13981601,Bologna,Thijs Dallinga,F,Titolare,0,0,
19,13981601,Bologna,Jonathan Rowe,F,Panchina,0,0,
19,13981601,Bologna,Ciro Immobile,F,Panchina,0,0,
19,13981601,Bologna,Nikola Moro,M,Panchina,0,0,
19,13981601,Bologna,Santiago Castro,F,Panchina,0,0,
19,13981601,Bologna,Benjamín Domínguez,M,Panchina,0,0,
19,13981601,Bologna,Massimo Pessina,G,Panchina,0,0,
19,13981601,Bologna,Matteo Franceschelli,G,Panchina,0,0,
19,13981601,Bologna,Emil Holm,D,Panchina,0,0,
19,13981601,Bologna,Jhon Lucumí,D,Panchina,0,0,
19,13981601,Bologna,Lorenzo De Silvestri,D,Panchina,0,0,
19,13981601,Bologna,Charalampos Lykogiannis,D,Panchina,0,0,
19,13981601,Bologna,Nicolò Casale,D,Panchina,0,0,
19,13981601,Bologna,Tommaso Pobega,M,Panchina,0,0,
19,13981601,Bologna,Jens Odgaard,M,Panchina,0,0,
19,13981601,Bologna,Sulemana,M,Panchina,0,0,
19,13981601,Atalanta,Marco Carnesecchi,G,Titolare,0,0,
19,13981601,Atalanta,Giorgio Scalvini,D,Titolare,0,0,
19,13981601,Atalanta,Berat Djimsiti,D,Titolare,0,0,
19,13981601,Atalanta,Honest Ahanor,D,Titolare,0,0,
19,13981601,Atalanta,Davide Zappacosta,M,Titolare,0,0,
19,13981601,Atalanta,Marten de Roon,M,Titolare,0,0,
19,13981601,Atalanta,Éderson,M,Titolare,0,0,
19,13981601,Atalanta,Lorenzo Bernasconi,M,Titolare,0,0,
19,13981601,Atalanta,Charles De Ketelaere,F,Titolare,0,0,
19,13981601,Atalanta,Nicola Zalewski,M,Titolare,0,0,
19,13981601,Atalanta,Nikola Krstović,F,Titolare,0,0,
19,13981601,Atalanta,Isak Hien,D,Panchina,0,0,
19,13981601,Atalanta,Yunus Musah,M,Panchina,0,0,
19,13981601,Atalanta,Lazar Samardžić,M,Panchina,0,0,
19,13981601,Atalanta,Marco Brescianini,M,Panchina,0,0,
19,13981601,Atalanta,Kamaldeen Sulemana,F,Panchina,0,0,
19,13981601,Atalanta,Marco Sportiello,G,Panchina,0,0,
19,13981601,Atalanta,Francesco Rossi,G,Panchina,0,0,
19,13981601,Atalanta,Mario Pašalić,M,Panchina,0,0,
19,13981601,Atalanta,Daniel Maldini,F,Panchina,0,0,
19,13981604,Lecce,Wladimiro Falcone,G,Titolare,0,0,
19,13981604,Lecce,Danilo Veiga,D,Titolare,0,0,
19,13981604,Lecce,Kialonda Gaspar,D,Titolare,0,0,
19,13981604,Lecce,Tiago Gabriel,D,Titolare,0,0,
19,13981604,Lecce,Antonino Gallo,D,Titolare,0,0,
19,13981604,Lecce,Mohamed Kaba,M,Titolare,0,0,
19,13981604,Lecce,Ylber Ramadani,M,Titolare,0,0,
19,13981604,Lecce,Youssef Maleh,M,Titolare,0,0,
19,13981604,Lecce,Lameck Banda,M,Titolare,0,0,
19,13981604,Lecce,Francesco Camarda,F,Titolare,0,0,
19,13981604,Lecce,Riccardo Sottil,F,Titolare,0,0,
19,13981604,Lecce,N'Dri Konan,F,Panchina,0,0,
19,13981604,Lecce,Santiago Pierotti,F,Panchina,0,0,
19,13981604,Lecce,Olaf Gorter,M,Panchina,0,0,
19,13981604,Lecce,Nikola Štulić,F,Panchina,0,0,
19,13981604,Lecce,Þórir Jóhann Helgason,M,Panchina,0,0,
19,13981604,Lecce,Jasper Samooja,G,Panchina,0,0,
19,13981604,Lecce,Jamil Siebert,D,Panchina,0,0,
19,13981604,Lecce,Corrie Ndaba,D,Panchina,0,0,
19,13981604,Lecce,Gaby Jean,D,Panchina,0,0,
19,13981604,Lecce,Matías Pérez,D,Panchina,0,0,
19,13981604,Lecce,Christ-Owen Kouassi,D,Panchina,0,0,
19,13981604,Lecce,Filip Marchwiński,M,Panchina,0,0,
19,13981604,Lecce,Niko Kovač,M,Panchina,0,0,
19,13981604,Lecce,Alex Sala,M,Panchina,0,0,
19,13981604,AS Roma,Mile Svilar,G,Titolare,0,0,
19,13981604,AS Roma,Daniele Ghilardi,D,Titolare,0,0,
19,13981604,AS Roma,Jan Ziółkowski,D,Titolare,0,0,
19,13981604,AS Roma,Zeki Çelik,D,Titolare,0,0,
19,13981604,AS Roma,Wesley,M,Titolare,0,0,
19,13981604,AS Roma,Niccolò Pisilli,M,Titolare,0,0,
19,13981604,AS Roma,Manu Koné,M,Titolare,0,0,
19,13981604,AS Roma,Stephan El Shaarawy,F,Titolare,0,0,
19,13981604,AS Roma,Bryan Cristante,M,Titolare,0,0,
19,13981604,AS Roma,Paulo Dybala,F,Titolare,0,0,
19,13981604,AS Roma,Evan Ferguson,F,Titolare,0,0,
19,13981604,AS Roma,Kostas Tsimikas,D,Panchina,0,0,
19,13981604,AS Roma,Artem Dovbyk,F,Panchina,0,0,
19,13981604,AS Roma,Matías Soulé,F,Panchina,0,0,
19,13981604,AS Roma,Alessandro Romano,M,Panchina,0,0,
19,13981604,AS Roma,Radosław Żelezny,G,Panchina,0,0,
19,13981604,AS Roma,Devis Vásquez,G,Panchina,0,0,
19,13981604,AS Roma,Emanuele Lulli,D,Panchina,0,0,
19,13981604,AS Roma,Jacopo Mirra,D,Panchina,0,0,
19,13981604,AS Roma,Angeliño,M,Panchina,0,0,
19,13981605,Lazio,Ivan Provedel,G,Titolare,0,0,
19,13981605,Lazio,Manuel Lazzari,D,Titolare,0,0,
19,13981605,Lazio,Mario Gila,D,Titolare,0,0,
19,13981605,Lazio,Alessio Romagnoli,D,Titolare,0,0,
19,13981605,Lazio,Luca Pellegrini,D,Titolare,0,0,
19,13981605,Lazio,Mattéo Guendouzi,M,Titolare,0,0,
19,13981605,Lazio,Danilo Cataldi,M,Titolare,0,0,
19,13981605,Lazio,Toma Bašić,M,Titolare,0,0,
19,13981605,Lazio,Gustav Isaksen,F,Titolare,0,0,
19,13981605,Lazio,Matteo Cancellieri,F,Titolare,0,0,
19,13981605,Lazio,Mattia Zaccagni,F,Titolare,0,0,
19,13981605,Lazio,Matías Vecino,M,Panchina,0,0,
19,13981605,Lazio,Pedro,F,Panchina,0,0,
19,13981605,Lazio,Elseid Hysaj,D,Panchina,0,0,
19,13981605,Lazio,Christos Mandas,G,Panchina,0,0,
19,13981605,Lazio,Alessio Furlanetto,G,Panchina,0,0,
19,13981605,Lazio,Oliver Provstgaard,D,Panchina,0,0,
19,13981605,Lazio,Nuno Tavares,D,Panchina,0,0,
19,13981605,Lazio,Reda Belahyane,M,Panchina,0,0,
19,13981605,Lazio,Nicolò Rovella,M,Panchina,0,0,
19,13981605,Lazio,Federico Serra,F,Panchina,0,0,
19,13981605,Fiorentina,David De Gea,G,Titolare,0,0,
19,13981605,Fiorentina,Dodô,M,Titolare,0,0,
19,13981605,Fiorentina,Pietro Comuzzo,D,Titolare,0,0,
19,13981605,Fiorentina,Marin Pongračić,D,Titolare,0,0,
19,13981605,Fiorentina,Robin Gosens,D,Titolare,0,0,
19,13981605,Fiorentina,Rolando Mandragora,M,Titolare,0,0,
19,13981605,Fiorentina,Nicolò Fagioli,M,Titolare,0,0,
19,13981605,Fiorentina,Cher Ndour,M,Titolare,0,0,
19,13981605,Fiorentina,Fabiano Parisi,D,Titolare,0,0,
19,13981605,Fiorentina,Roberto Piccoli,F,Titolare,0,0,
19,13981605,Fiorentina,Albert Guðmundsson,F,Titolare,0,0,
19,13981605,Fiorentina,Moise Kean,F,Panchina,0,0,
19,13981605,Fiorentina,Luca Ranieri,D,Panchina,0,0,
19,13981605,Fiorentina,Manor Solomon,F,Panchina,0,0,
19,13981605,Fiorentina,Pablo Marí,D,Panchina,0,0,
19,13981605,Fiorentina,Hans Nicolussi Caviglia,M,Panchina,0,0,
19,13981605,Fiorentina,Luca Lezzerini,G,Panchina,0,0,
19,13981605,Fiorentina,Oliver Christensen,G,Panchina,0,0,
19,13981605,Fiorentina,Niccolò Fortini,D,Panchina,0,0,
19,13981605,Fiorentina,Eman Košpo,D,Panchina,0,0,
19,13981605,Fiorentina,Eddy Kouadio,D,Panchina,0,0,
19,13981605,Fiorentina,Simon Sohm,M,Panchina,0,0,
19,13981605,Fiorentina,Christian Kouamé,F,Panchina,0,0,
19,13981607,SSC Napoli,Vanja Milinković-Savić,G,Titolare,0,0,
19,13981607,SSC Napoli,Giovanni Di Lorenzo,D,Titolare,0,0,
19,13981607,SSC Napoli,Amir Rrahmani,D,Titolare,0,0,
19,13981607,SSC Napoli,Alessandro Buongiorno,D,Titolare,0,0,
19,13981607,SSC Napoli,Matteo Politano,M,Titolare,0,0,
19,13981607,SSC Napoli,Stanislav Lobotka,M,Titolare,0,0,
19,13981607,SSC Napoli,Scott McTominay,M,Titolare,0,0,
19,13981607,SSC Napoli,Miguel Gutiérrez,D,Titolare,0,0,
19,13981607,SSC Napoli,Eljif Elmas,M,Titolare,0,0,
19,13981607,SSC Napoli,Noa Lang,F,Titolare,0,0,
19,13981607,SSC Napoli,Rasmus Højlund,F,Titolare,0,0,
19,13981607,SSC Napoli,Leonardo Spinazzola,D,Panchina,0,0,
19,13981607,SSC Napoli,Luca Marianucci,D,Panchina,0,0,
19,13981607,SSC Napoli,Lorenzo Lucca,F,Panchina,0,0,
19,13981607,SSC Napoli,Alex Meret,G,Panchina,0,0,
19,13981607,SSC Napoli,Nikita Contini,G,Panchina,0,0,
19,13981607,SSC Napoli,Juan Jesus,D,Panchina,0,0,
19,13981607,SSC Napoli,Mathías Olivera,D,Panchina,0,0,
19,13981607,SSC Napoli,Emmanuele De Chiara,M,Panchina,0,0,
19,13981607,SSC Napoli,Vincenzo Prisco,M,Panchina,0,0,
19,13981607,Hellas Verona,Lorenzo Montipò,G,Titolare,0,0,
19,13981607,Hellas Verona,Unai Núñez,D,Titolare,0,0,
19,13981607,Hellas Verona,Armel Bella-Kotchap,D,Titolare,0,0,
19,13981607,Hellas Verona,Nicolás Valentini,D,Titolare,0,0,
19,13981607,Hellas Verona,Domagoj Bradarić,M,Titolare,0,0,
19,13981607,Hellas Verona,Cheikh Niasse,M,Titolare,0,0,
19,13981607,Hellas Verona,Roberto Gagliardini,M,Titolare,0,0,
19,13981607,Hellas Verona,Antoine Bernede,M,Titolare,0,0,
19,13981607,Hellas Verona,Martin Frese,D,Titolare,0,0,
19,13981607,Hellas Verona,Amin Sarr,F,Titolare,0,0,
19,13981607,Hellas Verona,Gift Orban,F,Titolare,0,0,
19,13981607,Hellas Verona,Giovane,F,Panchina,0,0,
19,13981607,Hellas Verona,Victor Nelsson,D,Panchina,0,0,
19,13981607,Hellas Verona,Suat Serdar,M,Panchina,0,0,
19,13981607,Hellas Verona,Daniel Mosquera,F,Panchina,0,0,
19,13981607,Hellas Verona,Giacomo Toniolo,G,Panchina,0,0,
19,13981607,Hellas Verona,Simone Perilli,G,Panchina,0,0,
19,13981607,Hellas Verona,Enzo Ebosse,D,Panchina,0,0,
19,13981607,Hellas Verona,Tobias Slotsager,D,Panchina,0,0,
19,13981607,Hellas Verona,Fallou Cham,D,Panchina,0,0,
19,13981607,Hellas Verona,Daniel Oyegoke,M,Panchina,0,0,
19,13981607,Hellas Verona,Abdou Harroui,M,Panchina,0,0,
19,13981607,Hellas Verona,Grigoris Kastanos,M,Panchina,0,0,
19,13981607,Hellas Verona,Yellu Santiago,M,Panchina,0,0,
19,13981607,Hellas Verona,Moatasem Al-Musrati,M,Panchina,0,0,
19,13981608,Sassuolo,Arijanet Murić,G,Titolare,0,0,
19,13981608,Sassuolo,Sebastian Walukiewicz,D,Titolare,0,0,
19,13981608,Sassuolo,Jay Idzes,D,Titolare,0,0,
19,13981608,Sassuolo,Tarik Muharemović,D,Titolare,0,0,
19,13981608,Sassuolo,Josh Doig,D,Titolare,0,0,
19,13981608,Sassuolo,Edoardo Iannoni,M,Titolare,0,0,
19,13981608,Sassuolo,Nemanja Matić,M,Titolare,0,0,
19,13981608,Sassuolo,Ismael Koné,M,Titolare,0,0,
19,13981608,Sassuolo,Kristian Thorstvedt,M,Titolare,0,0,
19,13981608,Sassuolo,Andrea Pinamonti,F,Titolare,0,0,
19,13981608,Sassuolo,Armand Laurienté,F,Titolare,0,0,
19,13981608,Sassuolo,Alieu Fadera,F,Panchina,0,0,
19,13981608,Sassuolo,Aster Vranckx,M,Panchina,0,0,
19,13981608,Sassuolo,Luca Lipani,M,Panchina,0,0,
19,13981608,Sassuolo,Nicholas Pierini,F,Panchina,0,0,
19,13981608,Sassuolo,Cas Odenthal,D,Panchina,0,0,
19,13981608,Sassuolo,Stefano Turati,G,Panchina,0,0,
19,13981608,Sassuolo,Giacomo Satalino,G,Panchina,0,0,
19,13981608,Sassuolo,Gioele Zacchi,G,Panchina,0,0,
19,13981608,Sassuolo,Yeferson Paz,D,Panchina,0,0,
19,13981608,Sassuolo,Tommaso Macchioni,D,Panchina,0,0,
19,13981608,Sassuolo,Luca Barani,D,Panchina,0,0,
19,13981608,Sassuolo,Laurs Skjellerup,F,Panchina,0,0,
19,13981608,Sassuolo,Luca Moro,F,Panchina,0,0,
19,13981608,Sassuolo,Walid Cheddira,F,Panchina,0,0,
19,13981608,Juventus,Michele Di Gregorio,G,Titolare,0,0,
19,13981608,Juventus,Pierre Kalulu,D,Titolare,0,0,
19,13981608,Juventus,Bremer,D,Titolare,0,0,
19,13981608,Juventus,Teun Koopmeiners,M,Titolare,0,0,
19,13981608,Juventus,Weston McKennie,M,Titolare,0,0,
19,13981608,Juventus,Manuel Locatelli,M,Titolare,0,0,
19,13981608,Juventus,Khéphren Thuram,M,Titolare,0,0,
19,13981608,Juventus,Andrea Cambiaso,M,Titolare,0,0,
19,13981608,Juventus,Fabio Miretti,M,Titolare,0,0,
19,13981608,Juventus,Kenan Yıldız,F,Titolare,0,0,
19,13981608,Juventus,Jonathan David,F,Titolare,0,0,
19,13981608,Juventus,João Mário,D,Panchina,0,0,
19,13981608,Juventus,Loïs Openda,F,Panchina,0,0,
19,13981608,Juventus,Juan Cabal,D,Panchina,0,0,
19,13981608,Juventus,Vasilije Adžić,M,Panchina,0,0,
19,13981608,Juventus,Edon Zhegrova,F,Panchina,0,0,
19,13981608,Juventus,Carlo Pinsoglio,G,Panchina,0,0,
19,13981608,Juventus,Mattia Perin,G,Panchina,0,0,
19,13981608,Juventus,Pedro Felipe,D,Panchina,0,0,
19,13981608,Juventus,Filip Kostić,M,Panchina,0,0,
19,13981608,Juventus,Lorenzo Anghelè,F,Panchina,0,0,
19,13981609,Pisa,Adrian Šemper,G,Titolare,0,0,
19,13981609,Pisa,Francesco Coppola,D,Titolare,0,0,
19,13981609,Pisa,Antonio Caracciolo,D,Titolare,0,0,
19,13981609,Pisa,Simone Canestrelli,D,Titolare,0,0,
19,13981609,Pisa,Idrissa Touré,M,Titolare,0,0,
19,13981609,Pisa,Gabriele Piccinini,M,Titolare,0,0,
19,13981609,Pisa,Michel Aebischer,M,Titolare,0,0,
19,13981609,Pisa,Marius Marin,M,Titolare,0,0,
19,13981609,Pisa,Samuele Angori,M,Titolare,0,0,
19,13981609,Pisa,M'bala Nzola,F,Titolare,0,0,
19,13981609,Pisa,Matteo Tramoni,F,Titolare,0,0,
19,13981609,Pisa,Mehdi Léris,M,Panchina,0,0,
19,13981609,Pisa,Stefano Moreo,F,Panchina,0,0,
19,13981609,Pisa,Lorran,M,Panchina,0,0,
19,13981609,Pisa,Tomás Esteves,F,Panchina,0,0,
19,13981609,Pisa,Malthe Højholt,M,Panchina,0,0,
19,13981609,Pisa,Simone Scuffet,G,Panchina,0,0,
19,13981609,Pisa,Nícolas,G,Panchina,0,0,
19,13981609,Pisa,Daniel Denoon,D,Panchina,0,0,
19,13981609,Pisa,Arturo Calabresi,D,Panchina,0,0,
19,13981609,Pisa,Jeremy Kandje Mbambi,D,Panchina,0,0,
19,13981609,Pisa,Giovanni Bonfanti,D,Panchina,0,0,
19,13981609,Pisa,Brando Bettazzi,M,Panchina,0,0,
19,13981609,Pisa,Louis Buffon,F,Panchina,0,0,
19,13981609,Como,Jean Butez,G,Titolare,0,0,
19,13981609,Como,Ivan Smolčić,D,Titolare,0,0,
19,13981609,Como,Jacobo Ramón,D,Titolare,0,0,
19,13981609,Como,Marc Kempf,D,Titolare,0,0,
19,13981609,Como,Álex Valle,D,Titolare,0,0,
19,13981609,Como,Máximo Perrone,M,Titolare,0,0,
19,13981609,Como,Lucas Da Cunha,M,Titolare,0,0,
19,13981609,Como,Nicolas-Gerrit Kühn,F,Titolare,0,0,
19,13981609,Como,Nico Paz,M,Titolare,0,0,
19,13981609,Como,Jesús Rodriguez,M,Titolare,0,0,
19,13981609,Como,Anastasios Douvikas,F,Titolare,0,0,
19,13981609,Como,Mërgim Vojvoda,D,Panchina,0,0,
19,13981609,Como,Maxence Caqueret,M,Panchina,0,0,
19,13981609,Como,Martin Baturina,M,Panchina,0,0,
19,13981609,Como,Stefan Posch,D,Panchina,0,0,
19,13981609,Como,Sergi Roberto,M,Panchina,0,0,
19,13981609,Como,Mauro Vigorito,G,Panchina,0,0,
19,13981609,Como,Nikola Čavlina,G,Panchina,0,0,
19,13981609,Como,Alberto Dossena,D,Panchina,0,0,
19,13981609,Como,Ignace Van der Brempt,D,Panchina,0,0,
19,13981609,Como,Diego Carlos,D,Panchina,0,0,
19,13981609,Como,Alberto Moreno,D,Panchina,0,0,
19,13981609,Como,Andrea Le Borgne,M,Panchina,0,0,
19,13981609,Como,Alberto Cerri,F,Panchina,0,0,
19,13981610,Parma,Edoardo Corvi,G,Titolare,0,0,
19,13981610,Parma,Sascha Britschgi,D,Titolare,0,0,
19,13981610,Parma,Enrico Delprato,D,Titolare,0,0,
19,13981610,Parma,Alessandro Circati,D,Titolare,0,0,
19,13981610,Parma,Emanuele Valeri,M,Titolare,0,0,
19,13981610,Parma,Adrián Bernabé,M,Titolare,0,0,
19,13981610,Parma,Mandela Keita,M,Titolare,0,0,
19,13981610,Parma,Oliver Sørensen,M,Titolare,0,0,
19,13981610,Parma,Gaetano Oristanio,M,Titolare,0,0,
19,13981610,Parma,Mateo Pellegrino,F,Titolare,0,0,
19,13981610,Parma,Jacob Ondrejka,F,Titolare,0,0,
19,13981610,Parma,Christian Ordoñez,M,Panchina,0,0,
19,13981610,Parma,Pontus Almqvist,F,Panchina,0,0,
19,13981610,Parma,Nahuel Estévez,M,Panchina,0,0,
19,13981610,Parma,Patrick Cutrone,F,Panchina,0,0,
19,13981610,Parma,Benjamin Cremaschi,M,Panchina,0,0,
19,13981610,Parma,Filippo Rinaldi,G,Panchina,0,0,
19,13981610,Parma,Vicente Guaita,G,Panchina,0,0,
19,13981610,Parma,Lautaro Valenti,D,Panchina,0,0,
19,13981610,Parma,Mathias Løvik,D,Panchina,0,0,
19,13981610,Parma,Mariano Troilo,D,Panchina,0,0,
19,13981610,Parma,Hernani,M,Panchina,0,0,
19,13981610,Parma,Milan Đurić,F,Panchina,0,0,
19,13981610,Inter,Yann Sommer,G,Titolare,0,0,
19,13981610,Inter,Yann Bisseck,D,Titolare,0,0,
19,13981610,Inter,Manuel Akanji,D,Titolare,0,0,
19,13981610,Inter,Carlos Augusto,D,Titolare,0,0,
19,13981610,Inter,Luís Henrique,M,Titolare,0,0,
19,13981610,Inter,Petar Sučić,M,Titolare,0,0,
19,13981610,Inter,Hakan Çalhanoğlu,M,Titolare,0,0,
19,13981610,Inter,Henrikh Mkhitaryan,M,Titolare,0,0,
19,13981610,Inter,Federico Dimarco,M,Titolare,0,0,
19,13981610,Inter,Lautaro Martínez,F,Titolare,0,0,
19,13981610,Inter,Francesco Pio Esposito,F,Titolare,0,0,
19,13981610,Inter,Nicolò Barella,M,Panchina,0,0,
19,13981610,Inter,Piotr Zieliński,M,Panchina,0,0,
19,13981610,Inter,Marcus Thuram,F,Panchina,0,0,
19,13981610,Inter,Francesco Acerbi,D,Panchina,0,0,
19,13981610,Inter,Ange-Yoan Bonny,F,Panchina,0,0,
19,13981610,Inter,Alain Taho,G,Panchina,0,0,
19,13981610,Inter,Josep Martínez,G,Panchina,0,0,
19,13981610,Inter,Alessandro Bastoni,D,Panchina,0,0,
19,13981610,Inter,Simone Cinquegrano,D,Panchina,0,0,
19,13981610,Inter,Stefan de Vrij,D,Panchina,0,0,
19,13981610,Inter,Issiaka Kamate,M,Panchina,0,0,
19,13981610,Inter,Matteo Cocchi,M,Panchina,0,0,
19,13981611,Torino,Alberto Paleari,G,Titolare,0,0,
19,13981611,Torino,Ardian Ismajli,D,Titolare,0,0,
19,13981611,Torino,Guillermo Maripán,D,Titolare,0,0,
19,13981611,Torino,Saúl Coco,D,Titolare,0,0,
19,13981611,Torino,Valentino Lazaro,M,Titolare,0,0,
19,13981611,Torino,Nikola Vlašić,M,Titolare,0,0,
19,13981611,Torino,Emirhan İlkhan,M,Titolare,0,0,
19,13981611,Torino,Cesare Casadei,M,Titolare,0,0,
19,13981611,Torino,Zakaria Aboukhlal,F,Titolare,0,0,
19,13981611,Torino,Giovanni Simeone,F,Titolare,0,0,
19,13981611,Torino,Alieu Njie,F,Titolare,0,0,
19,13981611,Torino,Che Adams,F,Panchina,0,0,
19,13981611,Torino,Tino Anjorin,M,Panchina,0,0,
19,13981611,Torino,Cyril Ngonge,F,Panchina,0,0,
19,13981611,Torino,Duván Zapata,F,Panchina,0,0,
19,13981611,Torino,Adrien Tameze,D,Panchina,0,0,
19,13981611,Torino,Mihai Popa,G,Panchina,0,0,
19,13981611,Torino,Franco Israel,G,Panchina,0,0,
19,13981611,Torino,Mattia Pellini,D,Panchina,0,0,
19,13981611,Torino,Ali Dembélé,D,Panchina,0,0,
19,13981611,Torino,Kristjan Asllani,M,Panchina,0,0,
19,13981611,Torino,Wisdom Acquah,M,Panchina,0,0,
19,13981611,Udinese,Maduka Okoye,G,Titolare,0,0,
19,13981611,Udinese,Thomas Kristensen,D,Titolare,0,0,
19,13981611,Udinese,Christian Kabasele,D,Titolare,0,0,
19,13981611,Udinese,Oumar Solet,D,Titolare,0,0,
19,13981611,Udinese,Hassane Kamara,M,Titolare,0,0,
19,13981611,Udinese,Alessandro Zanoli,M,Titolare,0,0,
19,13981611,Udinese,Lennon Miller,M,Titolare,0,0,
19,13981611,Udinese,Jesper Karlström,M,Titolare,0,0,
19,13981611,Udinese,Jürgen Ekkelenkamp,M,Titolare,0,0,
19,13981611,Udinese,Nicolò Zaniolo,F,Titolare,0,0,
19,13981611,Udinese,Keinan Davis,F,Titolare,0,0,
19,13981611,Udinese,Arthur Atta,M,Panchina,0,0,
19,13981611,Udinese,Jakub Piotrowski,M,Panchina,0,0,
19,13981611,Udinese,Kingsley Ehizibue,M,Panchina,0,0,
19,13981611,Udinese,Nicolò Bertola,D,Panchina,0,0,
19,13981611,Udinese,Oier Zarraga,M,Panchina,0,0,
19,13981611,Udinese,Alessandro Nunziante,G,Panchina,0,0,
19,13981611,Udinese,Daniele Padelli,G,Panchina,0,0,
19,13981611,Udinese,Răzvan Sava,G,Panchina,0,0,
19,13981611,Udinese,Matteo Palma,D,Panchina,0,0,
19,13981611,Udinese,Abdoulaye Camara,M,Panchina,0,0,
19,13981611,Udinese,Sandi Lovrić,M,Panchina,0,0,
19,13981611,Udinese,Rui Modesto,M,Panchina,0,0,
19,13981611,Udinese,Iker Bravo,F,Panchina,0,0,
19,13981611,Udinese,Idrissa Gueye,F,Panchina,0,0,
19,14844436,Cremonese,Emil Audero,G,Titolare,0,0,
19,14844436,Cremonese,Filippo Terracciano,D,Titolare,0,0,
19,14844436,Cremonese,Federico Baschirotto,D,Titolare,0,0,
19,14844436,Cremonese,Matteo Bianchetti,D,Titolare,0,0,
19,14844436,Cremonese,Romano Floriani Mussolini,M,Titolare,0,0,
19,14844436,Cremonese,Martín Payero,M,Titolare,0,0,
19,14844436,Cremonese,Warren Bondo,M,Titolare,0,0,
19,14844436,Cremonese,Dennis Johnsen,F,Titolare,0,0,
19,14844436,Cremonese,Giuseppe Pezzella,M,Titolare,0,0,
19,14844436,Cremonese,Federico Bonazzoli,F,Titolare,0,0,
19,14844436,Cremonese,Jamie Vardy,F,Titolare,0,0,
19,14844436,Cremonese,Tommaso Barbieri,M,Panchina,0,0,
19,14844436,Cremonese,Jari Vandeputte,M,Panchina,0,0,
19,14844436,Cremonese,Alessio Zerbin,M,Panchina,0,0,
19,14844436,Cremonese,Alberto Grassi,M,Panchina,0,0,
19,14844436,Cremonese,Antonio Sanabria,F,Panchina,0,0,
19,14844436,Cremonese,Marco Silvestri,G,Panchina,0,0,
19,14844436,Cremonese,Lapo Nava,G,Panchina,0,0,
19,14844436,Cremonese,Francesco Folino,D,Panchina,0,0,
19,14844436,Cremonese,Federico Ceccherini,D,Panchina,0,0,
19,14844436,Cremonese,Mikayil Faye,D,Panchina,0,0,
19,14844436,Cremonese,Franco Vázquez,M,Panchina,0,0,
19,14844436,Cremonese,Mattia Valoti,M,Panchina,0,0,
19,14844436,Cremonese,Dachi Lordkipanidze,M,Panchina,0,0,
19,14844436,Cremonese,Faris Moumbagna,F,Panchina,0,0,
19,14844436,Cagliari,Elia Caprile,G,Titolare,0,0,
19,14844436,Cagliari,Sebastiano Luperto,D,Titolare,0,0,
19,14844436,Cagliari,Yerry Mina,D,Titolare,0,0,
19,14844436,Cagliari,Juan Rodríguez,D,Titolare,0,0,
19,14844436,Cagliari,Gabriele Zappa,D,Titolare,0,0,
19,14844436,Cagliari,Michel Adopo,M,Titolare,0,0,
19,14844436,Cagliari,Matteo Prati,M,Titolare,0,0,
19,14844436,Cagliari,Marco Palestra,M,Titolare,0,0,
19,14844436,Cagliari,Zito Luvumbo,F,Titolare,0,0,
19,14844436,Cagliari,Gianluca Gaetano,M,Titolare,0,0,
19,14844436,Cagliari,Gennaro Borrelli,F,Titolare,0,0,
19,14844436,Cagliari,Sebastiano Esposito,F,Panchina,0,0,
19,14844436,Cagliari,Adam Obert,D,Panchina,0,0,
19,14844436,Cagliari,Luca Mazzitelli,M,Panchina,0,0,
19,14844436,Cagliari,Semih Kılıçsoy,F,Panchina,0,0,
19,14844436,Cagliari,Yael Trepy,F,Panchina,0,0,
19,14844436,Cagliari,Giuseppe Ciocci,G,Panchina,0,0,
19,14844436,Cagliari,Alen Sherri,G,Panchina,0,0,
19,14844436,Cagliari,Nicola Pintus,D,Panchina,0,0,
19,14844436,Cagliari,Riyad Idrissi,D,Panchina,0,0,
19,14844436,Cagliari,Alessandro Di Pardo,M,Panchina,0,0,
19,14844436,Cagliari,Joseph Liteta,M,Panchina,0,0,
19,14844436,Cagliari,Nicolò Cavuoti,M,Panchina,0,0,
19,14844436,Cagliari,Leonardo Pavoletti,F,Panchina,0,0,
19,14844437,AC Milan,Mike Maignan,G,Titolare,0,0,
19,14844437,AC Milan,Fikayo Tomori,D,Titolare,0,0,
19,14844437,AC Milan,Matteo Gabbia,D,Titolare,0,0,
19,14844437,AC Milan,Strahinja Pavlović,D,Titolare,0,0,
19,14844437,AC Milan,Alexis Saelemaekers,M,Titolare,0,0,
19,14844437,AC Milan,Youssouf Fofana,M,Titolare,0,0,
19,14844437,AC Milan,Luka Modrić,M,Titolare,0,0,
19,14844437,AC Milan,Adrien Rabiot,M,Titolare,0,0,
19,14844437,AC Milan,Davide Bartesaghi,M,Titolare,0,0,
19,14844437,AC Milan,Rafael Leão,F,Titolare,0,0,
19,14844437,AC Milan,Christian Pulišić,F,Titolare,0,0,
19,14844437,AC Milan,Ruben Loftus-Cheek,M,Panchina,0,0,
19,14844437,AC Milan,Niclas Füllkrug,F,Panchina,0,0,
19,14844437,AC Milan,Zachary Athekame,D,Panchina,0,0,
19,14844437,AC Milan,Lorenzo Torriani,G,Panchina,0,0,
19,14844437,AC Milan,Pietro Terracciano,G,Panchina,0,0,
19,14844437,AC Milan,David Odogu,D,Panchina,0,0,
19,14844437,AC Milan,Koni De Winter,D,Panchina,0,0,
19,14844437,AC Milan,Ardon Jashari,M,Panchina,0,0,
19,14844437,AC Milan,Pervis Estupiñán,M,Panchina,0,0,
19,14844437,AC Milan,Samuele Ricci,M,Panchina,0,0,
19,14844437,AC Milan,Alex Castiello,F,Panchina,0,0,
19,14844437,Genoa,Nicola Leali,G,Titolare,0,0,
19,14844437,Genoa,Alessandro Marcandalli,D,Titolare,0,0,
19,14844437,Genoa,Leo Østigård,D,Titolare,0,0,
19,14844437,Genoa,Johan Vásquez,D,Titolare,0,0,
19,14844437,Genoa,Brooke Norton-Cuffy,D,Titolare,0,0,
19,14844437,Genoa,Ruslan Malinovskyi,M,Titolare,0,0,
19,14844437,Genoa,Morten Frendrup,M,Titolare,0,0,
19,14844437,Genoa,Morten Thorsby,M,Titolare,0,0,
19,14844437,Genoa,Aarón Martín,M,Titolare,0,0,
19,14844437,Genoa,Vitinha,F,Titolare,0,0,
19,14844437,Genoa,Lorenzo Colombo,F,Titolare,0,0,
19,14844437,Genoa,Patrizio Masini,M,Panchina,0,0,
19,14844437,Genoa,Mikael Ellertsson,M,Panchina,0,0,
19,14844437,Genoa,Jeff Ekhator,F,Panchina,0,0,
19,14844437,Genoa,Sebastian Otoa,D,Panchina,0,0,
19,14844437,Genoa,Nicolae Stanciu,M,Panchina,0,0,
19,14844437,Genoa,Daniele Sommariva,G,Panchina,0,0,
19,14844437,Genoa,Ernestas Lysionok,G,Panchina,0,0,
19,14844437,Genoa,Stefano Sabelli,M,Panchina,0,0,
19,14844437,Genoa,Hugo Cuenca,M,Panchina,0,0,
19,14844437,Genoa,Joi Xheto Nuredini,F,Panchina,0,0,
19,14844437,Genoa,Lorenzo Venturino,F,Panchina,0,0,
19,14844437,Genoa,Seydou Fini,F,Panchina,0,0,
20,13981613,Atalanta,Marco Carnesecchi,G,Titolare,0,0,
20,13981613,Atalanta,Giorgio Scalvini,D,Titolare,0,0,
20,13981613,Atalanta,Berat Djimsiti,D,Titolare,0,0,
20,13981613,Atalanta,Honest Ahanor,D,Titolare,0,0,
20,13981613,Atalanta,Davide Zappacosta,M,Titolare,0,0,
20,13981613,Atalanta,Marten de Roon,M,Titolare,0,0,
20,13981613,Atalanta,Éderson,M,Titolare,0,0,
20,13981613,Atalanta,Lorenzo Bernasconi,M,Titolare,0,0,
20,13981613,Atalanta,Charles De Ketelaere,F,Titolare,0,0,
20,13981613,Atalanta,Nicola Zalewski,M,Titolare,0,0,
20,13981613,Atalanta,Nikola Krstović,F,Titolare,0,0,
20,13981613,Atalanta,Isak Hien,D,Panchina,0,0,
20,13981613,Atalanta,Yunus Musah,M,Panchina,0,0,
20,13981613,Atalanta,Gianluca Scamacca,F,Panchina,0,0,
20,13981613,Atalanta,Lazar Samardžić,M,Panchina,0,0,
20,13981613,Atalanta,Mario Pašalić,M,Panchina,0,0,
20,13981613,Atalanta,Marco Sportiello,G,Panchina,0,0,
20,13981613,Atalanta,Francesco Rossi,G,Panchina,0,0,
20,13981613,Atalanta,Daniel Maldini,F,Panchina,0,0,
20,13981613,Atalanta,Kamaldeen Sulemana,F,Panchina,0,0,
20,13981613,Torino,Alberto Paleari,G,Titolare,0,0,
20,13981613,Torino,Ardian Ismajli,D,Titolare,0,0,
20,13981613,Torino,Guillermo Maripán,D,Titolare,0,0,
20,13981613,Torino,Saúl Coco,D,Titolare,0,0,
20,13981613,Torino,Valentino Lazaro,M,Titolare,0,0,
20,13981613,Torino,Nikola Vlašić,M,Titolare,0,0,
20,13981613,Torino,Adrien Tameze,D,Titolare,0,0,
20,13981613,Torino,Gvidas Gineitis,M,Titolare,0,0,
20,13981613,Torino,Zakaria Aboukhlal,F,Titolare,0,0,
20,13981613,Torino,Duván Zapata,F,Titolare,0,0,
20,13981613,Torino,Cyril Ngonge,F,Titolare,0,0,
20,13981613,Torino,Giovanni Simeone,F,Panchina,0,0,
20,13981613,Torino,Che Adams,F,Panchina,0,0,
20,13981613,Torino,Emirhan İlkhan,M,Panchina,0,0,
20,13981613,Torino,Cristiano Biraghi,D,Panchina,0,0,
20,13981613,Torino,Alieu Njie,F,Panchina,0,0,
20,13981613,Torino,Franco Israel,G,Panchina,0,0,
20,13981613,Torino,Mihai Popa,G,Panchina,0,0,
20,13981613,Torino,Ali Dembélé,D,Panchina,0,0,
20,13981613,Torino,Saba Sazonov,D,Panchina,0,0,
20,13981613,Torino,Niels Nkounkou,D,Panchina,0,0,
20,13981613,Torino,Kristjan Asllani,M,Panchina,0,0,
20,13981613,Torino,Tino Anjorin,M,Panchina,0,0,
20,13981613,Torino,Wisdom Acquah,M,Panchina,0,0,
20,13981614,Fiorentina,David De Gea,G,Titolare,0,0,
20,13981614,Fiorentina,Dodô,M,Titolare,0,0,
20,13981614,Fiorentina,Pietro Comuzzo,D,Titolare,0,0,
20,13981614,Fiorentina,Marin Pongračić,D,Titolare,0,0,
20,13981614,Fiorentina,Robin Gosens,D,Titolare,0,0,
20,13981614,Fiorentina,Rolando Mandragora,M,Titolare,0,0,
20,13981614,Fiorentina,Nicolò Fagioli,M,Titolare,0,0,
20,13981614,Fiorentina,Cher Ndour,M,Titolare,0,0,
20,13981614,Fiorentina,Fabiano Parisi,D,Titolare,0,0,
20,13981614,Fiorentina,Moise Kean,F,Titolare,0,0,
20,13981614,Fiorentina,Albert Guðmundsson,F,Titolare,0,0,
20,13981614,Fiorentina,Marco Brescianini,M,Panchina,0,0,
20,13981614,Fiorentina,Luca Ranieri,D,Panchina,0,0,
20,13981614,Fiorentina,Niccolò Fortini,D,Panchina,0,0,
20,13981614,Fiorentina,Manor Solomon,F,Panchina,0,0,
20,13981614,Fiorentina,Simon Sohm,M,Panchina,0,0,
20,13981614,Fiorentina,Oliver Christensen,G,Panchina,0,0,
20,13981614,Fiorentina,Luca Lezzerini,G,Panchina,0,0,
20,13981614,Fiorentina,Eman Košpo,D,Panchina,0,0,
20,13981614,Fiorentina,Eddy Kouadio,D,Panchina,0,0,
20,13981614,Fiorentina,Hans Nicolussi Caviglia,M,Panchina,0,0,
20,13981614,Fiorentina,Roberto Piccoli,F,Panchina,0,0,
20,13981614,Fiorentina,Jacopo Fazzini,F,Panchina,0,0,
20,13981614,AC Milan,Mike Maignan,G,Titolare,0,0,
20,13981614,AC Milan,Koni De Winter,D,Titolare,0,0,
20,13981614,AC Milan,Matteo Gabbia,D,Titolare,0,0,
20,13981614,AC Milan,Strahinja Pavlović,D,Titolare,0,0,
20,13981614,AC Milan,Alexis Saelemaekers,M,Titolare,0,0,
20,13981614,AC Milan,Ruben Loftus-Cheek,M,Titolare,0,0,
20,13981614,AC Milan,Samuele Ricci,M,Titolare,0,0,
20,13981614,AC Milan,Ardon Jashari,M,Titolare,0,0,
20,13981614,AC Milan,Pervis Estupiñán,M,Titolare,0,0,
20,13981614,AC Milan,Niclas Füllkrug,F,Titolare,0,0,
20,13981614,AC Milan,Christian Pulišić,F,Titolare,0,0,
20,13981614,AC Milan,Adrien Rabiot,M,Panchina,0,0,
20,13981614,AC Milan,Davide Bartesaghi,M,Panchina,0,0,
20,13981614,AC Milan,Rafael Leão,F,Panchina,0,0,
20,13981614,AC Milan,Youssouf Fofana,M,Panchina,0,0,
20,13981614,AC Milan,Christopher Nkunku,F,Panchina,0,0,
20,13981614,AC Milan,Lorenzo Torriani,G,Panchina,0,0,
20,13981614,AC Milan,Matteo Duțu,D,Panchina,0,0,
20,13981614,AC Milan,David Odogu,D,Panchina,0,0,
20,13981614,AC Milan,Zachary Athekame,D,Panchina,0,0,
20,13981614,AC Milan,Luka Modrić,M,Panchina,0,0,
20,13981615,Hellas Verona,Lorenzo Montipò,G,Titolare,0,0,
20,13981615,Hellas Verona,Victor Nelsson,D,Titolare,0,0,
20,13981615,Hellas Verona,Armel Bella-Kotchap,D,Titolare,0,0,
20,13981615,Hellas Verona,Nicolás Valentini,D,Titolare,0,0,
20,13981615,Hellas Verona,Domagoj Bradarić,M,Titolare,0,0,
20,13981615,Hellas Verona,Cheikh Niasse,M,Titolare,0,0,
20,13981615,Hellas Verona,Roberto Gagliardini,M,Titolare,0,0,
20,13981615,Hellas Verona,Antoine Bernede,M,Titolare,0,0,
20,13981615,Hellas Verona,Martin Frese,D,Titolare,0,0,
20,13981615,Hellas Verona,Giovane,F,Titolare,0,0,
20,13981615,Hellas Verona,Gift Orban,F,Titolare,0,0,
20,13981615,Hellas Verona,Amin Sarr,F,Panchina,0,0,
20,13981615,Hellas Verona,Daniel Mosquera,F,Panchina,0,0,
20,13981615,Hellas Verona,Unai Núñez,D,Panchina,0,0,
20,13981615,Hellas Verona,Suat Serdar,M,Panchina,0,0,
20,13981615,Hellas Verona,Moatasem Al-Musrati,M,Panchina,0,0,
20,13981615,Hellas Verona,Simone Perilli,G,Panchina,0,0,
20,13981615,Hellas Verona,Giacomo Toniolo,G,Panchina,0,0,
20,13981615,Hellas Verona,Fallou Cham,D,Panchina,0,0,
20,13981615,Hellas Verona,Enzo Ebosse,D,Panchina,0,0,
20,13981615,Hellas Verona,Tobias Slotsager,D,Panchina,0,0,
20,13981615,Hellas Verona,Abdou Harroui,M,Panchina,0,0,
20,13981615,Hellas Verona,Grigoris Kastanos,M,Panchina,0,0,
20,13981615,Hellas Verona,Daniel Oyegoke,M,Panchina,0,0,
20,13981615,Lazio,Ivan Provedel,G,Titolare,0,0,
20,13981615,Lazio,Adam Marušić,D,Titolare,0,0,
20,13981615,Lazio,Mario Gila,D,Titolare,0,0,
20,13981615,Lazio,Alessio Romagnoli,D,Titolare,0,0,
20,13981615,Lazio,Luca Pellegrini,D,Titolare,0,0,
20,13981615,Lazio,Matías Vecino,M,Titolare,0,0,
20,13981615,Lazio,Danilo Cataldi,M,Titolare,0,0,
20,13981615,Lazio,Kenneth Taylor,M,Titolare,0,0,
20,13981615,Lazio,Gustav Isaksen,F,Titolare,0,0,
20,13981615,Lazio,Tijjani Noslin,F,Titolare,0,0,
20,13981615,Lazio,Matteo Cancellieri,F,Titolare,0,0,
20,13981615,Lazio,Manuel Lazzari,D,Panchina,0,0,
20,13981615,Lazio,Petar Ratkov,F,Panchina,0,0,
20,13981615,Lazio,Nicolò Rovella,M,Panchina,0,0,
20,13981615,Lazio,Pedro,F,Panchina,0,0,
20,13981615,Lazio,Reda Belahyane,M,Panchina,0,0,
20,13981615,Lazio,Alessio Furlanetto,G,Panchina,0,0,
20,13981615,Lazio,Christos Mandas,G,Panchina,0,0,
20,13981615,Lazio,Oliver Provstgaard,D,Panchina,0,0,
20,13981615,Lazio,Nuno Tavares,D,Panchina,0,0,
20,13981615,Lazio,Elseid Hysaj,D,Panchina,0,0,
20,13981616,Como,Jean Butez,G,Titolare,0,0,
20,13981616,Como,Ignace Van der Brempt,D,Titolare,0,0,
20,13981616,Como,Diego Carlos,D,Titolare,0,0,
20,13981616,Como,Marc Kempf,D,Titolare,0,0,
20,13981616,Como,Alberto Moreno,D,Titolare,0,0,
20,13981616,Como,Máximo Perrone,M,Titolare,0,0,
20,13981616,Como,Lucas Da Cunha,M,Titolare,0,0,
20,13981616,Como,Mërgim Vojvoda,D,Titolare,0,0,
20,13981616,Como,Nico Paz,M,Titolare,0,0,
20,13981616,Como,Jesús Rodriguez,M,Titolare,0,0,
20,13981616,Como,Anastasios Douvikas,F,Titolare,0,0,
20,13981616,Como,Maxence Caqueret,M,Panchina,0,0,
20,13981616,Como,Nicolas-Gerrit Kühn,F,Panchina,0,0,
20,13981616,Como,Stefan Posch,D,Panchina,0,0,
20,13981616,Como,Martin Baturina,M,Panchina,0,0,
20,13981616,Como,Noel Törnqvist,G,Panchina,0,0,
20,13981616,Como,Nikola Čavlina,G,Panchina,0,0,
20,13981616,Como,Ivan Smolčić,D,Panchina,0,0,
20,13981616,Como,Álex Valle,D,Panchina,0,0,
20,13981616,Como,Alberto Dossena,D,Panchina,0,0,
20,13981616,Como,Sergi Roberto,M,Panchina,0,0,
20,13981616,Como,Alberto Cerri,F,Panchina,0,0,
20,13981616,Bologna,Federico Ravaglia,G,Titolare,0,0,
20,13981616,Bologna,Nadir Zortea,D,Titolare,0,0,
20,13981616,Bologna,Torbjørn Heggem,D,Titolare,0,0,
20,13981616,Bologna,Jhon Lucumí,D,Titolare,0,0,
20,13981616,Bologna,Juan Miranda,D,Titolare,0,0,
20,13981616,Bologna,Remo Freuler,M,Titolare,0,0,
20,13981616,Bologna,Tommaso Pobega,M,Titolare,0,0,
20,13981616,Bologna,Jonathan Rowe,F,Titolare,0,0,
20,13981616,Bologna,Giovanni Fabbian,M,Titolare,0,0,
20,13981616,Bologna,Nicolò Cambiaghi,F,Titolare,0,0,
20,13981616,Bologna,Santiago Castro,F,Titolare,0,0,
20,13981616,Bologna,Martin Vitík,D,Panchina,0,0,
20,13981616,Bologna,Nicolò Casale,D,Panchina,0,0,
20,13981616,Bologna,Lewis Ferguson,M,Panchina,0,0,
20,13981616,Bologna,Ciro Immobile,F,Panchina,0,0,
20,13981616,Bologna,Sulemana,M,Panchina,0,0,
20,13981616,Bologna,Matteo Franceschelli,G,Panchina,0,0,
20,13981616,Bologna,Massimo Pessina,G,Panchina,0,0,
20,13981616,Bologna,Charalampos Lykogiannis,D,Panchina,0,0,
20,13981616,Bologna,Lorenzo De Silvestri,D,Panchina,0,0,
20,13981616,Bologna,Nikola Moro,M,Panchina,0,0,
20,13981616,Bologna,Jens Odgaard,M,Panchina,0,0,
20,13981616,Bologna,Benjamín Domínguez,M,Panchina,0,0,
20,13981616,Bologna,Riccardo Orsolini,M,Panchina,0,0,
20,13981616,Bologna,Thijs Dallinga,F,Panchina,0,0,
20,13981617,Genoa,Nicola Leali,G,Titolare,0,0,
20,13981617,Genoa,Alessandro Marcandalli,D,Titolare,0,0,
20,13981617,Genoa,Leo Østigård,D,Titolare,0,0,
20,13981617,Genoa,Johan Vásquez,D,Titolare,0,0,
20,13981617,Genoa,Brooke Norton-Cuffy,D,Titolare,0,0,
20,13981617,Genoa,Ruslan Malinovskyi,M,Titolare,0,0,
20,13981617,Genoa,Morten Frendrup,M,Titolare,0,0,
20,13981617,Genoa,Mikael Ellertsson,M,Titolare,0,0,
20,13981617,Genoa,Aarón Martín,M,Titolare,0,0,
20,13981617,Genoa,Vitinha,F,Titolare,0,0,
20,13981617,Genoa,Lorenzo Colombo,F,Titolare,0,0,
20,13981617,Genoa,Patrizio Masini,M,Panchina,0,0,
20,13981617,Genoa,Morten Thorsby,M,Panchina,0,0,
20,13981617,Genoa,Jeff Ekhator,F,Panchina,0,0,
20,13981617,Genoa,Stefano Sabelli,M,Panchina,0,0,
20,13981617,Genoa,Junior Messias,F,Panchina,0,0,
20,13981617,Genoa,Daniele Sommariva,G,Panchina,0,0,
20,13981617,Genoa,Ernestas Lysionok,G,Panchina,0,0,
20,13981617,Genoa,Sebastian Otoa,D,Panchina,0,0,
20,13981617,Genoa,Nicolae Stanciu,M,Panchina,0,0,
20,13981617,Genoa,Hugo Cuenca,M,Panchina,0,0,
20,13981617,Genoa,Joi Xheto Nuredini,F,Panchina,0,0,
20,13981617,Genoa,Lorenzo Venturino,F,Panchina,0,0,
20,13981617,Genoa,Seydou Fini,F,Panchina,0,0,
20,13981617,Cagliari,Elia Caprile,G,Titolare,0,0,
20,13981617,Cagliari,Marco Palestra,M,Titolare,0,0,
20,13981617,Cagliari,Sebastiano Luperto,D,Titolare,0,0,
20,13981617,Cagliari,Juan Rodríguez,D,Titolare,0,0,
20,13981617,Cagliari,Adam Obert,D,Titolare,0,0,
20,13981617,Cagliari,Michel Adopo,M,Titolare,0,0,
20,13981617,Cagliari,Matteo Prati,M,Titolare,0,0,
20,13981617,Cagliari,Luca Mazzitelli,M,Titolare,0,0,
20,13981617,Cagliari,Zito Luvumbo,F,Titolare,0,0,
20,13981617,Cagliari,Semih Kılıçsoy,F,Titolare,0,0,
20,13981617,Cagliari,Sebastiano Esposito,F,Titolare,0,0,
20,13981617,Cagliari,Riyad Idrissi,D,Panchina,0,0,
20,13981617,Cagliari,Gianluca Gaetano,M,Panchina,0,0,
20,13981617,Cagliari,Gabriele Zappa,D,Panchina,0,0,
20,13981617,Cagliari,Gennaro Borrelli,F,Panchina,0,0,
20,13981617,Cagliari,Alen Sherri,G,Panchina,0,0,
20,13981617,Cagliari,Giuseppe Ciocci,G,Panchina,0,0,
20,13981617,Cagliari,Nicola Pintus,D,Panchina,0,0,
20,13981617,Cagliari,Zé Pedro,D,Panchina,0,0,
20,13981617,Cagliari,Joseph Liteta,M,Panchina,0,0,
20,13981617,Cagliari,Alessandro Di Pardo,M,Panchina,0,0,
20,13981617,Cagliari,Nicolò Cavuoti,M,Panchina,0,0,
20,13981617,Cagliari,Leonardo Pavoletti,F,Panchina,0,0,
20,13981617,Cagliari,Yael Trepy,F,Panchina,0,0,
20,13981618,Inter,Yann Sommer,G,Titolare,0,0,
20,13981618,Inter,Yann Bisseck,D,Titolare,0,0,
20,13981618,Inter,Manuel Akanji,D,Titolare,0,0,
20,13981618,Inter,Alessandro Bastoni,D,Titolare,0,0,
20,13981618,Inter,Luís Henrique,M,Titolare,0,0,
20,13981618,Inter,Nicolò Barella,M,Titolare,0,0,
20,13981618,Inter,Hakan Çalhanoğlu,M,Titolare,0,0,
20,13981618,Inter,Piotr Zieliński,M,Titolare,0,0,
20,13981618,Inter,Federico Dimarco,M,Titolare,0,0,
20,13981618,Inter,Marcus Thuram,F,Titolare,0,0,
20,13981618,Inter,Lautaro Martínez,F,Titolare,0,0,
20,13981618,Inter,Henrikh Mkhitaryan,M,Panchina,0,0,
20,13981618,Inter,Francesco Pio Esposito,F,Panchina,0,0,
20,13981618,Inter,Petar Sučić,M,Panchina,0,0,
20,13981618,Inter,Ange-Yoan Bonny,F,Panchina,0,0,
20,13981618,Inter,Carlos Augusto,D,Panchina,0,0,
20,13981618,Inter,Alessandro Calligaris,G,Panchina,0,0,
20,13981618,Inter,Alain Taho,G,Panchina,0,0,
20,13981618,Inter,Stefan de Vrij,D,Panchina,0,0,
20,13981618,Inter,Francesco Acerbi,D,Panchina,0,0,
20,13981618,Inter,Andy Diouf,M,Panchina,0,0,
20,13981618,Inter,Matteo Cocchi,M,Panchina,0,0,
20,13981618,Inter,Davide Frattesi,M,Panchina,0,0,
20,13981618,SSC Napoli,Vanja Milinković-Savić,G,Titolare,0,0,
20,13981618,SSC Napoli,Sam Beukema,D,Titolare,0,0,
20,13981618,SSC Napoli,Amir Rrahmani,D,Titolare,0,0,
20,13981618,SSC Napoli,Juan Jesus,D,Titolare,0,0,
20,13981618,SSC Napoli,Giovanni Di Lorenzo,D,Titolare,0,0,
20,13981618,SSC Napoli,Stanislav Lobotka,M,Titolare,0,0,
20,13981618,SSC Napoli,Scott McTominay,M,Titolare,0,0,
20,13981618,SSC Napoli,Leonardo Spinazzola,D,Titolare,0,0,
20,13981618,SSC Napoli,Matteo Politano,M,Titolare,0,0,
20,13981618,SSC Napoli,Eljif Elmas,M,Titolare,0,0,
20,13981618,SSC Napoli,Rasmus Højlund,F,Titolare,0,0,
20,13981618,SSC Napoli,Noa Lang,F,Panchina,0,0,
20,13981618,SSC Napoli,Pasquale Mazzocchi,M,Panchina,0,0,
20,13981618,SSC Napoli,Nikita Contini,G,Panchina,0,0,
20,13981618,SSC Napoli,Alex Meret,G,Panchina,0,0,
20,13981618,SSC Napoli,Mathías Olivera,D,Panchina,0,0,
20,13981618,SSC Napoli,Luca Marianucci,D,Panchina,0,0,
20,13981618,SSC Napoli,Alessandro Buongiorno,D,Panchina,0,0,
20,13981618,SSC Napoli,Miguel Gutiérrez,D,Panchina,0,0,
20,13981618,SSC Napoli,Giuseppe Ambrosino,F,Panchina,0,0,
20,13981618,SSC Napoli,Antonio Vergara,F,Panchina,0,0,
20,13981618,SSC Napoli,Lorenzo Lucca,F,Panchina,0,0,
20,13981619,AS Roma,Mile Svilar,G,Titolare,0,0,
20,13981619,AS Roma,Daniele Ghilardi,D,Titolare,0,0,
20,13981619,AS Roma,Gianluca Mancini,D,Titolare,0,0,
20,13981619,AS Roma,Mario Hermoso,D,Titolare,0,0,
20,13981619,AS Roma,Zeki Çelik,D,Titolare,0,0,
20,13981619,AS Roma,Niccolò Pisilli,M,Titolare,0,0,
20,13981619,AS Roma,Manu Koné,M,Titolare,0,0,
20,13981619,AS Roma,Kostas Tsimikas,D,Titolare,0,0,
20,13981619,AS Roma,Matías Soulé,F,Titolare,0,0,
20,13981619,AS Roma,Paulo Dybala,F,Titolare,0,0,
20,13981619,AS Roma,Evan Ferguson,F,Titolare,0,0,
20,13981619,AS Roma,Stephan El Shaarawy,F,Panchina,0,0,
20,13981619,AS Roma,Wesley,M,Panchina,0,0,
20,13981619,AS Roma,Devyne Rensch,M,Panchina,0,0,
20,13981619,AS Roma,Jan Ziółkowski,D,Panchina,0,0,
20,13981619,AS Roma,Alessandro Romano,M,Panchina,0,0,
20,13981619,AS Roma,Radosław Żelezny,G,Panchina,0,0,
20,13981619,AS Roma,Devis Vásquez,G,Panchina,0,0,
20,13981619,AS Roma,Jacopo Mirra,D,Panchina,0,0,
20,13981619,AS Roma,Emanuele Lulli,D,Panchina,0,0,
20,13981619,AS Roma,Angeliño,M,Panchina,0,0,
20,13981619,AS Roma,Muhammed Bah,M,Panchina,0,0,
20,13981619,AS Roma,Antonio Arena,F,Panchina,0,0,
20,13981619,Sassuolo,Arijanet Murić,G,Titolare,0,0,
20,13981619,Sassuolo,Sebastian Walukiewicz,D,Titolare,0,0,
20,13981619,Sassuolo,Jay Idzes,D,Titolare,0,0,
20,13981619,Sassuolo,Tarik Muharemović,D,Titolare,0,0,
20,13981619,Sassuolo,Josh Doig,D,Titolare,0,0,
20,13981619,Sassuolo,Luca Lipani,M,Titolare,0,0,
20,13981619,Sassuolo,Nemanja Matić,M,Titolare,0,0,
20,13981619,Sassuolo,Ismael Koné,M,Titolare,0,0,
20,13981619,Sassuolo,Alieu Fadera,F,Titolare,0,0,
20,13981619,Sassuolo,Andrea Pinamonti,F,Titolare,0,0,
20,13981619,Sassuolo,Armand Laurienté,F,Titolare,0,0,
20,13981619,Sassuolo,Aster Vranckx,M,Panchina,0,0,
20,13981619,Sassuolo,Walid Cheddira,F,Panchina,0,0,
20,13981619,Sassuolo,Edoardo Iannoni,M,Panchina,0,0,
20,13981619,Sassuolo,Nicholas Pierini,F,Panchina,0,0,
20,13981619,Sassuolo,Luca Moro,F,Panchina,0,0,
20,13981619,Sassuolo,Gioele Zacchi,G,Panchina,0,0,
20,13981619,Sassuolo,Stefano Turati,G,Panchina,0,0,
20,13981619,Sassuolo,Giacomo Satalino,G,Panchina,0,0,
20,13981619,Sassuolo,Cas Odenthal,D,Panchina,0,0,
20,13981619,Sassuolo,Yeferson Paz,D,Panchina,0,0,
20,13981619,Sassuolo,Tommaso Macchioni,D,Panchina,0,0,
20,13981619,Sassuolo,Luca Barani,D,Panchina,0,0,
20,13981619,Sassuolo,Laurs Skjellerup,F,Panchina,0,0,
20,13981621,Lecce,Wladimiro Falcone,G,Titolare,0,0,
20,13981621,Lecce,Danilo Veiga,D,Titolare,0,0,
20,13981621,Lecce,Kialonda Gaspar,D,Titolare,0,0,
20,13981621,Lecce,Tiago Gabriel,D,Titolare,0,0,
20,13981621,Lecce,Corrie Ndaba,D,Titolare,0,0,
20,13981621,Lecce,Ylber Ramadani,M,Titolare,0,0,
20,13981621,Lecce,Youssef Maleh,M,Titolare,0,0,
20,13981621,Lecce,Santiago Pierotti,F,Titolare,0,0,
20,13981621,Lecce,Mohamed Kaba,M,Titolare,0,0,
20,13981621,Lecce,Lameck Banda,M,Titolare,0,0,
20,13981621,Lecce,Nikola Štulić,F,Titolare,0,0,
20,13981621,Lecce,N'Dri Konan,F,Panchina,0,0,
20,13981621,Lecce,Antonino Gallo,D,Panchina,0,0,
20,13981621,Lecce,Omri Gandelman,M,Panchina,0,0,
20,13981621,Lecce,Lassana Coulibaly,M,Panchina,0,0,
20,13981621,Lecce,Riccardo Sottil,F,Panchina,0,0,
20,13981621,Lecce,Jasper Samooja,G,Panchina,0,0,
20,13981621,Lecce,Daniele Bleve,G,Panchina,0,0,
20,13981621,Lecce,Jamil Siebert,D,Panchina,0,0,
20,13981621,Lecce,Matías Pérez,D,Panchina,0,0,
20,13981621,Lecce,Christ-Owen Kouassi,D,Panchina,0,0,
20,13981621,Lecce,Alex Sala,M,Panchina,0,0,
20,13981621,Lecce,Olaf Gorter,M,Panchina,0,0,
20,13981621,Lecce,Þórir Jóhann Helgason,M,Panchina,0,0,
20,13981621,Lecce,Filip Marchwiński,M,Panchina,0,0,
20,13981621,Parma,Edoardo Corvi,G,Titolare,0,0,
20,13981621,Parma,Enrico Delprato,D,Titolare,0,0,
20,13981621,Parma,Alessandro Circati,D,Titolare,0,0,
20,13981621,Parma,Lautaro Valenti,D,Titolare,0,0,
20,13981621,Parma,Emanuele Valeri,M,Titolare,0,0,
20,13981621,Parma,Adrián Bernabé,M,Titolare,0,0,
20,13981621,Parma,Mandela Keita,M,Titolare,0,0,
20,13981621,Parma,Oliver Sørensen,M,Titolare,0,0,
20,13981621,Parma,Gaetano Oristanio,M,Titolare,0,0,
20,13981621,Parma,Mateo Pellegrino,F,Titolare,0,0,
20,13981621,Parma,Jacob Ondrejka,F,Titolare,0,0,
20,13981621,Parma,Nahuel Estévez,M,Panchina,0,0,
20,13981621,Parma,Adrian Benedyczak,F,Panchina,0,0,
20,13981621,Parma,Christian Ordoñez,M,Panchina,0,0,
20,13981621,Parma,Sascha Britschgi,D,Panchina,0,0,
20,13981621,Parma,Vicente Guaita,G,Panchina,0,0,
20,13981621,Parma,Filippo Rinaldi,G,Panchina,0,0,
20,13981621,Parma,Mariano Troilo,D,Panchina,0,0,
20,13981621,Parma,Benjamin Cremaschi,M,Panchina,0,0,
20,13981621,Parma,Patrick Cutrone,F,Panchina,0,0,
20,13981621,Parma,Pontus Almqvist,F,Panchina,0,0,
20,13981621,Parma,Milan Đurić,F,Panchina,0,0,
20,13981623,Juventus,Michele Di Gregorio,G,Titolare,0,0,
20,13981623,Juventus,Pierre Kalulu,D,Titolare,0,0,
20,13981623,Juventus,Bremer,D,Titolare,0,0,
20,13981623,Juventus,Lloyd Kelly,D,Titolare,0,0,
20,13981623,Juventus,Andrea Cambiaso,M,Titolare,0,0,
20,13981623,Juventus,Manuel Locatelli,M,Titolare,0,0,
20,13981623,Juventus,Khéphren Thuram,M,Titolare,0,0,
20,13981623,Juventus,Weston McKennie,M,Titolare,0,0,
20,13981623,Juventus,Fabio Miretti,M,Titolare,0,0,
20,13981623,Juventus,Kenan Yıldız,F,Titolare,0,0,
20,13981623,Juventus,Jonathan David,F,Titolare,0,0,
20,13981623,Juventus,Juan Cabal,D,Panchina,0,0,
20,13981623,Juventus,Edon Zhegrova,F,Panchina,0,0,
20,13981623,Juventus,Vasilije Adžić,M,Panchina,0,0,
20,13981623,Juventus,Teun Koopmeiners,M,Panchina,0,0,
20,13981623,Juventus,Loïs Openda,F,Panchina,0,0,
20,13981623,Juventus,Carlo Pinsoglio,G,Panchina,0,0,
20,13981623,Juventus,Mattia Perin,G,Panchina,0,0,
20,13981623,Juventus,João Mário,D,Panchina,0,0,
20,13981623,Juventus,Jonas Rouhi,D,Panchina,0,0,
20,13981623,Juventus,Pedro Felipe,D,Panchina,0,0,
20,13981623,Juventus,Filip Kostić,M,Panchina,0,0,
20,13981623,Cremonese,Emil Audero,G,Titolare,0,0,
20,13981623,Cremonese,Filippo Terracciano,D,Titolare,0,0,
20,13981623,Cremonese,Federico Baschirotto,D,Titolare,0,0,
20,13981623,Cremonese,Matteo Bianchetti,D,Titolare,0,0,
20,13981623,Cremonese,Alessio Zerbin,M,Titolare,0,0,
20,13981623,Cremonese,Warren Bondo,M,Titolare,0,0,
20,13981623,Cremonese,Alberto Grassi,M,Titolare,0,0,
20,13981623,Cremonese,Dennis Johnsen,F,Titolare,0,0,
20,13981623,Cremonese,Giuseppe Pezzella,M,Titolare,0,0,
20,13981623,Cremonese,Federico Bonazzoli,F,Titolare,0,0,
20,13981623,Cremonese,Jamie Vardy,F,Titolare,0,0,
20,13981623,Cremonese,Romano Floriani Mussolini,M,Panchina,0,0,
20,13981623,Cremonese,Franco Vázquez,M,Panchina,0,0,
20,13981623,Cremonese,Antonio Sanabria,F,Panchina,0,0,
20,13981623,Cremonese,Jari Vandeputte,M,Panchina,0,0,
20,13981623,Cremonese,Francesco Folino,D,Panchina,0,0,
20,13981623,Cremonese,Marco Silvestri,G,Panchina,0,0,
20,13981623,Cremonese,Lapo Nava,G,Panchina,0,0,
20,13981623,Cremonese,Mikayil Faye,D,Panchina,0,0,
20,13981623,Cremonese,Federico Ceccherini,D,Panchina,0,0,
20,13981623,Cremonese,Michele Collocolo,M,Panchina,0,0,
20,13981623,Cremonese,Mattia Valoti,M,Panchina,0,0,
20,13981623,Cremonese,Dachi Lordkipanidze,M,Panchina,0,0,
20,13981623,Cremonese,Tommaso Barbieri,M,Panchina,0,0,
20,13981623,Cremonese,Faris Moumbagna,F,Panchina,0,0,
20,13981624,Udinese,Maduka Okoye,G,Titolare,0,0,
20,13981624,Udinese,Nicolò Bertola,D,Titolare,0,0,
20,13981624,Udinese,Christian Kabasele,D,Titolare,0,0,
20,13981624,Udinese,Oumar Solet,D,Titolare,0,0,
20,13981624,Udinese,Hassane Kamara,M,Titolare,0,0,
20,13981624,Udinese,Alessandro Zanoli,M,Titolare,0,0,
20,13981624,Udinese,Lennon Miller,M,Titolare,0,0,
20,13981624,Udinese,Jesper Karlström,M,Titolare,0,0,
20,13981624,Udinese,Jürgen Ekkelenkamp,M,Titolare,0,0,
20,13981624,Udinese,Nicolò Zaniolo,F,Titolare,0,0,
20,13981624,Udinese,Keinan Davis,F,Titolare,0,0,
20,13981624,Udinese,Arthur Atta,M,Panchina,0,0,
20,13981624,Udinese,Jakub Piotrowski,M,Panchina,0,0,
20,13981624,Udinese,Idrissa Gueye,F,Panchina,0,0,
20,13981624,Udinese,Matteo Palma,D,Panchina,0,0,
20,13981624,Udinese,Iker Bravo,F,Panchina,0,0,
20,13981624,Udinese,Răzvan Sava,G,Panchina,0,0,
20,13981624,Udinese,Daniele Padelli,G,Panchina,0,0,
20,13981624,Udinese,Saba Goglichidze,D,Panchina,0,0,
20,13981624,Udinese,Thomas Kristensen,D,Panchina,0,0,
20,13981624,Udinese,Sandi Lovrić,M,Panchina,0,0,
20,13981624,Udinese,Kingsley Ehizibue,M,Panchina,0,0,
20,13981624,Udinese,Rui Modesto,M,Panchina,0,0,
20,13981624,Udinese,Oier Zarraga,M,Panchina,0,0,
20,13981624,Udinese,Abdoulaye Camara,M,Panchina,0,0,
20,13981624,Udinese,Jordan Zemura,M,Panchina,0,0,
20,13981624,Pisa,Simone Scuffet,G,Titolare,0,0,
20,13981624,Pisa,Arturo Calabresi,D,Titolare,0,0,
20,13981624,Pisa,Antonio Caracciolo,D,Titolare,0,0,
20,13981624,Pisa,Simone Canestrelli,D,Titolare,0,0,
20,13981624,Pisa,Mehdi Léris,M,Titolare,0,0,
20,13981624,Pisa,Marius Marin,M,Titolare,0,0,
20,13981624,Pisa,Michel Aebischer,M,Titolare,0,0,
20,13981624,Pisa,Samuele Angori,M,Titolare,0,0,
20,13981624,Pisa,Matteo Tramoni,F,Titolare,0,0,
20,13981624,Pisa,Stefano Moreo,F,Titolare,0,0,
20,13981624,Pisa,Henrik Wendel Meister,F,Titolare,0,0,
20,13981624,Pisa,Idrissa Touré,M,Panchina,0,0,
20,13981624,Pisa,Gabriele Piccinini,M,Panchina,0,0,
20,13981624,Pisa,Francesco Coppola,D,Panchina,0,0,
20,13981624,Pisa,Malthe Højholt,M,Panchina,0,0,
20,13981624,Pisa,Nícolas,G,Panchina,0,0,
20,13981624,Pisa,Adrian Šemper,G,Panchina,0,0,
20,13981624,Pisa,Jeremy Kandje Mbambi,D,Panchina,0,0,
20,13981624,Pisa,Giovanni Bonfanti,D,Panchina,0,0,
20,13981624,Pisa,Brando Bettazzi,M,Panchina,0,0,
20,13981624,Pisa,Lorran,M,Panchina,0,0,
20,13981624,Pisa,Tomás Esteves,F,Panchina,0,0,
20,13981624,Pisa,Louis Buffon,F,Panchina,0,0,
21,13981620,Bologna,Federico Ravaglia,G,Titolare,0,0,
21,13981620,Bologna,Emil Holm,D,Titolare,0,0,
21,13981620,Bologna,Nicolò Casale,D,Titolare,0,0,
21,13981620,Bologna,Torbjørn Heggem,D,Titolare,0,0,
21,13981620,Bologna,Juan Miranda,D,Titolare,0,0,
21,13981620,Bologna,Tommaso Pobega,M,Titolare,0,0,
21,13981620,Bologna,Remo Freuler,M,Titolare,0,0,
21,13981620,Bologna,Riccardo Orsolini,M,Titolare,0,0,
21,13981620,Bologna,Jens Odgaard,M,Titolare,0,0,
21,13981620,Bologna,Nicolò Cambiaghi,F,Titolare,0,0,
21,13981620,Bologna,Santiago Castro,F,Titolare,0,0,
21,13981620,Bologna,Nadir Zortea,D,Panchina,0,0,
21,13981620,Bologna,Nikola Moro,M,Panchina,0,0,
21,13981620,Bologna,Giovanni Fabbian,M,Panchina,0,0,
21,13981620,Bologna,Jonathan Rowe,F,Panchina,0,0,
21,13981620,Bologna,Lewis Ferguson,M,Panchina,0,0,
21,13981620,Bologna,Łukasz Skorupski,G,Panchina,0,0,
21,13981620,Bologna,Massimo Pessina,G,Panchina,0,0,
21,13981620,Bologna,Charalampos Lykogiannis,D,Panchina,0,0,
21,13981620,Bologna,Lorenzo De Silvestri,D,Panchina,0,0,
21,13981620,Bologna,Martin Vitík,D,Panchina,0,0,
21,13981620,Bologna,Benjamín Domínguez,M,Panchina,0,0,
21,13981620,Bologna,Sulemana,M,Panchina,0,0,
21,13981620,Bologna,Thijs Dallinga,F,Panchina,0,0,
21,13981620,Bologna,Ciro Immobile,F,Panchina,0,0,
21,13981620,Fiorentina,David De Gea,G,Titolare,0,0,
21,13981620,Fiorentina,Dodô,M,Titolare,0,0,
21,13981620,Fiorentina,Pietro Comuzzo,D,Titolare,0,0,
21,13981620,Fiorentina,Marin Pongračić,D,Titolare,0,0,
21,13981620,Fiorentina,Robin Gosens,D,Titolare,0,0,
21,13981620,Fiorentina,Rolando Mandragora,M,Titolare,0,0,
21,13981620,Fiorentina,Nicolò Fagioli,M,Titolare,0,0,
21,13981620,Fiorentina,Cher Ndour,M,Titolare,0,0,
21,13981620,Fiorentina,Fabiano Parisi,D,Titolare,0,0,
21,13981620,Fiorentina,Roberto Piccoli,F,Titolare,0,0,
21,13981620,Fiorentina,Albert Guðmundsson,F,Titolare,0,0,
21,13981620,Fiorentina,Marco Brescianini,M,Panchina,0,0,
21,13981620,Fiorentina,Simon Sohm,M,Panchina,0,0,
21,13981620,Fiorentina,Manor Solomon,F,Panchina,0,0,
21,13981620,Fiorentina,Niccolò Fortini,D,Panchina,0,0,
21,13981620,Fiorentina,Luca Ranieri,D,Panchina,0,0,
21,13981620,Fiorentina,Oliver Christensen,G,Panchina,0,0,
21,13981620,Fiorentina,Luca Lezzerini,G,Panchina,0,0,
21,13981620,Fiorentina,Eddy Kouadio,D,Panchina,0,0,
21,13981620,Fiorentina,Luís Balbo,D,Panchina,0,0,
21,13981620,Fiorentina,Eman Košpo,D,Panchina,0,0,
21,13981620,Fiorentina,Hans Nicolussi Caviglia,M,Panchina,0,0,
21,13981620,Fiorentina,Jacopo Fazzini,F,Panchina,0,0,
21,13981620,Fiorentina,Riccardo Braschi,F,Panchina,0,0,
21,13981622,Cremonese,Emil Audero,G,Titolare,0,0,
21,13981622,Cremonese,Federico Ceccherini,D,Titolare,0,0,
21,13981622,Cremonese,Federico Baschirotto,D,Titolare,0,0,
21,13981622,Cremonese,Matteo Bianchetti,D,Titolare,0,0,
21,13981622,Cremonese,Tommaso Barbieri,M,Titolare,0,0,
21,13981622,Cremonese,Warren Bondo,M,Titolare,0,0,
21,13981622,Cremonese,Alberto Grassi,M,Titolare,0,0,
21,13981622,Cremonese,Jari Vandeputte,M,Titolare,0,0,
21,13981622,Cremonese,Filippo Terracciano,D,Titolare,0,0,
21,13981622,Cremonese,Federico Bonazzoli,F,Titolare,0,0,
21,13981622,Cremonese,Jamie Vardy,F,Titolare,0,0,
21,13981622,Cremonese,Francesco Folino,D,Panchina,0,0,
21,13981622,Cremonese,Faris Moumbagna,F,Panchina,0,0,
21,13981622,Cremonese,Alessio Zerbin,M,Panchina,0,0,
21,13981622,Cremonese,Romano Floriani Mussolini,M,Panchina,0,0,
21,13981622,Cremonese,Michele Collocolo,M,Panchina,0,0,
21,13981622,Cremonese,Marco Silvestri,G,Panchina,0,0,
21,13981622,Cremonese,Lapo Nava,G,Panchina,0,0,
21,13981622,Cremonese,Mikayil Faye,D,Panchina,0,0,
21,13981622,Cremonese,Franco Vázquez,M,Panchina,0,0,
21,13981622,Cremonese,Dachi Lordkipanidze,M,Panchina,0,0,
21,13981622,Cremonese,Dennis Johnsen,F,Panchina,0,0,
21,13981622,Hellas Verona,Simone Perilli,G,Titolare,0,0,
21,13981622,Hellas Verona,Tobias Slotsager,D,Titolare,0,0,
21,13981622,Hellas Verona,Victor Nelsson,D,Titolare,0,0,
21,13981622,Hellas Verona,Enzo Ebosse,D,Titolare,0,0,
21,13981622,Hellas Verona,Pol Lirola,D,Titolare,0,0,
21,13981622,Hellas Verona,Roberto Gagliardini,M,Titolare,0,0,
21,13981622,Hellas Verona,Antoine Bernede,M,Titolare,0,0,
21,13981622,Hellas Verona,Domagoj Bradarić,M,Titolare,0,0,
21,13981622,Hellas Verona,Giovane,F,Titolare,0,0,
21,13981622,Hellas Verona,Amin Sarr,F,Titolare,0,0,
21,13981622,Hellas Verona,Gift Orban,F,Titolare,0,0,
21,13981622,Hellas Verona,Suat Serdar,M,Panchina,0,0,
21,13981622,Hellas Verona,Abdou Harroui,M,Panchina,0,0,
21,13981622,Hellas Verona,Daniel Oyegoke,M,Panchina,0,0,
21,13981622,Hellas Verona,Lorenzo Montipò,G,Panchina,0,0,
21,13981622,Hellas Verona,Giacomo Toniolo,G,Panchina,0,0,
21,13981622,Hellas Verona,Fallou Cham,D,Panchina,0,0,
21,13981622,Hellas Verona,Cheikh Niasse,M,Panchina,0,0,
21,13981622,Hellas Verona,Grigoris Kastanos,M,Panchina,0,0,
21,13981622,Hellas Verona,Daniel Mosquera,F,Panchina,0,0,
21,13981622,Hellas Verona,Isaac,F,Panchina,0,0,
21,13981625,Cagliari,Elia Caprile,G,Titolare,0,0,
21,13981625,Cagliari,Zé Pedro,D,Titolare,0,0,
21,13981625,Cagliari,Yerry Mina,D,Titolare,0,0,
21,13981625,Cagliari,Sebastiano Luperto,D,Titolare,0,0,
21,13981625,Cagliari,Marco Palestra,M,Titolare,0,0,
21,13981625,Cagliari,Michel Adopo,M,Titolare,0,0,
21,13981625,Cagliari,Gianluca Gaetano,M,Titolare,0,0,
21,13981625,Cagliari,Luca Mazzitelli,M,Titolare,0,0,
21,13981625,Cagliari,Adam Obert,D,Titolare,0,0,
21,13981625,Cagliari,Semih Kılıçsoy,F,Titolare,0,0,
21,13981625,Cagliari,Sebastiano Esposito,F,Titolare,0,0,
21,13981625,Cagliari,Gennaro Borrelli,F,Panchina,0,0,
21,13981625,Cagliari,Riyad Idrissi,D,Panchina,0,0,
21,13981625,Cagliari,Giuseppe Ciocci,G,Panchina,0,0,
21,13981625,Cagliari,Alen Sherri,G,Panchina,0,0,
21,13981625,Cagliari,Nicola Pintus,D,Panchina,0,0,
21,13981625,Cagliari,Juan Rodríguez,D,Panchina,0,0,
21,13981625,Cagliari,Alessandro Di Pardo,M,Panchina,0,0,
21,13981625,Cagliari,Nicolò Cavuoti,M,Panchina,0,0,
21,13981625,Cagliari,Joseph Liteta,M,Panchina,0,0,
21,13981625,Cagliari,Matteo Prati,M,Panchina,0,0,
21,13981625,Cagliari,Yael Trepy,F,Panchina,0,0,
21,13981625,Cagliari,Zito Luvumbo,F,Panchina,0,0,
21,13981625,Cagliari,Leonardo Pavoletti,F,Panchina,0,0,
21,13981625,Juventus,Mattia Perin,G,Titolare,0,0,
21,13981625,Juventus,Pierre Kalulu,D,Titolare,0,0,
21,13981625,Juventus,Bremer,D,Titolare,0,0,
21,13981625,Juventus,Lloyd Kelly,D,Titolare,0,0,
21,13981625,Juventus,Andrea Cambiaso,M,Titolare,0,0,
21,13981625,Juventus,Manuel Locatelli,M,Titolare,0,0,
21,13981625,Juventus,Teun Koopmeiners,M,Titolare,0,0,
21,13981625,Juventus,Weston McKennie,M,Titolare,0,0,
21,13981625,Juventus,Fabio Miretti,M,Titolare,0,0,
21,13981625,Juventus,Kenan Yıldız,F,Titolare,0,0,
21,13981625,Juventus,Jonathan David,F,Titolare,0,0,
21,13981625,Juventus,Loïs Openda,F,Panchina,0,0,
21,13981625,Juventus,Edon Zhegrova,F,Panchina,0,0,
21,13981625,Juventus,Khéphren Thuram,M,Panchina,0,0,
21,13981625,Juventus,Francisco Conceição,F,Panchina,0,0,
21,13981625,Juventus,Vasilije Adžić,M,Panchina,0,0,
21,13981625,Juventus,Carlo Pinsoglio,G,Panchina,0,0,
21,13981625,Juventus,Michele Di Gregorio,G,Panchina,0,0,
21,13981625,Juventus,João Mário,D,Panchina,0,0,
21,13981625,Juventus,Juan Cabal,D,Panchina,0,0,
21,13981625,Juventus,Federico Gatti,D,Panchina,0,0,
21,13981625,Juventus,Filip Kostić,M,Panchina,0,0,
21,13981626,Lazio,Ivan Provedel,G,Titolare,0,0,
21,13981626,Lazio,Adam Marušić,D,Titolare,0,0,
21,13981626,Lazio,Mario Gila,D,Titolare,0,0,
21,13981626,Lazio,Alessio Romagnoli,D,Titolare,0,0,
21,13981626,Lazio,Luca Pellegrini,D,Titolare,0,0,
21,13981626,Lazio,Reda Belahyane,M,Titolare,0,0,
21,13981626,Lazio,Danilo Cataldi,M,Titolare,0,0,
21,13981626,Lazio,Kenneth Taylor,M,Titolare,0,0,
21,13981626,Lazio,Matteo Cancellieri,F,Titolare,0,0,
21,13981626,Lazio,Petar Ratkov,F,Titolare,0,0,
21,13981626,Lazio,Mattia Zaccagni,F,Titolare,0,0,
21,13981626,Lazio,Nicolò Rovella,M,Panchina,0,0,
21,13981626,Lazio,Tijjani Noslin,F,Panchina,0,0,
21,13981626,Lazio,Gustav Isaksen,F,Panchina,0,0,
21,13981626,Lazio,Manuel Lazzari,D,Panchina,0,0,
21,13981626,Lazio,Fisayo Dele-Bashiru,M,Panchina,0,0,
21,13981626,Lazio,Alessio Furlanetto,G,Panchina,0,0,
21,13981626,Lazio,Christos Mandas,G,Panchina,0,0,
21,13981626,Lazio,Oliver Provstgaard,D,Panchina,0,0,
21,13981626,Lazio,Nuno Tavares,D,Panchina,0,0,
21,13981626,Lazio,Elseid Hysaj,D,Panchina,0,0,
21,13981626,Lazio,Valerio Farcomeni,M,Panchina,0,0,
21,13981626,Lazio,Pedro,F,Panchina,0,0,
21,13981626,Como,Jean Butez,G,Titolare,0,0,
21,13981626,Como,Ivan Smolčić,D,Titolare,0,0,
21,13981626,Como,Jacobo Ramón,D,Titolare,0,0,
21,13981626,Como,Diego Carlos,D,Titolare,0,0,
21,13981626,Como,Álex Valle,D,Titolare,0,0,
21,13981626,Como,Jesús Rodriguez,M,Titolare,0,0,
21,13981626,Como,Máximo Perrone,M,Titolare,0,0,
21,13981626,Como,Lucas Da Cunha,M,Titolare,0,0,
21,13981626,Como,Martin Baturina,M,Titolare,0,0,
21,13981626,Como,Nico Paz,M,Titolare,0,0,
21,13981626,Como,Maxence Caqueret,M,Titolare,0,0,
21,13981626,Como,Stefan Posch,D,Panchina,0,0,
21,13981626,Como,Sergi Roberto,M,Panchina,0,0,
21,13981626,Como,Mërgim Vojvoda,D,Panchina,0,0,
21,13981626,Como,Anastasios Douvikas,F,Panchina,0,0,
21,13981626,Como,Nicolas-Gerrit Kühn,F,Panchina,0,0,
21,13981626,Como,Noel Törnqvist,G,Panchina,0,0,
21,13981626,Como,Mauro Vigorito,G,Panchina,0,0,
21,13981626,Como,Ignace Van der Brempt,D,Panchina,0,0,
21,13981626,Como,Alberto Moreno,D,Panchina,0,0,
21,13981626,Como,Marc Kempf,D,Panchina,0,0,
21,13981626,Como,Alberto Dossena,D,Panchina,0,0,
21,13981626,Como,Andrea Le Borgne,M,Panchina,0,0,
21,13981626,Como,Alberto Cerri,F,Panchina,0,0,
21,13981627,Parma,Edoardo Corvi,G,Titolare,0,0,
21,13981627,Parma,Enrico Delprato,D,Titolare,0,0,
21,13981627,Parma,Alessandro Circati,D,Titolare,0,0,
21,13981627,Parma,Lautaro Valenti,D,Titolare,0,0,
21,13981627,Parma,Emanuele Valeri,M,Titolare,0,0,
21,13981627,Parma,Adrián Bernabé,M,Titolare,0,0,
21,13981627,Parma,Nahuel Estévez,M,Titolare,0,0,
21,13981627,Parma,Mandela Keita,M,Titolare,0,0,
21,13981627,Parma,Gaetano Oristanio,M,Titolare,0,0,
21,13981627,Parma,Mateo Pellegrino,F,Titolare,0,0,
21,13981627,Parma,Jacob Ondrejka,F,Titolare,0,0,
21,13981627,Parma,Sascha Britschgi,D,Panchina,0,0,
21,13981627,Parma,Oliver Sørensen,M,Panchina,0,0,
21,13981627,Parma,Milan Đurić,F,Panchina,0,0,
21,13981627,Parma,Benjamin Cremaschi,M,Panchina,0,0,
21,13981627,Parma,Filippo Rinaldi,G,Panchina,0,0,
21,13981627,Parma,Gabriele Casentini,G,Panchina,0,0,
21,13981627,Parma,Mathias Løvik,D,Panchina,0,0,
21,13981627,Parma,Mariano Troilo,D,Panchina,0,0,
21,13981627,Parma,Christian Ordoñez,M,Panchina,0,0,
21,13981627,Parma,Patrick Cutrone,F,Panchina,0,0,
21,13981627,Parma,Adrian Benedyczak,F,Panchina,0,0,
21,13981627,Genoa,Nicola Leali,G,Titolare,0,0,
21,13981627,Genoa,Alessandro Marcandalli,D,Titolare,0,0,
21,13981627,Genoa,Leo Østigård,D,Titolare,0,0,
21,13981627,Genoa,Johan Vásquez,D,Titolare,0,0,
21,13981627,Genoa,Stefano Sabelli,M,Titolare,0,0,
21,13981627,Genoa,Ruslan Malinovskyi,M,Titolare,0,0,
21,13981627,Genoa,Morten Frendrup,M,Titolare,0,0,
21,13981627,Genoa,Mikael Ellertsson,M,Titolare,0,0,
21,13981627,Genoa,Aarón Martín,M,Titolare,0,0,
21,13981627,Genoa,Lorenzo Colombo,F,Titolare,0,0,
21,13981627,Genoa,Vitinha,F,Titolare,0,0,
21,13981627,Genoa,Jeff Ekhator,F,Panchina,0,0,
21,13981627,Genoa,Junior Messias,F,Panchina,0,0,
21,13981627,Genoa,Patrizio Masini,M,Panchina,0,0,
21,13981627,Genoa,Joi Xheto Nuredini,F,Panchina,0,0,
21,13981627,Genoa,Ernestas Lysionok,G,Panchina,0,0,
21,13981627,Genoa,Daniele Sommariva,G,Panchina,0,0,
21,13981627,Genoa,Sebastian Otoa,D,Panchina,0,0,
21,13981627,Genoa,Jean Onana,M,Panchina,0,0,
21,13981627,Genoa,Hugo Cuenca,M,Panchina,0,0,
21,13981627,Genoa,Morten Thorsby,M,Panchina,0,0,
21,13981627,Genoa,Lorenzo Venturino,F,Panchina,0,0,
21,13981627,Genoa,Maxwel Cornet,F,Panchina,0,0,
21,13981627,Genoa,Seydou Fini,F,Panchina,0,0,
21,13981628,AC Milan,Mike Maignan,G,Titolare,0,0,
21,13981628,AC Milan,Fikayo Tomori,D,Titolare,0,0,
21,13981628,AC Milan,Matteo Gabbia,D,Titolare,0,0,
21,13981628,AC Milan,Koni De Winter,D,Titolare,0,0,
21,13981628,AC Milan,Alexis Saelemaekers,M,Titolare,0,0,
21,13981628,AC Milan,Samuele Ricci,M,Titolare,0,0,
21,13981628,AC Milan,Ardon Jashari,M,Titolare,0,0,
21,13981628,AC Milan,Adrien Rabiot,M,Titolare,0,0,
21,13981628,AC Milan,Pervis Estupiñán,M,Titolare,0,0,
21,13981628,AC Milan,Christian Pulišić,F,Titolare,0,0,
21,13981628,AC Milan,Rafael Leão,F,Titolare,0,0,
21,13981628,AC Milan,Ruben Loftus-Cheek,M,Panchina,0,0,
21,13981628,AC Milan,Niclas Füllkrug,F,Panchina,0,0,
21,13981628,AC Milan,Zachary Athekame,D,Panchina,0,0,
21,13981628,AC Milan,Luka Modrić,M,Panchina,0,0,
21,13981628,AC Milan,Christopher Nkunku,F,Panchina,0,0,
21,13981628,AC Milan,Lorenzo Torriani,G,Panchina,0,0,
21,13981628,AC Milan,Pietro Terracciano,G,Panchina,0,0,
21,13981628,AC Milan,Strahinja Pavlović,D,Panchina,0,0,
21,13981628,AC Milan,David Odogu,D,Panchina,0,0,
21,13981628,AC Milan,Youssouf Fofana,M,Panchina,0,0,
21,13981628,AC Milan,Davide Bartesaghi,M,Panchina,0,0,
21,13981628,Lecce,Wladimiro Falcone,G,Titolare,0,0,
21,13981628,Lecce,Jamil Siebert,D,Titolare,0,0,
21,13981628,Lecce,Tiago Gabriel,D,Titolare,0,0,
21,13981628,Lecce,Corrie Ndaba,D,Titolare,0,0,
21,13981628,Lecce,Antonino Gallo,D,Titolare,0,0,
21,13981628,Lecce,Omri Gandelman,M,Titolare,0,0,
21,13981628,Lecce,Ylber Ramadani,M,Titolare,0,0,
21,13981628,Lecce,Lassana Coulibaly,M,Titolare,0,0,
21,13981628,Lecce,Santiago Pierotti,F,Titolare,0,0,
21,13981628,Lecce,Nikola Štulić,F,Titolare,0,0,
21,13981628,Lecce,Riccardo Sottil,F,Titolare,0,0,
21,13981628,Lecce,Lameck Banda,M,Panchina,0,0,
21,13981628,Lecce,Tete Morente,F,Panchina,0,0,
21,13981628,Lecce,N'Dri Konan,F,Panchina,0,0,
21,13981628,Lecce,Youssef Maleh,M,Panchina,0,0,
21,13981628,Lecce,Christian Früchtl,G,Panchina,0,0,
21,13981628,Lecce,Jasper Samooja,G,Panchina,0,0,
21,13981628,Lecce,Matías Pérez,D,Panchina,0,0,
21,13981628,Lecce,Gaby Jean,D,Panchina,0,0,
21,13981628,Lecce,Christ-Owen Kouassi,D,Panchina,0,0,
21,13981628,Lecce,Þórir Jóhann Helgason,M,Panchina,0,0,
21,13981628,Lecce,Filip Marchwiński,M,Panchina,0,0,
21,13981628,Lecce,Mohamed Kaba,M,Panchina,0,0,
21,13981628,Lecce,Oumar Ngom,M,Panchina,0,0,
21,13981628,Lecce,Alex Sala,M,Panchina,0,0,
21,13981628,Lecce,Sadik Fofana,M,Panchina,0,0,
21,13981629,Pisa,Simone Scuffet,G,Titolare,0,0,
21,13981629,Pisa,Arturo Calabresi,D,Titolare,0,0,
21,13981629,Pisa,Simone Canestrelli,D,Titolare,0,0,
21,13981629,Pisa,Francesco Coppola,D,Titolare,0,0,
21,13981629,Pisa,Idrissa Touré,M,Titolare,0,0,
21,13981629,Pisa,Marius Marin,M,Titolare,0,0,
21,13981629,Pisa,Michel Aebischer,M,Titolare,0,0,
21,13981629,Pisa,Samuele Angori,M,Titolare,0,0,
21,13981629,Pisa,Stefano Moreo,F,Titolare,0,0,
21,13981629,Pisa,Matteo Tramoni,F,Titolare,0,0,
21,13981629,Pisa,Henrik Wendel Meister,F,Titolare,0,0,
21,13981629,Pisa,Mehdi Léris,M,Panchina,0,0,
21,13981629,Pisa,Gabriele Piccinini,M,Panchina,0,0,
21,13981629,Pisa,Rafiu Durosinmi,F,Panchina,0,0,
21,13981629,Pisa,Rosen Bozhinov,D,Panchina,0,0,
21,13981629,Pisa,Nícolas,G,Panchina,0,0,
21,13981629,Pisa,Adrian Šemper,G,Panchina,0,0,
21,13981629,Pisa,Jeremy Kandje Mbambi,D,Panchina,0,0,
21,13981629,Pisa,Malthe Højholt,M,Panchina,0,0,
21,13981629,Pisa,Lorran,M,Panchina,0,0,
21,13981629,Pisa,Brando Bettazzi,M,Panchina,0,0,
21,13981629,Pisa,Louis Buffon,F,Panchina,0,0,
21,13981629,Pisa,Tomás Esteves,F,Panchina,0,0,
21,13981629,Atalanta,Marco Carnesecchi,G,Titolare,0,0,
21,13981629,Atalanta,Giorgio Scalvini,D,Titolare,0,0,
21,13981629,Atalanta,Isak Hien,D,Titolare,0,0,
21,13981629,Atalanta,Honest Ahanor,D,Titolare,0,0,
21,13981629,Atalanta,Yunus Musah,M,Titolare,0,0,
21,13981629,Atalanta,Marten de Roon,M,Titolare,0,0,
21,13981629,Atalanta,Mario Pašalić,M,Titolare,0,0,
21,13981629,Atalanta,Lorenzo Bernasconi,M,Titolare,0,0,
21,13981629,Atalanta,Charles De Ketelaere,F,Titolare,0,0,
21,13981629,Atalanta,Nicola Zalewski,M,Titolare,0,0,
21,13981629,Atalanta,Gianluca Scamacca,F,Titolare,0,0,
21,13981629,Atalanta,Davide Zappacosta,M,Panchina,0,0,
21,13981629,Atalanta,Éderson,M,Panchina,0,0,
21,13981629,Atalanta,Giacomo Raspadori,F,Panchina,0,0,
21,13981629,Atalanta,Nikola Krstović,F,Panchina,0,0,
21,13981629,Atalanta,Kamaldeen Sulemana,F,Panchina,0,0,
21,13981629,Atalanta,Marco Sportiello,G,Panchina,0,0,
21,13981629,Atalanta,Francesco Rossi,G,Panchina,0,0,
21,13981629,Atalanta,Sead Kolašinac,D,Panchina,0,0,
21,13981629,Atalanta,Odilon Kossounou,D,Panchina,0,0,
21,13981629,Atalanta,Lazar Samardžić,M,Panchina,0,0,
21,13981629,Atalanta,Daniel Maldini,F,Panchina,0,0,
21,13981630,Udinese,Maduka Okoye,G,Titolare,0,0,
21,13981630,Udinese,Thomas Kristensen,D,Titolare,0,0,
21,13981630,Udinese,Christian Kabasele,D,Titolare,0,0,
21,13981630,Udinese,Oumar Solet,D,Titolare,0,0,
21,13981630,Udinese,Alessandro Zanoli,M,Titolare,0,0,
21,13981630,Udinese,Jesper Karlström,M,Titolare,0,0,
21,13981630,Udinese,Jakub Piotrowski,M,Titolare,0,0,
21,13981630,Udinese,Hassane Kamara,M,Titolare,0,0,
21,13981630,Udinese,Arthur Atta,M,Titolare,0,0,
21,13981630,Udinese,Jürgen Ekkelenkamp,M,Titolare,0,0,
21,13981630,Udinese,Keinan Davis,F,Titolare,0,0,
21,13981630,Udinese,Lennon Miller,M,Panchina,0,0,
21,13981630,Udinese,Nicolò Bertola,D,Panchina,0,0,
21,13981630,Udinese,Kingsley Ehizibue,M,Panchina,0,0,
21,13981630,Udinese,Idrissa Gueye,F,Panchina,0,0,
21,13981630,Udinese,Vakoun Issouf Bayo,F,Panchina,0,0,
21,13981630,Udinese,Alessandro Nunziante,G,Panchina,0,0,
21,13981630,Udinese,Daniele Padelli,G,Panchina,0,0,
21,13981630,Udinese,Răzvan Sava,G,Panchina,0,0,
21,13981630,Udinese,Saba Goglichidze,D,Panchina,0,0,
21,13981630,Udinese,Oier Zarraga,M,Panchina,0,0,
21,13981630,Udinese,Abdoulaye Camara,M,Panchina,0,0,
21,13981630,Udinese,Jordan Zemura,M,Panchina,0,0,
21,13981630,Udinese,Sandi Lovrić,M,Panchina,0,0,
21,13981630,Udinese,Rui Modesto,M,Panchina,0,0,
21,13981630,Inter,Yann Sommer,G,Titolare,0,0,
21,13981630,Inter,Yann Bisseck,D,Titolare,0,0,
21,13981630,Inter,Manuel Akanji,D,Titolare,0,0,
21,13981630,Inter,Carlos Augusto,D,Titolare,0,0,
21,13981630,Inter,Luís Henrique,M,Titolare,0,0,
21,13981630,Inter,Nicolò Barella,M,Titolare,0,0,
21,13981630,Inter,Piotr Zieliński,M,Titolare,0,0,
21,13981630,Inter,Henrikh Mkhitaryan,M,Titolare,0,0,
21,13981630,Inter,Federico Dimarco,M,Titolare,0,0,
21,13981630,Inter,Lautaro Martínez,F,Titolare,0,0,
21,13981630,Inter,Francesco Pio Esposito,F,Titolare,0,0,
21,13981630,Inter,Ange-Yoan Bonny,F,Panchina,0,0,
21,13981630,Inter,Francesco Acerbi,D,Panchina,0,0,
21,13981630,Inter,Davide Frattesi,M,Panchina,0,0,
21,13981630,Inter,Stefan de Vrij,D,Panchina,0,0,
21,13981630,Inter,Petar Sučić,M,Panchina,0,0,
21,13981630,Inter,Alain Taho,G,Panchina,0,0,
21,13981630,Inter,Alessandro Calligaris,G,Panchina,0,0,
21,13981630,Inter,Alessandro Bastoni,D,Panchina,0,0,
21,13981630,Inter,Matteo Darmian,D,Panchina,0,0,
21,13981630,Inter,Andy Diouf,M,Panchina,0,0,
21,13981630,Inter,Matteo Cocchi,M,Panchina,0,0,
21,13981630,Inter,Leonardo Bovo,M,Panchina,0,0,
21,13981630,Inter,Marcus Thuram,F,Panchina,0,0,
21,13981633,SSC Napoli,Vanja Milinković-Savić,G,Titolare,0,0,
21,13981633,SSC Napoli,Sam Beukema,D,Titolare,0,0,
21,13981633,SSC Napoli,Amir Rrahmani,D,Titolare,0,0,
21,13981633,SSC Napoli,Juan Jesus,D,Titolare,0,0,
21,13981633,SSC Napoli,Giovanni Di Lorenzo,D,Titolare,0,0,
21,13981633,SSC Napoli,Stanislav Lobotka,M,Titolare,0,0,
21,13981633,SSC Napoli,Scott McTominay,M,Titolare,0,0,
21,13981633,SSC Napoli,Leonardo Spinazzola,D,Titolare,0,0,
21,13981633,SSC Napoli,Antonio Vergara,F,Titolare,0,0,
21,13981633,SSC Napoli,Eljif Elmas,M,Titolare,0,0,
21,13981633,SSC Napoli,Rasmus Højlund,F,Titolare,0,0,
21,13981633,SSC Napoli,Matteo Politano,M,Panchina,0,0,
21,13981633,SSC Napoli,Noa Lang,F,Panchina,0,0,
21,13981633,SSC Napoli,Pasquale Mazzocchi,M,Panchina,0,0,
21,13981633,SSC Napoli,Alessandro Buongiorno,D,Panchina,0,0,
21,13981633,SSC Napoli,Mathias Ferrante,G,Panchina,0,0,
21,13981633,SSC Napoli,Nikita Contini,G,Panchina,0,0,
21,13981633,SSC Napoli,Luca Marianucci,D,Panchina,0,0,
21,13981633,SSC Napoli,Miguel Gutiérrez,D,Panchina,0,0,
21,13981633,SSC Napoli,Mathías Olivera,D,Panchina,0,0,
21,13981633,SSC Napoli,Lorenzo Lucca,F,Panchina,0,0,
21,13981633,SSC Napoli,Giuseppe Ambrosino,F,Panchina,0,0,
21,13981633,Sassuolo,Arijanet Murić,G,Titolare,0,0,
21,13981633,Sassuolo,Sebastian Walukiewicz,D,Titolare,0,0,
21,13981633,Sassuolo,Jay Idzes,D,Titolare,0,0,
21,13981633,Sassuolo,Tarik Muharemović,D,Titolare,0,0,
21,13981633,Sassuolo,Josh Doig,D,Titolare,0,0,
21,13981633,Sassuolo,Luca Lipani,M,Titolare,0,0,
21,13981633,Sassuolo,Nemanja Matić,M,Titolare,0,0,
21,13981633,Sassuolo,Aster Vranckx,M,Titolare,0,0,
21,13981633,Sassuolo,Alieu Fadera,F,Titolare,0,0,
21,13981633,Sassuolo,Andrea Pinamonti,F,Titolare,0,0,
21,13981633,Sassuolo,Armand Laurienté,F,Titolare,0,0,
21,13981633,Sassuolo,Edoardo Iannoni,M,Panchina,0,0,
21,13981633,Sassuolo,Woyo Coulibaly,D,Panchina,0,0,
21,13981633,Sassuolo,Laurs Skjellerup,F,Panchina,0,0,
21,13981633,Sassuolo,Luca Moro,F,Panchina,0,0,
21,13981633,Sassuolo,Walid Cheddira,F,Panchina,0,0,
21,13981633,Sassuolo,Giacomo Satalino,G,Panchina,0,0,
21,13981633,Sassuolo,Gioele Zacchi,G,Panchina,0,0,
21,13981633,Sassuolo,Stefano Turati,G,Panchina,0,0,
21,13981633,Sassuolo,Filippo Romagna,D,Panchina,0,0,
21,13981633,Sassuolo,Yeferson Paz,D,Panchina,0,0,
21,13981633,Sassuolo,Cas Odenthal,D,Panchina,0,0,
21,13981633,Sassuolo,Christian Frangella,M,Panchina,0,0,
21,13981633,Sassuolo,Nicholas Pierini,F,Panchina,0,0,
21,13981634,Torino,Alberto Paleari,G,Titolare,0,0,
21,13981634,Torino,Adrien Tameze,D,Titolare,0,0,
21,13981634,Torino,Ardian Ismajli,D,Titolare,0,0,
21,13981634,Torino,Saúl Coco,D,Titolare,0,0,
21,13981634,Torino,Emirhan İlkhan,M,Titolare,0,0,
21,13981634,Torino,Valentino Lazaro,M,Titolare,0,0,
21,13981634,Torino,Nikola Vlašić,M,Titolare,0,0,
21,13981634,Torino,Gvidas Gineitis,M,Titolare,0,0,
21,13981634,Torino,Zakaria Aboukhlal,F,Titolare,0,0,
21,13981634,Torino,Che Adams,F,Titolare,0,0,
21,13981634,Torino,Cyril Ngonge,F,Titolare,0,0,
21,13981634,Torino,Marcus Pedersen,M,Panchina,0,0,
21,13981634,Torino,Cesare Casadei,M,Panchina,0,0,
21,13981634,Torino,Tino Anjorin,M,Panchina,0,0,
21,13981634,Torino,Alieu Njie,F,Panchina,0,0,
21,13981634,Torino,Franco Israel,G,Panchina,0,0,
21,13981634,Torino,Mihai Popa,G,Panchina,0,0,
21,13981634,Torino,Guillermo Maripán,D,Panchina,0,0,
21,13981634,Torino,Mattia Pellini,D,Panchina,0,0,
21,13981634,Torino,Zalan Kugyela,M,Panchina,0,0,
21,13981634,Torino,Giovanni Simeone,F,Panchina,0,0,
21,13981634,Torino,Tommaso Gabellini,F,Panchina,0,0,
21,13981634,AS Roma,Mile Svilar,G,Titolare,0,0,
21,13981634,AS Roma,Gianluca Mancini,D,Titolare,0,0,
21,13981634,AS Roma,Evan Ndicka,D,Titolare,0,0,
21,13981634,AS Roma,Mario Hermoso,D,Titolare,0,0,
21,13981634,AS Roma,Devyne Rensch,M,Titolare,0,0,
21,13981634,AS Roma,Bryan Cristante,M,Titolare,0,0,
21,13981634,AS Roma,Manu Koné,M,Titolare,0,0,
21,13981634,AS Roma,Wesley,M,Titolare,0,0,
21,13981634,AS Roma,Paulo Dybala,F,Titolare,0,0,
21,13981634,AS Roma,Lorenzo Pellegrini,F,Titolare,0,0,
21,13981634,AS Roma,Donyell Malen,F,Titolare,0,0,
21,13981634,AS Roma,Daniele Ghilardi,D,Panchina,0,0,
21,13981634,AS Roma,Matías Soulé,F,Panchina,0,0,
21,13981634,AS Roma,Kostas Tsimikas,D,Panchina,0,0,
21,13981634,AS Roma,Niccolò Pisilli,M,Panchina,0,0,
21,13981634,AS Roma,Robinio Vaz,F,Panchina,0,0,
21,13981634,AS Roma,Radosław Żelezny,G,Panchina,0,0,
21,13981634,AS Roma,Devis Vásquez,G,Panchina,0,0,
21,13981634,AS Roma,Zeki Çelik,D,Panchina,0,0,
21,13981634,AS Roma,Jan Ziółkowski,D,Panchina,0,0,
21,13981634,AS Roma,Antonio Arena,F,Panchina,0,0,
22,13981631,Como,Jean Butez,G,Titolare,0,0,
22,13981631,Como,Mërgim Vojvoda,D,Titolare,0,0,
22,13981631,Como,Jacobo Ramón,D,Titolare,0,0,
22,13981631,Como,Marc Kempf,D,Titolare,0,0,
22,13981631,Como,Álex Valle,D,Titolare,0,0,
22,13981631,Como,Máximo Perrone,M,Titolare,0,0,
22,13981631,Como,Lucas Da Cunha,M,Titolare,0,0,
22,13981631,Como,Jesús Rodriguez,M,Titolare,0,0,
22,13981631,Como,Nico Paz,M,Titolare,0,0,
22,13981631,Como,Martin Baturina,M,Titolare,0,0,
22,13981631,Como,Anastasios Douvikas,F,Titolare,0,0,
22,13981631,Como,Sergi Roberto,M,Panchina,0,0,
22,13981631,Como,Maxence Caqueret,M,Panchina,0,0,
22,13981631,Como,Nicolas-Gerrit Kühn,F,Panchina,0,0,
22,13981631,Como,Alberto Moreno,D,Panchina,0,0,
22,13981631,Como,Ivan Smolčić,D,Panchina,0,0,
22,13981631,Como,Mauro Vigorito,G,Panchina,0,0,
22,13981631,Como,Noel Törnqvist,G,Panchina,0,0,
22,13981631,Como,Ignace Van der Brempt,D,Panchina,0,0,
22,13981631,Como,Diego Carlos,D,Panchina,0,0,
22,13981631,Como,Jayden Addai,M,Panchina,0,0,
22,13981631,Torino,Alberto Paleari,G,Titolare,0,0,
22,13981631,Torino,Adrien Tameze,D,Titolare,0,0,
22,13981631,Torino,Ardian Ismajli,D,Titolare,0,0,
22,13981631,Torino,Saúl Coco,D,Titolare,0,0,
22,13981631,Torino,Emirhan İlkhan,M,Titolare,0,0,
22,13981631,Torino,Marcus Pedersen,M,Titolare,0,0,
22,13981631,Torino,Nikola Vlašić,M,Titolare,0,0,
22,13981631,Torino,Cesare Casadei,M,Titolare,0,0,
22,13981631,Torino,Valentino Lazaro,M,Titolare,0,0,
22,13981631,Torino,Cyril Ngonge,F,Titolare,0,0,
22,13981631,Torino,Che Adams,F,Titolare,0,0,
22,13981631,Torino,Guillermo Maripán,D,Panchina,0,0,
22,13981631,Torino,Tino Anjorin,M,Panchina,0,0,
22,13981631,Torino,Rafael Obrador,M,Panchina,0,0,
22,13981631,Torino,Duván Zapata,F,Panchina,0,0,
22,13981631,Torino,Lapo Siviero,G,Panchina,0,0,
22,13981631,Torino,Franco Israel,G,Panchina,0,0,
22,13981631,Torino,Mattia Pellini,D,Panchina,0,0,
22,13981631,Torino,Sergiu Perciun,M,Panchina,0,0,
22,13981631,Torino,Wisdom Acquah,M,Panchina,0,0,
22,13981631,Torino,Tommaso Gabellini,F,Panchina,0,0,
22,13981631,Torino,Alieu Njie,F,Panchina,0,0,
22,13981632,Fiorentina,David De Gea,G,Titolare,0,0,
22,13981632,Fiorentina,Dodô,M,Titolare,0,0,
22,13981632,Fiorentina,Pietro Comuzzo,D,Titolare,0,0,
22,13981632,Fiorentina,Marin Pongračić,D,Titolare,0,0,
22,13981632,Fiorentina,Robin Gosens,D,Titolare,0,0,
22,13981632,Fiorentina,Rolando Mandragora,M,Titolare,0,0,
22,13981632,Fiorentina,Nicolò Fagioli,M,Titolare,0,0,
22,13981632,Fiorentina,Cher Ndour,M,Titolare,0,0,
22,13981632,Fiorentina,Manor Solomon,F,Titolare,0,0,
22,13981632,Fiorentina,Roberto Piccoli,F,Titolare,0,0,
22,13981632,Fiorentina,Albert Guðmundsson,F,Titolare,0,0,
22,13981632,Fiorentina,Giovanni Fabbian,M,Panchina,0,0,
22,13981632,Fiorentina,Marco Brescianini,M,Panchina,0,0,
22,13981632,Fiorentina,Jack Harrison,F,Panchina,0,0,
22,13981632,Fiorentina,Niccolò Fortini,D,Panchina,0,0,
22,13981632,Fiorentina,Oliver Christensen,G,Panchina,0,0,
22,13981632,Fiorentina,Luca Lezzerini,G,Panchina,0,0,
22,13981632,Fiorentina,Luís Balbo,D,Panchina,0,0,
22,13981632,Fiorentina,Eman Košpo,D,Panchina,0,0,
22,13981632,Fiorentina,Eddy Kouadio,D,Panchina,0,0,
22,13981632,Fiorentina,Luca Ranieri,D,Panchina,0,0,
22,13981632,Fiorentina,Hans Nicolussi Caviglia,M,Panchina,0,0,
22,13981632,Fiorentina,Riccardo Braschi,F,Panchina,0,0,
22,13981632,Fiorentina,Jacopo Fazzini,F,Panchina,0,0,
22,13981632,Cagliari,Elia Caprile,G,Titolare,0,0,
22,13981632,Cagliari,Zé Pedro,D,Titolare,0,0,
22,13981632,Cagliari,Yerry Mina,D,Titolare,0,0,
22,13981632,Cagliari,Sebastiano Luperto,D,Titolare,0,0,
22,13981632,Cagliari,Marco Palestra,M,Titolare,0,0,
22,13981632,Cagliari,Michel Adopo,M,Titolare,0,0,
22,13981632,Cagliari,Gianluca Gaetano,M,Titolare,0,0,
22,13981632,Cagliari,Luca Mazzitelli,M,Titolare,0,0,
22,13981632,Cagliari,Adam Obert,D,Titolare,0,0,
22,13981632,Cagliari,Sebastiano Esposito,F,Titolare,0,0,
22,13981632,Cagliari,Semih Kılıçsoy,F,Titolare,0,0,
22,13981632,Cagliari,Sulemana,M,Panchina,0,0,
22,13981632,Cagliari,Gennaro Borrelli,F,Panchina,0,0,
22,13981632,Cagliari,Gabriele Zappa,D,Panchina,0,0,
22,13981632,Cagliari,Riyad Idrissi,D,Panchina,0,0,
22,13981632,Cagliari,Matteo Prati,M,Panchina,0,0,
22,13981632,Cagliari,Giuseppe Ciocci,G,Panchina,0,0,
22,13981632,Cagliari,Alen Sherri,G,Panchina,0,0,
22,13981632,Cagliari,Juan Rodríguez,D,Panchina,0,0,
22,13981632,Cagliari,Alberto Dossena,D,Panchina,0,0,
22,13981632,Cagliari,Nicolò Cavuoti,M,Panchina,0,0,
22,13981632,Cagliari,Zito Luvumbo,F,Panchina,0,0,
22,13981632,Cagliari,Leonardo Pavoletti,F,Panchina,0,0,
22,13981632,Cagliari,Yael Trepy,F,Panchina,0,0,
22,13981635,Atalanta,Marco Carnesecchi,G,Titolare,0,0,
22,13981635,Atalanta,Giorgio Scalvini,D,Titolare,0,0,
22,13981635,Atalanta,Berat Djimsiti,D,Titolare,0,0,
22,13981635,Atalanta,Honest Ahanor,D,Titolare,0,0,
22,13981635,Atalanta,Davide Zappacosta,M,Titolare,0,0,
22,13981635,Atalanta,Marten de Roon,M,Titolare,0,0,
22,13981635,Atalanta,Éderson,M,Titolare,0,0,
22,13981635,Atalanta,Nicola Zalewski,M,Titolare,0,0,
22,13981635,Atalanta,Charles De Ketelaere,F,Titolare,0,0,
22,13981635,Atalanta,Giacomo Raspadori,F,Titolare,0,0,
22,13981635,Atalanta,Gianluca Scamacca,F,Titolare,0,0,
22,13981635,Atalanta,Isak Hien,D,Panchina,0,0,
22,13981635,Atalanta,Lorenzo Bernasconi,M,Panchina,0,0,
22,13981635,Atalanta,Nikola Krstović,F,Panchina,0,0,
22,13981635,Atalanta,Mario Pašalić,M,Panchina,0,0,
22,13981635,Atalanta,Ademola Lookman,F,Panchina,0,0,
22,13981635,Atalanta,Marco Sportiello,G,Panchina,0,0,
22,13981635,Atalanta,Francesco Rossi,G,Panchina,0,0,
22,13981635,Atalanta,Odilon Kossounou,D,Panchina,0,0,
22,13981635,Atalanta,Sead Kolašinac,D,Panchina,0,0,
22,13981635,Atalanta,Yunus Musah,M,Panchina,0,0,
22,13981635,Atalanta,Lazar Samardžić,M,Panchina,0,0,
22,13981635,Atalanta,Daniel Maldini,F,Panchina,0,0,
22,13981635,Atalanta,Kamaldeen Sulemana,F,Panchina,0,0,
22,13981635,Parma,Edoardo Corvi,G,Titolare,0,0,
22,13981635,Parma,Alessandro Circati,D,Titolare,0,0,
22,13981635,Parma,Mariano Troilo,D,Titolare,0,0,
22,13981635,Parma,Lautaro Valenti,D,Titolare,0,0,
22,13981635,Parma,Sascha Britschgi,D,Titolare,0,0,
22,13981635,Parma,Mandela Keita,M,Titolare,0,0,
22,13981635,Parma,Nahuel Estévez,M,Titolare,0,0,
22,13981635,Parma,Enrico Delprato,D,Titolare,0,0,
22,13981635,Parma,Adrián Bernabé,M,Titolare,0,0,
22,13981635,Parma,Oliver Sørensen,M,Titolare,0,0,
22,13981635,Parma,Adrian Benedyczak,F,Titolare,0,0,
22,13981635,Parma,Emanuele Valeri,M,Panchina,0,0,
22,13981635,Parma,Gaetano Oristanio,M,Panchina,0,0,
22,13981635,Parma,Mateo Pellegrino,F,Panchina,0,0,
22,13981635,Parma,Jacob Ondrejka,F,Panchina,0,0,
22,13981635,Parma,Christian Ordoñez,M,Panchina,0,0,
22,13981635,Parma,Filippo Rinaldi,G,Panchina,0,0,
22,13981635,Parma,Gabriele Casentini,G,Panchina,0,0,
22,13981635,Parma,Dominik Drobnic ,D,Panchina,0,0,
22,13981635,Parma,Benjamin Cremaschi,M,Panchina,0,0,
22,13981635,Parma,Pontus Almqvist,F,Panchina,0,0,
22,13981635,Parma,Daniel Mikołajewski,F,Panchina,0,0,
22,13981635,Parma,Milan Đurić,F,Panchina,0,0,
22,13981636,Genoa,Justin Bijlow,G,Titolare,0,0,
22,13981636,Genoa,Alessandro Marcandalli,D,Titolare,0,0,
22,13981636,Genoa,Sebastian Otoa,D,Titolare,0,0,
22,13981636,Genoa,Johan Vásquez,D,Titolare,0,0,
22,13981636,Genoa,Brooke Norton-Cuffy,D,Titolare,0,0,
22,13981636,Genoa,Vitinha,F,Titolare,0,0,
22,13981636,Genoa,Morten Frendrup,M,Titolare,0,0,
22,13981636,Genoa,Mikael Ellertsson,M,Titolare,0,0,
22,13981636,Genoa,Aarón Martín,M,Titolare,0,0,
22,13981636,Genoa,Jeff Ekhator,F,Titolare,0,0,
22,13981636,Genoa,Lorenzo Colombo,F,Titolare,0,0,
22,13981636,Genoa,Ruslan Malinovskyi,M,Panchina,0,0,
22,13981636,Genoa,Junior Messias,F,Panchina,0,0,
22,13981636,Genoa,Caleb Ekuban,F,Panchina,0,0,
22,13981636,Genoa,Maxwel Cornet,F,Panchina,0,0,
22,13981636,Genoa,Nils Zätterström,D,Panchina,0,0,
22,13981636,Genoa,Nicola Leali,G,Panchina,0,0,
22,13981636,Genoa,Daniele Sommariva,G,Panchina,0,0,
22,13981636,Genoa,Alin Kumer,D,Panchina,0,0,
22,13981636,Genoa,Patrizio Masini,M,Panchina,0,0,
22,13981636,Genoa,Hugo Cuenca,M,Panchina,0,0,
22,13981636,Genoa,Morten Thorsby,M,Panchina,0,0,
22,13981636,Genoa,Stefano Sabelli,M,Panchina,0,0,
22,13981636,Genoa,Jean Onana,M,Panchina,0,0,
22,13981636,Genoa,Joi Xheto Nuredini,F,Panchina,0,0,
22,13981636,Bologna,Łukasz Skorupski,G,Titolare,0,0,
22,13981636,Bologna,Nadir Zortea,D,Titolare,0,0,
22,13981636,Bologna,Nicolò Casale,D,Titolare,0,0,
22,13981636,Bologna,Torbjørn Heggem,D,Titolare,0,0,
22,13981636,Bologna,Charalampos Lykogiannis,D,Titolare,0,0,
22,13981636,Bologna,Remo Freuler,M,Titolare,0,0,
22,13981636,Bologna,Lewis Ferguson,M,Titolare,0,0,
22,13981636,Bologna,Jonathan Rowe,F,Titolare,0,0,
22,13981636,Bologna,Jens Odgaard,M,Titolare,0,0,
22,13981636,Bologna,Benjamín Domínguez,M,Titolare,0,0,
22,13981636,Bologna,Ciro Immobile,F,Titolare,0,0,
22,13981636,Bologna,Federico Ravaglia,G,Panchina,0,0,
22,13981636,Bologna,Martin Vitík,D,Panchina,0,0,
22,13981636,Bologna,Simon Sohm,M,Panchina,0,0,
22,13981636,Bologna,Thijs Dallinga,F,Panchina,0,0,
22,13981636,Bologna,Massimo Pessina,G,Panchina,0,0,
22,13981636,Bologna,Emil Holm,D,Panchina,0,0,
22,13981636,Bologna,Eivind Helland,D,Panchina,0,0,
22,13981636,Bologna,Lorenzo De Silvestri,D,Panchina,0,0,
22,13981636,Bologna,Riccardo Orsolini,M,Panchina,0,0,
22,13981636,Bologna,Nikola Moro,M,Panchina,0,0,
22,13981636,Bologna,Tommaso Pobega,M,Panchina,0,0,
22,13981636,Bologna,Nicolò Cambiaghi,F,Panchina,0,0,
22,13981636,Bologna,Santiago Castro,F,Panchina,0,0,
22,13981636,Bologna,Federico Bernardeschi,F,Panchina,0,0,
22,13981637,Inter,Yann Sommer,G,Titolare,0,0,
22,13981637,Inter,Yann Bisseck,D,Titolare,0,0,
22,13981637,Inter,Stefan de Vrij,D,Titolare,0,0,
22,13981637,Inter,Alessandro Bastoni,D,Titolare,0,0,
22,13981637,Inter,Luís Henrique,M,Titolare,0,0,
22,13981637,Inter,Petar Sučić,M,Titolare,0,0,
22,13981637,Inter,Piotr Zieliński,M,Titolare,0,0,
22,13981637,Inter,Henrikh Mkhitaryan,M,Titolare,0,0,
22,13981637,Inter,Carlos Augusto,D,Titolare,0,0,
22,13981637,Inter,Lautaro Martínez,F,Titolare,0,0,
22,13981637,Inter,Francesco Pio Esposito,F,Titolare,0,0,
22,13981637,Inter,Federico Dimarco,M,Panchina,0,0,
22,13981637,Inter,Nicolò Barella,M,Panchina,0,0,
22,13981637,Inter,Marcus Thuram,F,Panchina,0,0,
22,13981637,Inter,Manuel Akanji,D,Panchina,0,0,
22,13981637,Inter,Ange-Yoan Bonny,F,Panchina,0,0,
22,13981637,Inter,Raffaele Di Gennaro,G,Panchina,0,0,
22,13981637,Inter,Josep Martínez,G,Panchina,0,0,
22,13981637,Inter,Francesco Acerbi,D,Panchina,0,0,
22,13981637,Inter,Matteo Darmian,D,Panchina,0,0,
22,13981637,Inter,Davide Frattesi,M,Panchina,0,0,
22,13981637,Inter,Andy Diouf,M,Panchina,0,0,
22,13981637,Inter,Matteo Cocchi,M,Panchina,0,0,
22,13981637,Inter,Leonardo Bovo,M,Panchina,0,0,
22,13981637,Pisa,Simone Scuffet,G,Titolare,0,0,
22,13981637,Pisa,Arturo Calabresi,D,Titolare,0,0,
22,13981637,Pisa,Simone Canestrelli,D,Titolare,0,0,
22,13981637,Pisa,Francesco Coppola,D,Titolare,0,0,
22,13981637,Pisa,Idrissa Touré,M,Titolare,0,0,
22,13981637,Pisa,Marius Marin,M,Titolare,0,0,
22,13981637,Pisa,Michel Aebischer,M,Titolare,0,0,
22,13981637,Pisa,Samuele Angori,M,Titolare,0,0,
22,13981637,Pisa,Stefano Moreo,F,Titolare,0,0,
22,13981637,Pisa,Matteo Tramoni,F,Titolare,0,0,
22,13981637,Pisa,Henrik Wendel Meister,F,Titolare,0,0,
22,13981637,Pisa,Rafiu Durosinmi,F,Panchina,0,0,
22,13981637,Pisa,Gabriele Piccinini,M,Panchina,0,0,
22,13981637,Pisa,Ebenezer Akinsanmiro,M,Panchina,0,0,
22,13981637,Pisa,Mehdi Léris,M,Panchina,0,0,
22,13981637,Pisa,Lorran,M,Panchina,0,0,
22,13981637,Pisa,Tommaso Guizzo,G,Panchina,0,0,
22,13981637,Pisa,Nícolas,G,Panchina,0,0,
22,13981637,Pisa,Rosen Bozhinov,D,Panchina,0,0,
22,13981637,Pisa,Antonio Caracciolo,D,Panchina,0,0,
22,13981637,Pisa,Felipe Loyola,M,Panchina,0,0,
22,13981637,Pisa,Malthe Højholt,M,Panchina,0,0,
22,13981637,Pisa,Tomás Esteves,F,Panchina,0,0,
22,13981637,Pisa,Louis Buffon,F,Panchina,0,0,
22,13981638,Juventus,Michele Di Gregorio,G,Titolare,0,0,
22,13981638,Juventus,Pierre Kalulu,D,Titolare,0,0,
22,13981638,Juventus,Bremer,D,Titolare,0,0,
22,13981638,Juventus,Lloyd Kelly,D,Titolare,0,0,
22,13981638,Juventus,Weston McKennie,M,Titolare,0,0,
22,13981638,Juventus,Manuel Locatelli,M,Titolare,0,0,
22,13981638,Juventus,Khéphren Thuram,M,Titolare,0,0,
22,13981638,Juventus,Andrea Cambiaso,M,Titolare,0,0,
22,13981638,Juventus,Francisco Conceição,F,Titolare,0,0,
22,13981638,Juventus,Kenan Yıldız,F,Titolare,0,0,
22,13981638,Juventus,Jonathan David,F,Titolare,0,0,
22,13981638,Juventus,Juan Cabal,D,Panchina,0,0,
22,13981638,Juventus,Filip Kostić,M,Panchina,0,0,
22,13981638,Juventus,Fabio Miretti,M,Panchina,0,0,
22,13981638,Juventus,Federico Gatti,D,Panchina,0,0,
22,13981638,Juventus,Teun Koopmeiners,M,Panchina,0,0,
22,13981638,Juventus,Mattia Perin,G,Panchina,0,0,
22,13981638,Juventus,Raffaele Huli,G,Panchina,0,0,
22,13981638,Juventus,João Mário,D,Panchina,0,0,
22,13981638,Juventus,Vasilije Adžić,M,Panchina,0,0,
22,13981638,Juventus,Loïs Openda,F,Panchina,0,0,
22,13981638,Juventus,Edon Zhegrova,F,Panchina,0,0,
22,13981638,SSC Napoli,Alex Meret,G,Titolare,0,0,
22,13981638,SSC Napoli,Giovanni Di Lorenzo,D,Titolare,0,0,
22,13981638,SSC Napoli,Juan Jesus,D,Titolare,0,0,
22,13981638,SSC Napoli,Alessandro Buongiorno,D,Titolare,0,0,
22,13981638,SSC Napoli,Miguel Gutiérrez,D,Titolare,0,0,
22,13981638,SSC Napoli,Stanislav Lobotka,M,Titolare,0,0,
22,13981638,SSC Napoli,Scott McTominay,M,Titolare,0,0,
22,13981638,SSC Napoli,Leonardo Spinazzola,D,Titolare,0,0,
22,13981638,SSC Napoli,Antonio Vergara,F,Titolare,0,0,
22,13981638,SSC Napoli,Eljif Elmas,M,Titolare,0,0,
22,13981638,SSC Napoli,Rasmus Højlund,F,Titolare,0,0,
22,13981638,SSC Napoli,Giovane,F,Panchina,0,0,
22,13981638,SSC Napoli,Sam Beukema,D,Panchina,0,0,
22,13981638,SSC Napoli,Romelu Lukaku,F,Panchina,0,0,
22,13981638,SSC Napoli,Mathias Ferrante,G,Panchina,0,0,
22,13981638,SSC Napoli,Nikita Contini,G,Panchina,0,0,
22,13981638,SSC Napoli,Mathías Olivera,D,Panchina,0,0,
22,13981638,SSC Napoli,Emmanuele De Chiara,M,Panchina,0,0,
22,13981638,SSC Napoli,Vincenzo Prisco,M,Panchina,0,0,
22,13981639,Lecce,Wladimiro Falcone,G,Titolare,0,0,
22,13981639,Lecce,Danilo Veiga,D,Titolare,0,0,
22,13981639,Lecce,Tiago Gabriel,D,Titolare,0,0,
22,13981639,Lecce,Jamil Siebert,D,Titolare,0,0,
22,13981639,Lecce,Antonino Gallo,D,Titolare,0,0,
22,13981639,Lecce,Ylber Ramadani,M,Titolare,0,0,
22,13981639,Lecce,Lassana Coulibaly,M,Titolare,0,0,
22,13981639,Lecce,Santiago Pierotti,F,Titolare,0,0,
22,13981639,Lecce,Omri Gandelman,M,Titolare,0,0,
22,13981639,Lecce,Lameck Banda,M,Titolare,0,0,
22,13981639,Lecce,Nikola Štulić,F,Titolare,0,0,
22,13981639,Lecce,Walid Cheddira,F,Panchina,0,0,
22,13981639,Lecce,Riccardo Sottil,F,Panchina,0,0,
22,13981639,Lecce,Tete Morente,F,Panchina,0,0,
22,13981639,Lecce,Christian Früchtl,G,Panchina,0,0,
22,13981639,Lecce,Jasper Samooja,G,Panchina,0,0,
22,13981639,Lecce,Christ-Owen Kouassi,D,Panchina,0,0,
22,13981639,Lecce,Corrie Ndaba,D,Panchina,0,0,
22,13981639,Lecce,Gaby Jean,D,Panchina,0,0,
22,13981639,Lecce,Matías Pérez,D,Panchina,0,0,
22,13981639,Lecce,Alex Sala,M,Panchina,0,0,
22,13981639,Lecce,Youssef Maleh,M,Panchina,0,0,
22,13981639,Lecce,Sadik Fofana,M,Panchina,0,0,
22,13981639,Lecce,Oumar Ngom,M,Panchina,0,0,
22,13981639,Lecce,Mohamed Kaba,M,Panchina,0,0,
22,13981639,Lecce,N'Dri Konan,F,Panchina,0,0,
22,13981639,Lazio,Ivan Provedel,G,Titolare,0,0,
22,13981639,Lazio,Manuel Lazzari,D,Titolare,0,0,
22,13981639,Lazio,Mario Gila,D,Titolare,0,0,
22,13981639,Lazio,Alessio Romagnoli,D,Titolare,0,0,
22,13981639,Lazio,Adam Marušić,D,Titolare,0,0,
22,13981639,Lazio,Toma Bašić,M,Titolare,0,0,
22,13981639,Lazio,Matías Vecino,M,Titolare,0,0,
22,13981639,Lazio,Kenneth Taylor,M,Titolare,0,0,
22,13981639,Lazio,Matteo Cancellieri,F,Titolare,0,0,
22,13981639,Lazio,Boulaye Dia,F,Titolare,0,0,
22,13981639,Lazio,Mattia Zaccagni,F,Titolare,0,0,
22,13981639,Lazio,Oliver Provstgaard,D,Panchina,0,0,
22,13981639,Lazio,Fisayo Dele-Bashiru,M,Panchina,0,0,
22,13981639,Lazio,Petar Ratkov,F,Panchina,0,0,
22,13981639,Lazio,Luca Pellegrini,D,Panchina,0,0,
22,13981639,Lazio,Gustav Isaksen,F,Panchina,0,0,
22,13981639,Lazio,Alessio Furlanetto,G,Panchina,0,0,
22,13981639,Lazio,Christos Mandas,G,Panchina,0,0,
22,13981639,Lazio,Elseid Hysaj,D,Panchina,0,0,
22,13981639,Lazio,Nuno Tavares,D,Panchina,0,0,
22,13981639,Lazio,Reda Belahyane,M,Panchina,0,0,
22,13981639,Lazio,Valerio Farcomeni,M,Panchina,0,0,
22,13981639,Lazio,Tijjani Noslin,F,Panchina,0,0,
22,13981639,Lazio,Pedro,F,Panchina,0,0,
22,13981640,Hellas Verona,Simone Perilli,G,Titolare,0,0,
22,13981640,Hellas Verona,Tobias Slotsager,D,Titolare,0,0,
22,13981640,Hellas Verona,Victor Nelsson,D,Titolare,0,0,
22,13981640,Hellas Verona,Enzo Ebosse,D,Titolare,0,0,
22,13981640,Hellas Verona,Pol Lirola,D,Titolare,0,0,
22,13981640,Hellas Verona,Roberto Gagliardini,M,Titolare,0,0,
22,13981640,Hellas Verona,Suat Serdar,M,Titolare,0,0,
22,13981640,Hellas Verona,Domagoj Bradarić,M,Titolare,0,0,
22,13981640,Hellas Verona,Amin Sarr,F,Titolare,0,0,
22,13981640,Hellas Verona,Antoine Bernede,M,Titolare,0,0,
22,13981640,Hellas Verona,Gift Orban,F,Titolare,0,0,
22,13981640,Hellas Verona,Cheikh Niasse,M,Panchina,0,0,
22,13981640,Hellas Verona,Abdou Harroui,M,Panchina,0,0,
22,13981640,Hellas Verona,Isaac,F,Panchina,0,0,
22,13981640,Hellas Verona,Daniel Oyegoke,M,Panchina,0,0,
22,13981640,Hellas Verona,Grigoris Kastanos,M,Panchina,0,0,
22,13981640,Hellas Verona,Giacomo Toniolo,G,Panchina,0,0,
22,13981640,Hellas Verona,Lorenzo Montipò,G,Panchina,0,0,
22,13981640,Hellas Verona,Fallou Cham,D,Panchina,0,0,
22,13981640,Hellas Verona,Moatasem Al-Musrati,M,Panchina,0,0,
22,13981640,Hellas Verona,Davide De Battisti,M,Panchina,0,0,
22,13981640,Hellas Verona,Ioan Vermesan,F,Panchina,0,0,
22,13981640,Udinese,Maduka Okoye,G,Titolare,0,0,
22,13981640,Udinese,Oumar Solet,D,Titolare,0,0,
22,13981640,Udinese,Thomas Kristensen,D,Titolare,0,0,
22,13981640,Udinese,Nicolò Bertola,D,Titolare,0,0,
22,13981640,Udinese,Alessandro Zanoli,M,Titolare,0,0,
22,13981640,Udinese,Lennon Miller,M,Titolare,0,0,
22,13981640,Udinese,Jesper Karlström,M,Titolare,0,0,
22,13981640,Udinese,Jordan Zemura,M,Titolare,0,0,
22,13981640,Udinese,Jürgen Ekkelenkamp,M,Titolare,0,0,
22,13981640,Udinese,Arthur Atta,M,Titolare,0,0,
22,13981640,Udinese,Keinan Davis,F,Titolare,0,0,
22,13981640,Udinese,Kingsley Ehizibue,M,Panchina,0,0,
22,13981640,Udinese,Oier Zarraga,M,Panchina,0,0,
22,13981640,Udinese,Sandi Lovrić,M,Panchina,0,0,
22,13981640,Udinese,Idrissa Gueye,F,Panchina,0,0,
22,13981640,Udinese,Saba Goglichidze,D,Panchina,0,0,
22,13981640,Udinese,Alessandro Nunziante,G,Panchina,0,0,
22,13981640,Udinese,Daniele Padelli,G,Panchina,0,0,
22,13981640,Udinese,Christian Kabasele,D,Panchina,0,0,
22,13981640,Udinese,Juan Arizala,M,Panchina,0,0,
22,13981640,Udinese,Abdoulaye Camara,M,Panchina,0,0,
22,13981640,Udinese,Vakoun Issouf Bayo,F,Panchina,0,0,
22,13981641,AS Roma,Mile Svilar,G,Titolare,0,0,
22,13981641,AS Roma,Gianluca Mancini,D,Titolare,0,0,
22,13981641,AS Roma,Evan Ndicka,D,Titolare,0,0,
22,13981641,AS Roma,Daniele Ghilardi,D,Titolare,0,0,
22,13981641,AS Roma,Zeki Çelik,D,Titolare,0,0,
22,13981641,AS Roma,Bryan Cristante,M,Titolare,0,0,
22,13981641,AS Roma,Manu Koné,M,Titolare,0,0,
22,13981641,AS Roma,Wesley,M,Titolare,0,0,
22,13981641,AS Roma,Paulo Dybala,F,Titolare,0,0,
22,13981641,AS Roma,Matías Soulé,F,Titolare,0,0,
22,13981641,AS Roma,Donyell Malen,F,Titolare,0,0,
22,13981641,AS Roma,Niccolò Pisilli,M,Panchina,0,0,
22,13981641,AS Roma,Lorenzo Pellegrini,F,Panchina,0,0,
22,13981641,AS Roma,Robinio Vaz,F,Panchina,0,0,
22,13981641,AS Roma,Lorenzo Venturino,F,Panchina,0,0,
22,13981641,AS Roma,Devis Vásquez,G,Panchina,0,0,
22,13981641,AS Roma,Pierluigi Gollini,G,Panchina,0,0,
22,13981641,AS Roma,Jan Ziółkowski,D,Panchina,0,0,
22,13981641,AS Roma,Kostas Tsimikas,D,Panchina,0,0,
22,13981641,AS Roma,Emanuele Lulli,D,Panchina,0,0,
22,13981641,AS Roma,Neil El Aynaoui,M,Panchina,0,0,
22,13981641,AS Roma,Evan Ferguson,F,Panchina,0,0,
22,13981641,AC Milan,Mike Maignan,G,Titolare,0,0,
22,13981641,AC Milan,Fikayo Tomori,D,Titolare,0,0,
22,13981641,AC Milan,Matteo Gabbia,D,Titolare,0,0,
22,13981641,AC Milan,Koni De Winter,D,Titolare,0,0,
22,13981641,AC Milan,Alexis Saelemaekers,M,Titolare,0,0,
22,13981641,AC Milan,Samuele Ricci,M,Titolare,0,0,
22,13981641,AC Milan,Luka Modrić,M,Titolare,0,0,
22,13981641,AC Milan,Adrien Rabiot,M,Titolare,0,0,
22,13981641,AC Milan,Davide Bartesaghi,M,Titolare,0,0,
22,13981641,AC Milan,Christopher Nkunku,F,Titolare,0,0,
22,13981641,AC Milan,Rafael Leão,F,Titolare,0,0,
22,13981641,AC Milan,Zachary Athekame,D,Panchina,0,0,
22,13981641,AC Milan,Niclas Füllkrug,F,Panchina,0,0,
22,13981641,AC Milan,Christian Pulišić,F,Panchina,0,0,
22,13981641,AC Milan,Ruben Loftus-Cheek,M,Panchina,0,0,
22,13981641,AC Milan,Lorenzo Torriani,G,Panchina,0,0,
22,13981641,AC Milan,Pietro Terracciano,G,Panchina,0,0,
22,13981641,AC Milan,David Odogu,D,Panchina,0,0,
22,13981641,AC Milan,Strahinja Pavlović,D,Panchina,0,0,
22,13981641,AC Milan,Ardon Jashari,M,Panchina,0,0,
22,13981641,AC Milan,Pervis Estupiñán,M,Panchina,0,0,
22,13981641,AC Milan,Youssouf Fofana,M,Panchina,0,0,
22,13981642,Sassuolo,Arijanet Murić,G,Titolare,0,0,
22,13981642,Sassuolo,Sebastian Walukiewicz,D,Titolare,0,0,
22,13981642,Sassuolo,Jay Idzes,D,Titolare,0,0,
22,13981642,Sassuolo,Tarik Muharemović,D,Titolare,0,0,
22,13981642,Sassuolo,Josh Doig,D,Titolare,0,0,
22,13981642,Sassuolo,Luca Lipani,M,Titolare,0,0,
22,13981642,Sassuolo,Nemanja Matić,M,Titolare,0,0,
22,13981642,Sassuolo,Ismael Koné,M,Titolare,0,0,
22,13981642,Sassuolo,Alieu Fadera,F,Titolare,0,0,
22,13981642,Sassuolo,Luca Moro,F,Titolare,0,0,
22,13981642,Sassuolo,Armand Laurienté,F,Titolare,0,0,
22,13981642,Sassuolo,Kristian Thorstvedt,M,Panchina,0,0,
22,13981642,Sassuolo,Domenico Berardi,F,Panchina,0,0,
22,13981642,Sassuolo,Andrea Pinamonti,F,Panchina,0,0,
22,13981642,Sassuolo,Nicholas Pierini,F,Panchina,0,0,
22,13981642,Sassuolo,Edoardo Iannoni,M,Panchina,0,0,
22,13981642,Sassuolo,Giacomo Satalino,G,Panchina,0,0,
22,13981642,Sassuolo,Stefano Turati,G,Panchina,0,0,
22,13981642,Sassuolo,Gioele Zacchi,G,Panchina,0,0,
22,13981642,Sassuolo,Cas Odenthal,D,Panchina,0,0,
22,13981642,Sassuolo,Yeferson Paz,D,Panchina,0,0,
22,13981642,Sassuolo,Filippo Romagna,D,Panchina,0,0,
22,13981642,Sassuolo,Woyo Coulibaly,D,Panchina,0,0,
22,13981642,Sassuolo,Cristian Volpato,M,Panchina,0,0,
22,13981642,Sassuolo,Aster Vranckx,M,Panchina,0,0,
22,13981642,Sassuolo,Laurs Skjellerup,F,Panchina,0,0,
22,13981642,Cremonese,Emil Audero,G,Titolare,0,0,
22,13981642,Cremonese,Filippo Terracciano,D,Titolare,0,0,
22,13981642,Cremonese,Federico Baschirotto,D,Titolare,0,0,
22,13981642,Cremonese,Matteo Bianchetti,D,Titolare,0,0,
22,13981642,Cremonese,Tommaso Barbieri,M,Titolare,0,0,
22,13981642,Cremonese,Michele Collocolo,M,Titolare,0,0,
22,13981642,Cremonese,Alberto Grassi,M,Titolare,0,0,
22,13981642,Cremonese,Jari Vandeputte,M,Titolare,0,0,
22,13981642,Cremonese,Giuseppe Pezzella,M,Titolare,0,0,
22,13981642,Cremonese,Federico Bonazzoli,F,Titolare,0,0,
22,13981642,Cremonese,Jamie Vardy,F,Titolare,0,0,
22,13981642,Cremonese,Alessio Zerbin,M,Panchina,0,0,
22,13981642,Cremonese,Dennis Johnsen,F,Panchina,0,0,
22,13981642,Cremonese,Romano Floriani Mussolini,M,Panchina,0,0,
22,13981642,Cremonese,Mikayil Faye,D,Panchina,0,0,
22,13981642,Cremonese,Francesco Folino,D,Panchina,0,0,
22,13981642,Cremonese,Marco Silvestri,G,Panchina,0,0,
22,13981642,Cremonese,Lapo Nava,G,Panchina,0,0,
22,13981642,Cremonese,Federico Ceccherini,D,Panchina,0,0,
23,13981644,Cagliari,Elia Caprile,G,Titolare,0,0,
23,13981644,Cagliari,Zé Pedro,D,Titolare,0,0,
23,13981644,Cagliari,Yerry Mina,D,Titolare,0,0,
23,13981644,Cagliari,Sebastiano Luperto,D,Titolare,0,0,
23,13981644,Cagliari,Marco Palestra,M,Titolare,0,0,
23,13981644,Cagliari,Michel Adopo,M,Titolare,0,0,
23,13981644,Cagliari,Gianluca Gaetano,M,Titolare,0,0,
23,13981644,Cagliari,Luca Mazzitelli,M,Titolare,0,0,
23,13981644,Cagliari,Adam Obert,D,Titolare,0,0,
23,13981644,Cagliari,Semih Kılıçsoy,F,Titolare,0,0,
23,13981644,Cagliari,Sebastiano Esposito,F,Titolare,0,0,
23,13981644,Cagliari,Sulemana,M,Panchina,0,0,
23,13981644,Cagliari,Gennaro Borrelli,F,Panchina,0,0,
23,13981644,Cagliari,Riyad Idrissi,D,Panchina,0,0,
23,13981644,Cagliari,Gabriele Zappa,D,Panchina,0,0,
23,13981644,Cagliari,Leonardo Pavoletti,F,Panchina,0,0,
23,13981644,Cagliari,Giuseppe Ciocci,G,Panchina,0,0,
23,13981644,Cagliari,Alen Sherri,G,Panchina,0,0,
23,13981644,Cagliari,Juan Rodríguez,D,Panchina,0,0,
23,13981644,Cagliari,Alberto Dossena,D,Panchina,0,0,
23,13981644,Cagliari,Alessandro Deiola,M,Panchina,0,0,
23,13981644,Cagliari,Agustín Albarracín,M,Panchina,0,0,
23,13981644,Cagliari,Joseph Liteta,M,Panchina,0,0,
23,13981644,Cagliari,Zito Luvumbo,F,Panchina,0,0,
23,13981644,Cagliari,Yael Trepy,F,Panchina,0,0,
23,13981644,Hellas Verona,Simone Perilli,G,Titolare,0,0,
23,13981644,Hellas Verona,Tobias Slotsager,D,Titolare,0,0,
23,13981644,Hellas Verona,Victor Nelsson,D,Titolare,0,0,
23,13981644,Hellas Verona,Nicolás Valentini,D,Titolare,0,0,
23,13981644,Hellas Verona,Pol Lirola,D,Titolare,0,0,
23,13981644,Hellas Verona,Antoine Bernede,M,Titolare,0,0,
23,13981644,Hellas Verona,Roberto Gagliardini,M,Titolare,0,0,
23,13981644,Hellas Verona,Abdou Harroui,M,Titolare,0,0,
23,13981644,Hellas Verona,Martin Frese,D,Titolare,0,0,
23,13981644,Hellas Verona,Amin Sarr,F,Titolare,0,0,
23,13981644,Hellas Verona,Gift Orban,F,Titolare,0,0,
23,13981644,Hellas Verona,Sandi Lovrić,M,Panchina,0,0,
23,13981644,Hellas Verona,Moatasem Al-Musrati,M,Panchina,0,0,
23,13981644,Hellas Verona,Suat Serdar,M,Panchina,0,0,
23,13981644,Hellas Verona,Daniel Mosquera,F,Panchina,0,0,
23,13981644,Hellas Verona,Cheikh Niasse,M,Panchina,0,0,
23,13981644,Hellas Verona,Giacomo Toniolo,G,Panchina,0,0,
23,13981644,Hellas Verona,Lorenzo Montipò,G,Panchina,0,0,
23,13981644,Hellas Verona,Enzo Ebosse,D,Panchina,0,0,
23,13981644,Hellas Verona,Fallou Cham,D,Panchina,0,0,
23,13981644,Hellas Verona,Domagoj Bradarić,M,Panchina,0,0,
23,13981644,Hellas Verona,Daniel Oyegoke,M,Panchina,0,0,
23,13981644,Hellas Verona,Isaac,F,Panchina,0,0,
23,13981645,Como,Jean Butez,G,Titolare,0,0,
23,13981645,Como,Ivan Smolčić,D,Titolare,0,0,
23,13981645,Como,Jacobo Ramón,D,Titolare,0,0,
23,13981645,Como,Marc Kempf,D,Titolare,0,0,
23,13981645,Como,Álex Valle,D,Titolare,0,0,
23,13981645,Como,Máximo Perrone,M,Titolare,0,0,
23,13981645,Como,Lucas Da Cunha,M,Titolare,0,0,
23,13981645,Como,Mërgim Vojvoda,D,Titolare,0,0,
23,13981645,Como,Nico Paz,M,Titolare,0,0,
23,13981645,Como,Martin Baturina,M,Titolare,0,0,
23,13981645,Como,Anastasios Douvikas,F,Titolare,0,0,
23,13981645,Como,Jayden Addai,M,Panchina,0,0,
23,13981645,Como,Jesús Rodriguez,M,Panchina,0,0,
23,13981645,Como,Álvaro Morata,F,Panchina,0,0,
23,13981645,Como,Nicolas-Gerrit Kühn,F,Panchina,0,0,
23,13981645,Como,Sergi Roberto,M,Panchina,0,0,
23,13981645,Como,Noel Törnqvist,G,Panchina,0,0,
23,13981645,Como,Mauro Vigorito,G,Panchina,0,0,
23,13981645,Como,Ignace Van der Brempt,D,Panchina,0,0,
23,13981645,Como,Cristiano De Paoli,D,Panchina,0,0,
23,13981645,Como,Alberto Moreno,D,Panchina,0,0,
23,13981645,Como,Diego Carlos,D,Panchina,0,0,
23,13981645,Como,Maxence Caqueret,M,Panchina,0,0,
23,13981645,Atalanta,Marco Carnesecchi,G,Titolare,0,0,
23,13981645,Atalanta,Giorgio Scalvini,D,Titolare,0,0,
23,13981645,Atalanta,Berat Djimsiti,D,Titolare,0,0,
23,13981645,Atalanta,Honest Ahanor,D,Titolare,0,0,
23,13981645,Atalanta,Davide Zappacosta,M,Titolare,0,0,
23,13981645,Atalanta,Marten de Roon,M,Titolare,0,0,
23,13981645,Atalanta,Éderson,M,Titolare,0,0,
23,13981645,Atalanta,Lorenzo Bernasconi,M,Titolare,0,0,
23,13981645,Atalanta,Charles De Ketelaere,F,Titolare,0,0,
23,13981645,Atalanta,Nicola Zalewski,M,Titolare,0,0,
23,13981645,Atalanta,Gianluca Scamacca,F,Titolare,0,0,
23,13981645,Atalanta,Kamaldeen Sulemana,F,Panchina,0,0,
23,13981645,Atalanta,Raoul Bellanova,M,Panchina,0,0,
23,13981645,Atalanta,Nikola Krstović,F,Panchina,0,0,
23,13981645,Atalanta,Odilon Kossounou,D,Panchina,0,0,
23,13981645,Atalanta,Marco Sportiello,G,Panchina,0,0,
23,13981645,Atalanta,Francesco Rossi,G,Panchina,0,0,
23,13981645,Atalanta,Sead Kolašinac,D,Panchina,0,0,
23,13981645,Atalanta,Isak Hien,D,Panchina,0,0,
23,13981645,Atalanta,Mario Pašalić,M,Panchina,0,0,
23,13981645,Atalanta,Lazar Samardžić,M,Panchina,0,0,
23,13981645,Atalanta,Yunus Musah,M,Panchina,0,0,
23,13981645,Atalanta,Giacomo Raspadori,F,Panchina,0,0,
23,13981646,Lazio,Ivan Provedel,G,Titolare,0,0,
23,13981646,Lazio,Adam Marušić,D,Titolare,0,0,
23,13981646,Lazio,Mario Gila,D,Titolare,0,0,
23,13981646,Lazio,Oliver Provstgaard,D,Titolare,0,0,
23,13981646,Lazio,Luca Pellegrini,D,Titolare,0,0,
23,13981646,Lazio,Toma Bašić,M,Titolare,0,0,
23,13981646,Lazio,Danilo Cataldi,M,Titolare,0,0,
23,13981646,Lazio,Kenneth Taylor,M,Titolare,0,0,
23,13981646,Lazio,Gustav Isaksen,F,Titolare,0,0,
23,13981646,Lazio,Daniel Maldini,F,Titolare,0,0,
23,13981646,Lazio,Pedro,F,Titolare,0,0,
23,13981646,Lazio,Petar Ratkov,F,Panchina,0,0,
23,13981646,Lazio,Matteo Cancellieri,F,Panchina,0,0,
23,13981646,Lazio,Nuno Tavares,D,Panchina,0,0,
23,13981646,Lazio,Fisayo Dele-Bashiru,M,Panchina,0,0,
23,13981646,Lazio,Tijjani Noslin,F,Panchina,0,0,
23,13981646,Lazio,Edoardo Motta,G,Panchina,0,0,
23,13981646,Lazio,Alessio Furlanetto,G,Panchina,0,0,
23,13981646,Lazio,Elseid Hysaj,D,Panchina,0,0,
23,13981646,Lazio,Manuel Lazzari,D,Panchina,0,0,
23,13981646,Lazio,Reda Belahyane,M,Panchina,0,0,
23,13981646,Lazio,Matías Vecino,M,Panchina,0,0,
23,13981646,Lazio,Nicolò Rovella,M,Panchina,0,0,
23,13981646,Lazio,Boulaye Dia,F,Panchina,0,0,
23,13981646,Lazio,Mattia Zaccagni,F,Panchina,0,0,
23,13981646,Genoa,Justin Bijlow,G,Titolare,0,0,
23,13981646,Genoa,Alessandro Marcandalli,D,Titolare,0,0,
23,13981646,Genoa,Leo Østigård,D,Titolare,0,0,
23,13981646,Genoa,Johan Vásquez,D,Titolare,0,0,
23,13981646,Genoa,Brooke Norton-Cuffy,D,Titolare,0,0,
23,13981646,Genoa,Ruslan Malinovskyi,M,Titolare,0,0,
23,13981646,Genoa,Morten Frendrup,M,Titolare,0,0,
23,13981646,Genoa,Mikael Ellertsson,M,Titolare,0,0,
23,13981646,Genoa,Aarón Martín,M,Titolare,0,0,
23,13981646,Genoa,Lorenzo Colombo,F,Titolare,0,0,
23,13981646,Genoa,Vitinha,F,Titolare,0,0,
23,13981646,Genoa,Junior Messias,F,Panchina,0,0,
23,13981646,Genoa,Maxwel Cornet,F,Panchina,0,0,
23,13981646,Genoa,Caleb Ekuban,F,Panchina,0,0,
23,13981646,Genoa,Patrizio Masini,M,Panchina,0,0,
23,13981646,Genoa,Nicola Leali,G,Panchina,0,0,
23,13981646,Genoa,Daniele Sommariva,G,Panchina,0,0,
23,13981646,Genoa,Nils Zätterström,D,Panchina,0,0,
23,13981646,Genoa,Sebastian Otoa,D,Panchina,0,0,
23,13981646,Genoa,Alin Kumer,D,Panchina,0,0,
23,13981646,Genoa,Morten Thorsby,M,Panchina,0,0,
23,13981646,Genoa,Hugo Cuenca,M,Panchina,0,0,
23,13981646,Genoa,Stefano Sabelli,M,Panchina,0,0,
23,13981646,Genoa,Jean Onana,M,Panchina,0,0,
23,13981646,Genoa,Joi Xheto Nuredini,F,Panchina,0,0,
23,13981646,Genoa,Jeff Ekhator,F,Panchina,0,0,
23,13981647,SSC Napoli,Alex Meret,G,Titolare,0,0,
23,13981647,SSC Napoli,Giovanni Di Lorenzo,D,Titolare,0,0,
23,13981647,SSC Napoli,Alessandro Buongiorno,D,Titolare,0,0,
23,13981647,SSC Napoli,Juan Jesus,D,Titolare,0,0,
23,13981647,SSC Napoli,Miguel Gutiérrez,D,Titolare,0,0,
23,13981647,SSC Napoli,Stanislav Lobotka,M,Titolare,0,0,
23,13981647,SSC Napoli,Scott McTominay,M,Titolare,0,0,
23,13981647,SSC Napoli,Leonardo Spinazzola,D,Titolare,0,0,
23,13981647,SSC Napoli,Antonio Vergara,F,Titolare,0,0,
23,13981647,SSC Napoli,Eljif Elmas,M,Titolare,0,0,
23,13981647,SSC Napoli,Rasmus Højlund,F,Titolare,0,0,
23,13981647,SSC Napoli,Mathías Olivera,D,Panchina,0,0,
23,13981647,SSC Napoli,Giovane,F,Panchina,0,0,
23,13981647,SSC Napoli,Romelu Lukaku,F,Panchina,0,0,
23,13981647,SSC Napoli,Nikita Contini,G,Panchina,0,0,
23,13981647,SSC Napoli,Mathias Ferrante,G,Panchina,0,0,
23,13981647,SSC Napoli,Sam Beukema,D,Panchina,0,0,
23,13981647,SSC Napoli,Emmanuele De Chiara,M,Panchina,0,0,
23,13981647,Fiorentina,David De Gea,G,Titolare,0,0,
23,13981647,Fiorentina,Dodô,M,Titolare,0,0,
23,13981647,Fiorentina,Pietro Comuzzo,D,Titolare,0,0,
23,13981647,Fiorentina,Marin Pongračić,D,Titolare,0,0,
23,13981647,Fiorentina,Robin Gosens,D,Titolare,0,0,
23,13981647,Fiorentina,Nicolò Fagioli,M,Titolare,0,0,
23,13981647,Fiorentina,Manor Solomon,F,Titolare,0,0,
23,13981647,Fiorentina,Giovanni Fabbian,M,Titolare,0,0,
23,13981647,Fiorentina,Marco Brescianini,M,Titolare,0,0,
23,13981647,Fiorentina,Albert Guðmundsson,F,Titolare,0,0,
23,13981647,Fiorentina,Roberto Piccoli,F,Titolare,0,0,
23,13981647,Fiorentina,Rolando Mandragora,M,Panchina,0,0,
23,13981647,Fiorentina,Fabiano Parisi,D,Panchina,0,0,
23,13981647,Fiorentina,Luca Ranieri,D,Panchina,0,0,
23,13981647,Fiorentina,Moise Kean,F,Panchina,0,0,
23,13981647,Fiorentina,Jacopo Fazzini,F,Panchina,0,0,
23,13981647,Fiorentina,Oliver Christensen,G,Panchina,0,0,
23,13981647,Fiorentina,Luca Lezzerini,G,Panchina,0,0,
23,13981647,Fiorentina,Eddy Kouadio,D,Panchina,0,0,
23,13981647,Fiorentina,Niccolò Fortini,D,Panchina,0,0,
23,13981647,Fiorentina,Luís Balbo,D,Panchina,0,0,
23,13981647,Fiorentina,Cher Ndour,M,Panchina,0,0,
23,13981647,Fiorentina,Jack Harrison,F,Panchina,0,0,
23,13981648,Parma,Edoardo Corvi,G,Titolare,0,0,
23,13981648,Parma,Enrico Delprato,D,Titolare,0,0,
23,13981648,Parma,Mariano Troilo,D,Titolare,0,0,
23,13981648,Parma,Alessandro Circati,D,Titolare,0,0,
23,13981648,Parma,Emanuele Valeri,M,Titolare,0,0,
23,13981648,Parma,Adrián Bernabé,M,Titolare,0,0,
23,13981648,Parma,Hans Nicolussi Caviglia,M,Titolare,0,0,
23,13981648,Parma,Mandela Keita,M,Titolare,0,0,
23,13981648,Parma,Gaetano Oristanio,M,Titolare,0,0,
23,13981648,Parma,Jacob Ondrejka,F,Titolare,0,0,
23,13981648,Parma,Mateo Pellegrino,F,Titolare,0,0,
23,13981648,Parma,Sascha Britschgi,D,Panchina,0,0,
23,13981648,Parma,Oliver Sørensen,M,Panchina,0,0,
23,13981648,Parma,Nahuel Estévez,M,Panchina,0,0,
23,13981648,Parma,Nesta Elphege,F,Panchina,0,0,
23,13981648,Parma,Filippo Rinaldi,G,Panchina,0,0,
23,13981648,Parma,Gabriele Casentini,G,Panchina,0,0,
23,13981648,Parma,Dominik Drobnic ,D,Panchina,0,0,
23,13981648,Parma,Christian Ordoñez,M,Panchina,0,0,
23,13981648,Parma,Benjamin Cremaschi,M,Panchina,0,0,
23,13981648,Parma,Alessandro Cardinali,M,Panchina,0,0,
23,13981648,Parma,Franco Carboni,M,Panchina,0,0,
23,13981648,Parma,Adrian Benedyczak,F,Panchina,0,0,
23,13981648,Parma,Daniel Mikołajewski,F,Panchina,0,0,
23,13981648,Juventus,Michele Di Gregorio,G,Titolare,0,0,
23,13981648,Juventus,Pierre Kalulu,D,Titolare,0,0,
23,13981648,Juventus,Bremer,D,Titolare,0,0,
23,13981648,Juventus,Lloyd Kelly,D,Titolare,0,0,
23,13981648,Juventus,Andrea Cambiaso,M,Titolare,0,0,
23,13981648,Juventus,Manuel Locatelli,M,Titolare,0,0,
23,13981648,Juventus,Khéphren Thuram,M,Titolare,0,0,
23,13981648,Juventus,Francisco Conceição,F,Titolare,0,0,
23,13981648,Juventus,Weston McKennie,M,Titolare,0,0,
23,13981648,Juventus,Kenan Yıldız,F,Titolare,0,0,
23,13981648,Juventus,Jonathan David,F,Titolare,0,0,
23,13981648,Juventus,Fabio Miretti,M,Panchina,0,0,
23,13981648,Juventus,Federico Gatti,D,Panchina,0,0,
23,13981648,Juventus,Filip Kostić,M,Panchina,0,0,
23,13981648,Juventus,Juan Cabal,D,Panchina,0,0,
23,13981648,Juventus,Loïs Openda,F,Panchina,0,0,
23,13981648,Juventus,Carlo Pinsoglio,G,Panchina,0,0,
23,13981648,Juventus,Mattia Perin,G,Panchina,0,0,
23,13981648,Juventus,Vasilije Adžić,M,Panchina,0,0,
23,13981648,Juventus,Teun Koopmeiners,M,Panchina,0,0,
23,13981648,Juventus,Edon Zhegrova,F,Panchina,0,0,
23,13981649,Cremonese,Emil Audero,G,Titolare,0,0,
23,13981649,Cremonese,Francesco Folino,D,Titolare,0,0,
23,13981649,Cremonese,Federico Baschirotto,D,Titolare,0,0,
23,13981649,Cremonese,Federico Ceccherini,D,Titolare,0,0,
23,13981649,Cremonese,Filippo Terracciano,D,Titolare,0,0,
23,13981649,Cremonese,Alessio Zerbin,M,Titolare,0,0,
23,13981649,Cremonese,Alberto Grassi,M,Titolare,0,0,
23,13981649,Cremonese,Youssef Maleh,M,Titolare,0,0,
23,13981649,Cremonese,Giuseppe Pezzella,M,Titolare,0,0,
23,13981649,Cremonese,Federico Bonazzoli,F,Titolare,0,0,
23,13981649,Cremonese,Jamie Vardy,F,Titolare,0,0,
23,13981649,Cremonese,Mikayil Faye,D,Panchina,0,0,
23,13981649,Cremonese,Milan Đurić,F,Panchina,0,0,
23,13981649,Cremonese,Romano Floriani Mussolini,M,Panchina,0,0,
23,13981649,Cremonese,Dennis Johnsen,F,Panchina,0,0,
23,13981649,Cremonese,Marco Silvestri,G,Panchina,0,0,
23,13981649,Cremonese,Lapo Nava,G,Panchina,0,0,
23,13981649,Cremonese,Matteo Bianchetti,D,Panchina,0,0,
23,13981649,Inter,Yann Sommer,G,Titolare,0,0,
23,13981649,Inter,Yann Bisseck,D,Titolare,0,0,
23,13981649,Inter,Manuel Akanji,D,Titolare,0,0,
23,13981649,Inter,Alessandro Bastoni,D,Titolare,0,0,
23,13981649,Inter,Luís Henrique,M,Titolare,0,0,
23,13981649,Inter,Davide Frattesi,M,Titolare,0,0,
23,13981649,Inter,Piotr Zieliński,M,Titolare,0,0,
23,13981649,Inter,Petar Sučić,M,Titolare,0,0,
23,13981649,Inter,Federico Dimarco,M,Titolare,0,0,
23,13981649,Inter,Francesco Pio Esposito,F,Titolare,0,0,
23,13981649,Inter,Lautaro Martínez,F,Titolare,0,0,
23,13981649,Inter,Matteo Darmian,D,Panchina,0,0,
23,13981649,Inter,Henrikh Mkhitaryan,M,Panchina,0,0,
23,13981649,Inter,Marcus Thuram,F,Panchina,0,0,
23,13981649,Inter,Ange-Yoan Bonny,F,Panchina,0,0,
23,13981649,Inter,Andy Diouf,M,Panchina,0,0,
23,13981649,Inter,Josep Martínez,G,Panchina,0,0,
23,13981649,Inter,Raffaele Di Gennaro,G,Panchina,0,0,
23,13981649,Inter,Stefan de Vrij,D,Panchina,0,0,
23,13981649,Inter,Francesco Acerbi,D,Panchina,0,0,
23,13981649,Inter,Issiaka Kamate,M,Panchina,0,0,
23,13981649,Inter,Matteo Cocchi,M,Panchina,0,0,
23,13981649,Inter,Leonardo Bovo,M,Panchina,0,0,
23,13981651,Udinese,Maduka Okoye,G,Titolare,0,0,
23,13981651,Udinese,Oumar Solet,D,Titolare,0,0,
23,13981651,Udinese,Thomas Kristensen,D,Titolare,0,0,
23,13981651,Udinese,Nicolò Bertola,D,Titolare,0,0,
23,13981651,Udinese,Kingsley Ehizibue,M,Titolare,0,0,
23,13981651,Udinese,Jesper Karlström,M,Titolare,0,0,
23,13981651,Udinese,Lennon Miller,M,Titolare,0,0,
23,13981651,Udinese,Jordan Zemura,M,Titolare,0,0,
23,13981651,Udinese,Jürgen Ekkelenkamp,M,Titolare,0,0,
23,13981651,Udinese,Arthur Atta,M,Titolare,0,0,
23,13981651,Udinese,Keinan Davis,F,Titolare,0,0,
23,13981651,Udinese,Idrissa Gueye,F,Panchina,0,0,
23,13981651,Udinese,Christian Kabasele,D,Panchina,0,0,
23,13981651,Udinese,Oier Zarraga,M,Panchina,0,0,
23,13981651,Udinese,Vakoun Issouf Bayo,F,Panchina,0,0,
23,13981651,Udinese,Nicolò Zaniolo,F,Panchina,0,0,
23,13981651,Udinese,Alessandro Nunziante,G,Panchina,0,0,
23,13981651,Udinese,Daniele Padelli,G,Panchina,0,0,
23,13981651,Udinese,Juan Arizala,M,Panchina,0,0,
23,13981651,Udinese,Abdoulaye Camara,M,Panchina,0,0,
23,13981651,AS Roma,Mile Svilar,G,Titolare,0,0,
23,13981651,AS Roma,Gianluca Mancini,D,Titolare,0,0,
23,13981651,AS Roma,Evan Ndicka,D,Titolare,0,0,
23,13981651,AS Roma,Mario Hermoso,D,Titolare,0,0,
23,13981651,AS Roma,Zeki Çelik,D,Titolare,0,0,
23,13981651,AS Roma,Bryan Cristante,M,Titolare,0,0,
23,13981651,AS Roma,Neil El Aynaoui,M,Titolare,0,0,
23,13981651,AS Roma,Wesley,M,Titolare,0,0,
23,13981651,AS Roma,Matías Soulé,F,Titolare,0,0,
23,13981651,AS Roma,Lorenzo Pellegrini,F,Titolare,0,0,
23,13981651,AS Roma,Donyell Malen,F,Titolare,0,0,
23,13981651,AS Roma,Lorenzo Venturino,F,Panchina,0,0,
23,13981651,AS Roma,Daniele Ghilardi,D,Panchina,0,0,
23,13981651,AS Roma,Niccolò Pisilli,M,Panchina,0,0,
23,13981651,AS Roma,Kostas Tsimikas,D,Panchina,0,0,
23,13981651,AS Roma,Robinio Vaz,F,Panchina,0,0,
23,13981651,AS Roma,Devis Vásquez,G,Panchina,0,0,
23,13981651,AS Roma,Pierluigi Gollini,G,Panchina,0,0,
23,13981651,AS Roma,Jan Ziółkowski,D,Panchina,0,0,
23,13981651,AS Roma,Angeliño,M,Panchina,0,0,
23,13981651,AS Roma,Devyne Rensch,M,Panchina,0,0,
23,13981651,AS Roma,Mattia Della Rocca,M,Panchina,0,0,
23,13981651,AS Roma,Antonio Arena,F,Panchina,0,0,
23,13981652,Pisa,Simone Scuffet,G,Titolare,0,0,
23,13981652,Pisa,Simone Canestrelli,D,Titolare,0,0,
23,13981652,Pisa,Antonio Caracciolo,D,Titolare,0,0,
23,13981652,Pisa,Rosen Bozhinov,D,Titolare,0,0,
23,13981652,Pisa,Idrissa Touré,M,Titolare,0,0,
23,13981652,Pisa,Marius Marin,M,Titolare,0,0,
23,13981652,Pisa,Michel Aebischer,M,Titolare,0,0,
23,13981652,Pisa,Samuele Angori,M,Titolare,0,0,
23,13981652,Pisa,Stefano Moreo,F,Titolare,0,0,
23,13981652,Pisa,Matteo Tramoni,F,Titolare,0,0,
23,13981652,Pisa,Henrik Wendel Meister,F,Titolare,0,0,
23,13981652,Pisa,Felipe Loyola,M,Panchina,0,0,
23,13981652,Pisa,Mehdi Léris,M,Panchina,0,0,
23,13981652,Pisa,Rafiu Durosinmi,F,Panchina,0,0,
23,13981652,Pisa,Filip Stojilković,F,Panchina,0,0,
23,13981652,Pisa,Calvin Stengs,M,Panchina,0,0,
23,13981652,Pisa,Tommaso Guizzo,G,Panchina,0,0,
23,13981652,Pisa,Nícolas,G,Panchina,0,0,
23,13981652,Pisa,Francesco Coppola,D,Panchina,0,0,
23,13981652,Pisa,Lorran,M,Panchina,0,0,
23,13981652,Pisa,Gabriele Piccinini,M,Panchina,0,0,
23,13981652,Pisa,Malthe Højholt,M,Panchina,0,0,
23,13981652,Pisa,Ebenezer Akinsanmiro,M,Panchina,0,0,
23,13981652,Sassuolo,Arijanet Murić,G,Titolare,0,0,
23,13981652,Sassuolo,Sebastian Walukiewicz,D,Titolare,0,0,
23,13981652,Sassuolo,Jay Idzes,D,Titolare,0,0,
23,13981652,Sassuolo,Tarik Muharemović,D,Titolare,0,0,
23,13981652,Sassuolo,Josh Doig,D,Titolare,0,0,
23,13981652,Sassuolo,Kristian Thorstvedt,M,Titolare,0,0,
23,13981652,Sassuolo,Nemanja Matić,M,Titolare,0,0,
23,13981652,Sassuolo,Ismael Koné,M,Titolare,0,0,
23,13981652,Sassuolo,Domenico Berardi,F,Titolare,0,0,
23,13981652,Sassuolo,Andrea Pinamonti,F,Titolare,0,0,
23,13981652,Sassuolo,Armand Laurienté,F,Titolare,0,0,
23,13981652,Sassuolo,Luca Lipani,M,Panchina,0,0,
23,13981652,Sassuolo,Alieu Fadera,F,Panchina,0,0,
23,13981652,Sassuolo,Luca Moro,F,Panchina,0,0,
23,13981652,Sassuolo,Cristian Volpato,M,Panchina,0,0,
23,13981652,Sassuolo,Gioele Zacchi,G,Panchina,0,0,
23,13981652,Sassuolo,Stefano Turati,G,Panchina,0,0,
23,13981652,Sassuolo,Yeferson Paz,D,Panchina,0,0,
23,13981652,Sassuolo,Filippo Romagna,D,Panchina,0,0,
23,13981652,Sassuolo,Cas Odenthal,D,Panchina,0,0,
23,13981652,Sassuolo,Woyo Coulibaly,D,Panchina,0,0,
23,13981652,Sassuolo,Edoardo Iannoni,M,Panchina,0,0,
23,13981652,Sassuolo,Aster Vranckx,M,Panchina,0,0,
23,13981652,Sassuolo,Laurs Skjellerup,F,Panchina,0,0,
23,13981652,Sassuolo,Nicholas Pierini,F,Panchina,0,0,
23,13981653,Torino,Alberto Paleari,G,Titolare,0,0,
23,13981653,Torino,Luca Marianucci,D,Titolare,0,0,
23,13981653,Torino,Guillermo Maripán,D,Titolare,0,0,
23,13981653,Torino,Saúl Coco,D,Titolare,0,0,
23,13981653,Torino,Marcus Pedersen,M,Titolare,0,0,
23,13981653,Torino,Nikola Vlašić,M,Titolare,0,0,
23,13981653,Torino,Emirhan İlkhan,M,Titolare,0,0,
23,13981653,Torino,Cesare Casadei,M,Titolare,0,0,
23,13981653,Torino,Valentino Lazaro,M,Titolare,0,0,
23,13981653,Torino,Che Adams,F,Titolare,0,0,
23,13981653,Torino,Duván Zapata,F,Titolare,0,0,
23,13981653,Torino,Rafael Obrador,M,Panchina,0,0,
23,13981653,Torino,Tino Anjorin,M,Panchina,0,0,
23,13981653,Torino,Matteo Prati,M,Panchina,0,0,
23,13981653,Torino,Sandro Kulenović,F,Panchina,0,0,
23,13981653,Torino,Alieu Njie,F,Panchina,0,0,
23,13981653,Torino,Lapo Siviero,G,Panchina,0,0,
23,13981653,Torino,Franco Israel,G,Panchina,0,0,
23,13981653,Torino,Adrien Tameze,D,Panchina,0,0,
23,13981653,Torino,Ali Dembélé,D,Panchina,0,0,
23,13981653,Torino,Sergiu Perciun,M,Panchina,0,0,
23,13981653,Torino,Tommaso Gabellini,F,Panchina,0,0,
23,13981653,Lecce,Wladimiro Falcone,G,Titolare,0,0,
23,13981653,Lecce,Danilo Veiga,D,Titolare,0,0,
23,13981653,Lecce,Tiago Gabriel,D,Titolare,0,0,
23,13981653,Lecce,Jamil Siebert,D,Titolare,0,0,
23,13981653,Lecce,Antonino Gallo,D,Titolare,0,0,
23,13981653,Lecce,Ylber Ramadani,M,Titolare,0,0,
23,13981653,Lecce,Lassana Coulibaly,M,Titolare,0,0,
23,13981653,Lecce,Santiago Pierotti,F,Titolare,0,0,
23,13981653,Lecce,Omri Gandelman,M,Titolare,0,0,
23,13981653,Lecce,Riccardo Sottil,F,Titolare,0,0,
23,13981653,Lecce,Walid Cheddira,F,Titolare,0,0,
23,13981653,Lecce,Kialonda Gaspar,D,Panchina,0,0,
23,13981653,Lecce,Lameck Banda,M,Panchina,0,0,
23,13981653,Lecce,Alex Sala,M,Panchina,0,0,
23,13981653,Lecce,N'Dri Konan,F,Panchina,0,0,
23,13981653,Lecce,Oumar Ngom,M,Panchina,0,0,
23,13981653,Lecce,Jasper Samooja,G,Panchina,0,0,
23,13981653,Lecce,Daniele Bleve,G,Panchina,0,0,
23,13981653,Lecce,Matías Pérez,D,Panchina,0,0,
23,13981653,Lecce,Gaby Jean,D,Panchina,0,0,
23,13981653,Lecce,Corrie Ndaba,D,Panchina,0,0,
23,13981653,Lecce,Niko Kovač,M,Panchina,0,0,
23,13981653,Lecce,Sadik Fofana,M,Panchina,0,0,
23,13981653,Lecce,Nikola Štulić,F,Panchina,0,0,
23,15370282,Bologna,Federico Ravaglia,G,Titolare,0,0,
23,15370282,Bologna,Nadir Zortea,D,Titolare,0,0,
23,15370282,Bologna,Torbjørn Heggem,D,Titolare,0,0,
23,15370282,Bologna,Nicolò Casale,D,Titolare,0,0,
23,15370282,Bologna,Juan Miranda,D,Titolare,0,0,
23,15370282,Bologna,Remo Freuler,M,Titolare,0,0,
23,15370282,Bologna,Lewis Ferguson,M,Titolare,0,0,
23,15370282,Bologna,Riccardo Orsolini,M,Titolare,0,0,
23,15370282,Bologna,Jens Odgaard,M,Titolare,0,0,
23,15370282,Bologna,Jonathan Rowe,F,Titolare,0,0,
23,15370282,Bologna,Santiago Castro,F,Titolare,0,0,
23,15370282,Bologna,Federico Bernardeschi,F,Panchina,0,0,
23,15370282,Bologna,Thijs Dallinga,F,Panchina,0,0,
23,15370282,Bologna,Nikola Moro,M,Panchina,0,0,
23,15370282,Bologna,Charalampos Lykogiannis,D,Panchina,0,0,
23,15370282,Bologna,Nicolò Cambiaghi,F,Panchina,0,0,
23,15370282,Bologna,Massimo Pessina,G,Panchina,0,0,
23,15370282,Bologna,Matteo Franceschelli,G,Panchina,0,0,
23,15370282,Bologna,Martin Vitík,D,Panchina,0,0,
23,15370282,Bologna,Eivind Helland,D,Panchina,0,0,
23,15370282,Bologna,João Mário,D,Panchina,0,0,
23,15370282,Bologna,Tommaso Pobega,M,Panchina,0,0,
23,15370282,Bologna,Simon Sohm,M,Panchina,0,0,
23,15370282,Bologna,Benjamín Domínguez,M,Panchina,0,0,
23,15370282,AC Milan,Mike Maignan,G,Titolare,0,0,
23,15370282,AC Milan,Koni De Winter,D,Titolare,0,0,
23,15370282,AC Milan,Matteo Gabbia,D,Titolare,0,0,
23,15370282,AC Milan,Strahinja Pavlović,D,Titolare,0,0,
23,15370282,AC Milan,Zachary Athekame,D,Titolare,0,0,
23,15370282,AC Milan,Youssouf Fofana,M,Titolare,0,0,
23,15370282,AC Milan,Luka Modrić,M,Titolare,0,0,
23,15370282,AC Milan,Adrien Rabiot,M,Titolare,0,0,
23,15370282,AC Milan,Davide Bartesaghi,M,Titolare,0,0,
23,15370282,AC Milan,Ruben Loftus-Cheek,M,Titolare,0,0,
23,15370282,AC Milan,Christopher Nkunku,F,Titolare,0,0,
23,15370282,AC Milan,Fikayo Tomori,D,Panchina,0,0,
23,15370282,AC Milan,Samuele Ricci,M,Panchina,0,0,
23,15370282,AC Milan,Ardon Jashari,M,Panchina,0,0,
23,15370282,AC Milan,Niclas Füllkrug,F,Panchina,0,0,
23,15370282,AC Milan,Pervis Estupiñán,M,Panchina,0,0,
23,15370282,AC Milan,Lorenzo Torriani,G,Panchina,0,0,
23,15370282,AC Milan,Pietro Terracciano,G,Panchina,0,0,
23,15370282,AC Milan,David Odogu,D,Panchina,0,0,
23,15370282,AC Milan,Rafael Leão,F,Panchina,0,0,
24,13981650,Atalanta,Marco Carnesecchi,G,Titolare,0,0,
24,13981650,Atalanta,Giorgio Scalvini,D,Titolare,0,0,
24,13981650,Atalanta,Berat Djimsiti,D,Titolare,0,0,
24,13981650,Atalanta,Sead Kolašinac,D,Titolare,0,0,
24,13981650,Atalanta,Davide Zappacosta,M,Titolare,0,0,
24,13981650,Atalanta,Mario Pašalić,M,Titolare,0,0,
24,13981650,Atalanta,Éderson,M,Titolare,0,0,
24,13981650,Atalanta,Nicola Zalewski,M,Titolare,0,0,
24,13981650,Atalanta,Lazar Samardžić,M,Titolare,0,0,
24,13981650,Atalanta,Giacomo Raspadori,F,Titolare,0,0,
24,13981650,Atalanta,Nikola Krstović,F,Titolare,0,0,
24,13981650,Atalanta,Odilon Kossounou,D,Panchina,0,0,
24,13981650,Atalanta,Raoul Bellanova,M,Panchina,0,0,
24,13981650,Atalanta,Lorenzo Bernasconi,M,Panchina,0,0,
24,13981650,Atalanta,Kamaldeen Sulemana,F,Panchina,0,0,
24,13981650,Atalanta,Yunus Musah,M,Panchina,0,0,
24,13981650,Atalanta,Francesco Rossi,G,Panchina,0,0,
24,13981650,Atalanta,Marco Sportiello,G,Panchina,0,0,
24,13981650,Atalanta,Mitchel Bakker,D,Panchina,0,0,
24,13981650,Atalanta,Isak Hien,D,Panchina,0,0,
24,13981650,Atalanta,Gianluca Scamacca,F,Panchina,0,0,
24,13981650,Cremonese,Emil Audero,G,Titolare,0,0,
24,13981650,Cremonese,Federico Ceccherini,D,Titolare,0,0,
24,13981650,Cremonese,Federico Baschirotto,D,Titolare,0,0,
24,13981650,Cremonese,Sebastiano Luperto,D,Titolare,0,0,
24,13981650,Cremonese,Tommaso Barbieri,M,Titolare,0,0,
24,13981650,Cremonese,Morten Thorsby,M,Titolare,0,0,
24,13981650,Cremonese,Alberto Grassi,M,Titolare,0,0,
24,13981650,Cremonese,Youssef Maleh,M,Titolare,0,0,
24,13981650,Cremonese,Giuseppe Pezzella,M,Titolare,0,0,
24,13981650,Cremonese,Federico Bonazzoli,F,Titolare,0,0,
24,13981650,Cremonese,Jamie Vardy,F,Titolare,0,0,
24,13981650,Cremonese,Filippo Terracciano,D,Panchina,0,0,
24,13981650,Cremonese,Milan Đurić,F,Panchina,0,0,
24,13981650,Cremonese,Martín Payero,M,Panchina,0,0,
24,13981650,Cremonese,Antonio Sanabria,F,Panchina,0,0,
24,13981650,Cremonese,Alessio Zerbin,M,Panchina,0,0,
24,13981650,Cremonese,Lapo Nava,G,Panchina,0,0,
24,13981650,Cremonese,Marco Silvestri,G,Panchina,0,0,
24,13981650,Cremonese,Francesco Folino,D,Panchina,0,0,
24,13981650,Cremonese,Davide Pavesi,D,Panchina,0,0,
24,13981650,Cremonese,Romano Floriani Mussolini,M,Panchina,0,0,
24,13981650,Cremonese,Faris Moumbagna,F,Panchina,0,0,
24,13981654,Bologna,Łukasz Skorupski,G,Titolare,0,0,
24,13981654,Bologna,João Mário,D,Titolare,0,0,
24,13981654,Bologna,Torbjørn Heggem,D,Titolare,0,0,
24,13981654,Bologna,Jhon Lucumí,D,Titolare,0,0,
24,13981654,Bologna,Charalampos Lykogiannis,D,Titolare,0,0,
24,13981654,Bologna,Lewis Ferguson,M,Titolare,0,0,
24,13981654,Bologna,Remo Freuler,M,Titolare,0,0,
24,13981654,Bologna,Tommaso Pobega,M,Titolare,0,0,
24,13981654,Bologna,Federico Bernardeschi,F,Titolare,0,0,
24,13981654,Bologna,Thijs Dallinga,F,Titolare,0,0,
24,13981654,Bologna,Jonathan Rowe,F,Titolare,0,0,
24,13981654,Bologna,Nadir Zortea,D,Panchina,0,0,
24,13981654,Bologna,Santiago Castro,F,Panchina,0,0,
24,13981654,Bologna,Juan Miranda,D,Panchina,0,0,
24,13981654,Bologna,Riccardo Orsolini,M,Panchina,0,0,
24,13981654,Bologna,Nicolò Cambiaghi,F,Panchina,0,0,
24,13981654,Bologna,Massimo Pessina,G,Panchina,0,0,
24,13981654,Bologna,Federico Ravaglia,G,Panchina,0,0,
24,13981654,Bologna,Eivind Helland,D,Panchina,0,0,
24,13981654,Bologna,Martin Vitík,D,Panchina,0,0,
24,13981654,Bologna,Nicolò Casale,D,Panchina,0,0,
24,13981654,Bologna,Jens Odgaard,M,Panchina,0,0,
24,13981654,Bologna,Simon Sohm,M,Panchina,0,0,
24,13981654,Bologna,Nikola Moro,M,Panchina,0,0,
24,13981654,Bologna,Benjamín Domínguez,M,Panchina,0,0,
24,13981654,Parma,Edoardo Corvi,G,Titolare,0,0,
24,13981654,Parma,Enrico Delprato,D,Titolare,0,0,
24,13981654,Parma,Mariano Troilo,D,Titolare,0,0,
24,13981654,Parma,Alessandro Circati,D,Titolare,0,0,
24,13981654,Parma,Sascha Britschgi,D,Titolare,0,0,
24,13981654,Parma,Adrián Bernabé,M,Titolare,0,0,
24,13981654,Parma,Mandela Keita,M,Titolare,0,0,
24,13981654,Parma,Oliver Sørensen,M,Titolare,0,0,
24,13981654,Parma,Emanuele Valeri,M,Titolare,0,0,
24,13981654,Parma,Gaetano Oristanio,M,Titolare,0,0,
24,13981654,Parma,Mateo Pellegrino,F,Titolare,0,0,
24,13981654,Parma,Gabriel Strefezza,F,Panchina,0,0,
24,13981654,Parma,Christian Ordoñez,M,Panchina,0,0,
24,13981654,Parma,Hans Nicolussi Caviglia,M,Panchina,0,0,
24,13981654,Parma,Franco Carboni,M,Panchina,0,0,
24,13981654,Parma,Filippo Rinaldi,G,Panchina,0,0,
24,13981654,Parma,Gabriele Casentini,G,Panchina,0,0,
24,13981654,Parma,Dominik Drobnic ,D,Panchina,0,0,
24,13981654,Parma,Benjamin Cremaschi,M,Panchina,0,0,
24,13981654,Parma,Jacob Ondrejka,F,Panchina,0,0,
24,13981654,Parma,Nesta Elphege,F,Panchina,0,0,
24,13981654,Parma,Daniel Mikołajewski,F,Panchina,0,0,
24,13981655,Juventus,Michele Di Gregorio,G,Titolare,0,0,
24,13981655,Juventus,Pierre Kalulu,D,Titolare,0,0,
24,13981655,Juventus,Bremer,D,Titolare,0,0,
24,13981655,Juventus,Teun Koopmeiners,M,Titolare,0,0,
24,13981655,Juventus,Andrea Cambiaso,M,Titolare,0,0,
24,13981655,Juventus,Manuel Locatelli,M,Titolare,0,0,
24,13981655,Juventus,Khéphren Thuram,M,Titolare,0,0,
24,13981655,Juventus,Juan Cabal,D,Titolare,0,0,
24,13981655,Juventus,Weston McKennie,M,Titolare,0,0,
24,13981655,Juventus,Kenan Yıldız,F,Titolare,0,0,
24,13981655,Juventus,Jonathan David,F,Titolare,0,0,
24,13981655,Juventus,Edon Zhegrova,F,Panchina,0,0,
24,13981655,Juventus,Jérémie Boga,F,Panchina,0,0,
24,13981655,Juventus,Lloyd Kelly,D,Panchina,0,0,
24,13981655,Juventus,Loïs Openda,F,Panchina,0,0,
24,13981655,Juventus,Fabio Miretti,M,Panchina,0,0,
24,13981655,Juventus,Mattia Perin,G,Panchina,0,0,
24,13981655,Juventus,Carlo Pinsoglio,G,Panchina,0,0,
24,13981655,Juventus,Federico Gatti,D,Panchina,0,0,
24,13981655,Juventus,Emil Holm,D,Panchina,0,0,
24,13981655,Juventus,Filip Kostić,M,Panchina,0,0,
24,13981655,Juventus,Vasilije Adžić,M,Panchina,0,0,
24,13981655,Juventus,Francisco Conceição,F,Panchina,0,0,
24,13981655,Lazio,Ivan Provedel,G,Titolare,0,0,
24,13981655,Lazio,Adam Marušić,D,Titolare,0,0,
24,13981655,Lazio,Mario Gila,D,Titolare,0,0,
24,13981655,Lazio,Oliver Provstgaard,D,Titolare,0,0,
24,13981655,Lazio,Nuno Tavares,D,Titolare,0,0,
24,13981655,Lazio,Toma Bašić,M,Titolare,0,0,
24,13981655,Lazio,Danilo Cataldi,M,Titolare,0,0,
24,13981655,Lazio,Kenneth Taylor,M,Titolare,0,0,
24,13981655,Lazio,Gustav Isaksen,F,Titolare,0,0,
24,13981655,Lazio,Daniel Maldini,F,Titolare,0,0,
24,13981655,Lazio,Pedro,F,Titolare,0,0,
24,13981655,Lazio,Fisayo Dele-Bashiru,M,Panchina,0,0,
24,13981655,Lazio,Tijjani Noslin,F,Panchina,0,0,
24,13981655,Lazio,Matteo Cancellieri,F,Panchina,0,0,
24,13981655,Lazio,Alessio Romagnoli,D,Panchina,0,0,
24,13981655,Lazio,Patric,D,Panchina,0,0,
24,13981655,Lazio,Edoardo Motta,G,Panchina,0,0,
24,13981655,Lazio,Alessio Furlanetto,G,Panchina,0,0,
24,13981655,Lazio,Elseid Hysaj,D,Panchina,0,0,
24,13981655,Lazio,Nicolò Rovella,M,Panchina,0,0,
24,13981655,Lazio,Reda Belahyane,M,Panchina,0,0,
24,13981655,Lazio,Adrian Przyborek,M,Panchina,0,0,
24,13981655,Lazio,Petar Ratkov,F,Panchina,0,0,
24,13981655,Lazio,Boulaye Dia,F,Panchina,0,0,
24,13981656,Lecce,Wladimiro Falcone,G,Titolare,0,0,
24,13981656,Lecce,Danilo Veiga,D,Titolare,0,0,
24,13981656,Lecce,Kialonda Gaspar,D,Titolare,0,0,
24,13981656,Lecce,Tiago Gabriel,D,Titolare,0,0,
24,13981656,Lecce,Antonino Gallo,D,Titolare,0,0,
24,13981656,Lecce,Ylber Ramadani,M,Titolare,0,0,
24,13981656,Lecce,Lassana Coulibaly,M,Titolare,0,0,
24,13981656,Lecce,Santiago Pierotti,F,Titolare,0,0,
24,13981656,Lecce,Omri Gandelman,M,Titolare,0,0,
24,13981656,Lecce,Riccardo Sottil,F,Titolare,0,0,
24,13981656,Lecce,Walid Cheddira,F,Titolare,0,0,
24,13981656,Lecce,Lameck Banda,M,Panchina,0,0,
24,13981656,Lecce,Nikola Štulić,F,Panchina,0,0,
24,13981656,Lecce,N'Dri Konan,F,Panchina,0,0,
24,13981656,Lecce,Jamil Siebert,D,Panchina,0,0,
24,13981656,Lecce,Christian Früchtl,G,Panchina,0,0,
24,13981656,Lecce,Jasper Samooja,G,Panchina,0,0,
24,13981656,Lecce,Gaby Jean,D,Panchina,0,0,
24,13981656,Lecce,Corrie Ndaba,D,Panchina,0,0,
24,13981656,Lecce,Þórir Jóhann Helgason,M,Panchina,0,0,
24,13981656,Lecce,Oumar Ngom,M,Panchina,0,0,
24,13981656,Lecce,Filip Marchwiński,M,Panchina,0,0,
24,13981656,Lecce,Sadik Fofana,M,Panchina,0,0,
24,13981656,Lecce,Alex Sala,M,Panchina,0,0,
24,13981656,Udinese,Maduka Okoye,G,Titolare,0,0,
24,13981656,Udinese,Oumar Solet,D,Titolare,0,0,
24,13981656,Udinese,Thomas Kristensen,D,Titolare,0,0,
24,13981656,Udinese,Nicolò Bertola,D,Titolare,0,0,
24,13981656,Udinese,Kingsley Ehizibue,M,Titolare,0,0,
24,13981656,Udinese,Lennon Miller,M,Titolare,0,0,
24,13981656,Udinese,Jesper Karlström,M,Titolare,0,0,
24,13981656,Udinese,Jordan Zemura,M,Titolare,0,0,
24,13981656,Udinese,Jürgen Ekkelenkamp,M,Titolare,0,0,
24,13981656,Udinese,Arthur Atta,M,Titolare,0,0,
24,13981656,Udinese,Vakoun Issouf Bayo,F,Titolare,0,0,
24,13981656,Udinese,Idrissa Gueye,F,Panchina,0,0,
24,13981656,Udinese,Nicolò Zaniolo,F,Panchina,0,0,
24,13981656,Udinese,Christian Kabasele,D,Panchina,0,0,
24,13981656,Udinese,Oier Zarraga,M,Panchina,0,0,
24,13981656,Udinese,Adam Buksa,F,Panchina,0,0,
24,13981656,Udinese,Daniele Padelli,G,Panchina,0,0,
24,13981656,Udinese,Răzvan Sava,G,Panchina,0,0,
24,13981656,Udinese,Branimir Mlačić,D,Panchina,0,0,
24,13981656,Udinese,Juan Arizala,M,Panchina,0,0,
24,13981656,Udinese,Abdoulaye Camara,M,Panchina,0,0,
24,13981658,Fiorentina,David De Gea,G,Titolare,0,0,
24,13981658,Fiorentina,Dodô,M,Titolare,0,0,
24,13981658,Fiorentina,Pietro Comuzzo,D,Titolare,0,0,
24,13981658,Fiorentina,Marin Pongračić,D,Titolare,0,0,
24,13981658,Fiorentina,Fabiano Parisi,D,Titolare,0,0,
24,13981658,Fiorentina,Rolando Mandragora,M,Titolare,0,0,
24,13981658,Fiorentina,Nicolò Fagioli,M,Titolare,0,0,
24,13981658,Fiorentina,Marco Brescianini,M,Titolare,0,0,
24,13981658,Fiorentina,Manor Solomon,F,Titolare,0,0,
24,13981658,Fiorentina,Albert Guðmundsson,F,Titolare,0,0,
24,13981658,Fiorentina,Moise Kean,F,Titolare,0,0,
24,13981658,Fiorentina,Jack Harrison,F,Panchina,0,0,
24,13981658,Fiorentina,Cher Ndour,M,Panchina,0,0,
24,13981658,Fiorentina,Giovanni Fabbian,M,Panchina,0,0,
24,13981658,Fiorentina,Luca Ranieri,D,Panchina,0,0,
24,13981658,Fiorentina,Roberto Piccoli,F,Panchina,0,0,
24,13981658,Fiorentina,Oliver Christensen,G,Panchina,0,0,
24,13981658,Fiorentina,Luca Lezzerini,G,Panchina,0,0,
24,13981658,Fiorentina,Robin Gosens,D,Panchina,0,0,
24,13981658,Fiorentina,Niccolò Fortini,D,Panchina,0,0,
24,13981658,Fiorentina,Eddy Kouadio,D,Panchina,0,0,
24,13981658,Fiorentina,Luís Balbo,D,Panchina,0,0,
24,13981658,Fiorentina,Jacopo Fazzini,F,Panchina,0,0,
24,13981658,Torino,Alberto Paleari,G,Titolare,0,0,
24,13981658,Torino,Luca Marianucci,D,Titolare,0,0,
24,13981658,Torino,Guillermo Maripán,D,Titolare,0,0,
24,13981658,Torino,Saúl Coco,D,Titolare,0,0,
24,13981658,Torino,Valentino Lazaro,M,Titolare,0,0,
24,13981658,Torino,Cesare Casadei,M,Titolare,0,0,
24,13981658,Torino,Emirhan İlkhan,M,Titolare,0,0,
24,13981658,Torino,Gvidas Gineitis,M,Titolare,0,0,
24,13981658,Torino,Rafael Obrador,M,Titolare,0,0,
24,13981658,Torino,Sandro Kulenović,F,Titolare,0,0,
24,13981658,Torino,Che Adams,F,Titolare,0,0,
24,13981658,Torino,Marcus Pedersen,M,Panchina,0,0,
24,13981658,Torino,Tino Anjorin,M,Panchina,0,0,
24,13981658,Torino,Giovanni Simeone,F,Panchina,0,0,
24,13981658,Torino,Zakaria Aboukhlal,F,Panchina,0,0,
24,13981658,Torino,Duván Zapata,F,Panchina,0,0,
24,13981658,Torino,Franco Israel,G,Panchina,0,0,
24,13981658,Torino,Lapo Siviero,G,Panchina,0,0,
24,13981658,Torino,Adrien Tameze,D,Panchina,0,0,
24,13981658,Torino,Niels Nkounkou,D,Panchina,0,0,
24,13981658,Torino,Cristiano Biraghi,D,Panchina,0,0,
24,13981658,Torino,Enzo Ebosse,D,Panchina,0,0,
24,13981658,Torino,Sergiu Perciun,M,Panchina,0,0,
24,13981658,Torino,Alieu Njie,F,Panchina,0,0,
24,13981660,Sassuolo,Arijanet Murić,G,Titolare,0,0,
24,13981660,Sassuolo,Sebastian Walukiewicz,D,Titolare,0,0,
24,13981660,Sassuolo,Jay Idzes,D,Titolare,0,0,
24,13981660,Sassuolo,Tarik Muharemović,D,Titolare,0,0,
24,13981660,Sassuolo,Josh Doig,D,Titolare,0,0,
24,13981660,Sassuolo,Kristian Thorstvedt,M,Titolare,0,0,
24,13981660,Sassuolo,Nemanja Matić,M,Titolare,0,0,
24,13981660,Sassuolo,Ismael Koné,M,Titolare,0,0,
24,13981660,Sassuolo,Domenico Berardi,F,Titolare,0,0,
24,13981660,Sassuolo,Andrea Pinamonti,F,Titolare,0,0,
24,13981660,Sassuolo,Armand Laurienté,F,Titolare,0,0,
24,13981660,Sassuolo,Woyo Coulibaly,D,Panchina,0,0,
24,13981660,Sassuolo,Luca Lipani,M,Panchina,0,0,
24,13981660,Sassuolo,Ulisses Garcia,D,Panchina,0,0,
24,13981660,Sassuolo,M'bala Nzola,F,Panchina,0,0,
24,13981660,Sassuolo,Giacomo Satalino,G,Panchina,0,0,
24,13981660,Sassuolo,Gioele Zacchi,G,Panchina,0,0,
24,13981660,Sassuolo,Filippo Romagna,D,Panchina,0,0,
24,13981660,Sassuolo,Pedro Felipe,D,Panchina,0,0,
24,13981660,Sassuolo,Edoardo Iannoni,M,Panchina,0,0,
24,13981660,Sassuolo,Darryl Bakola,M,Panchina,0,0,
24,13981660,Sassuolo,Cristian Volpato,M,Panchina,0,0,
24,13981660,Sassuolo,Daniel Boloca,M,Panchina,0,0,
24,13981660,Sassuolo,Aster Vranckx,M,Panchina,0,0,
24,13981660,Sassuolo,Luca Moro,F,Panchina,0,0,
24,13981660,Sassuolo,Alieu Fadera,F,Panchina,0,0,
24,13981660,Inter,Yann Sommer,G,Titolare,0,0,
24,13981660,Inter,Yann Bisseck,D,Titolare,0,0,
24,13981660,Inter,Manuel Akanji,D,Titolare,0,0,
24,13981660,Inter,Alessandro Bastoni,D,Titolare,0,0,
24,13981660,Inter,Luís Henrique,M,Titolare,0,0,
24,13981660,Inter,Petar Sučić,M,Titolare,0,0,
24,13981660,Inter,Piotr Zieliński,M,Titolare,0,0,
24,13981660,Inter,Henrikh Mkhitaryan,M,Titolare,0,0,
24,13981660,Inter,Federico Dimarco,M,Titolare,0,0,
24,13981660,Inter,Lautaro Martínez,F,Titolare,0,0,
24,13981660,Inter,Marcus Thuram,F,Titolare,0,0,
24,13981660,Inter,Matteo Darmian,D,Panchina,0,0,
24,13981660,Inter,Davide Frattesi,M,Panchina,0,0,
24,13981660,Inter,Andy Diouf,M,Panchina,0,0,
24,13981660,Inter,Ange-Yoan Bonny,F,Panchina,0,0,
24,13981660,Inter,Francesco Pio Esposito,F,Panchina,0,0,
24,13981660,Inter,Raffaele Di Gennaro,G,Panchina,0,0,
24,13981660,Inter,Josep Martínez,G,Panchina,0,0,
24,13981660,Inter,Francesco Acerbi,D,Panchina,0,0,
24,13981660,Inter,Stefan de Vrij,D,Panchina,0,0,
24,13981660,Inter,Carlos Augusto,D,Panchina,0,0,
24,13981660,Inter,Matteo Cocchi,M,Panchina,0,0,
24,13981660,Inter,Issiaka Kamate,M,Panchina,0,0,
24,13981662,Hellas Verona,Lorenzo Montipò,G,Titolare,0,0,
24,13981662,Hellas Verona,Tobias Slotsager,D,Titolare,0,0,
24,13981662,Hellas Verona,Victor Nelsson,D,Titolare,0,0,
24,13981662,Hellas Verona,Andrias Edmundsson,D,Titolare,0,0,
24,13981662,Hellas Verona,Cheikh Niasse,M,Titolare,0,0,
24,13981662,Hellas Verona,Antoine Bernede,M,Titolare,0,0,
24,13981662,Hellas Verona,Moatasem Al-Musrati,M,Titolare,0,0,
24,13981662,Hellas Verona,Sandi Lovrić,M,Titolare,0,0,
24,13981662,Hellas Verona,Martin Frese,D,Titolare,0,0,
24,13981662,Hellas Verona,Kieron Bowie,F,Titolare,0,0,
24,13981662,Hellas Verona,Gift Orban,F,Titolare,0,0,
24,13981662,Hellas Verona,Domagoj Bradarić,M,Panchina,0,0,
24,13981662,Hellas Verona,Suat Serdar,M,Panchina,0,0,
24,13981662,Hellas Verona,Pol Lirola,D,Panchina,0,0,
24,13981662,Hellas Verona,Daniel Mosquera,F,Panchina,0,0,
24,13981662,Hellas Verona,Abdou Harroui,M,Panchina,0,0,
24,13981662,Hellas Verona,Simone Perilli,G,Panchina,0,0,
24,13981662,Hellas Verona,Giacomo Toniolo,G,Panchina,0,0,
24,13981662,Hellas Verona,Fallou Cham,D,Panchina,0,0,
24,13981662,Hellas Verona,Andrej Popovic,D,Panchina,0,0,
24,13981662,Hellas Verona,Jean Daniel Akpa-Akpro,M,Panchina,0,0,
24,13981662,Hellas Verona,Daniel Oyegoke,M,Panchina,0,0,
24,13981662,Hellas Verona,Isaac,F,Panchina,0,0,
24,13981662,Hellas Verona,Ioan Vermesan,F,Panchina,0,0,
24,13981662,Pisa,Simone Scuffet,G,Titolare,0,0,
24,13981662,Pisa,Simone Canestrelli,D,Titolare,0,0,
24,13981662,Pisa,Antonio Caracciolo,D,Titolare,0,0,
24,13981662,Pisa,Rosen Bozhinov,D,Titolare,0,0,
24,13981662,Pisa,Idrissa Touré,M,Titolare,0,0,
24,13981662,Pisa,Felipe Loyola,M,Titolare,0,0,
24,13981662,Pisa,Michel Aebischer,M,Titolare,0,0,
24,13981662,Pisa,Samuele Angori,M,Titolare,0,0,
24,13981662,Pisa,Filip Stojilković,F,Titolare,0,0,
24,13981662,Pisa,Stefano Moreo,F,Titolare,0,0,
24,13981662,Pisa,Rafiu Durosinmi,F,Titolare,0,0,
24,13981662,Pisa,Mehdi Léris,M,Panchina,0,0,
24,13981662,Pisa,Arturo Calabresi,D,Panchina,0,0,
24,13981662,Pisa,Henrik Wendel Meister,F,Panchina,0,0,
24,13981662,Pisa,Marius Marin,M,Panchina,0,0,
24,13981662,Pisa,Nícolas,G,Panchina,0,0,
24,13981662,Pisa,Tommaso Guizzo,G,Panchina,0,0,
24,13981662,Pisa,Francesco Coppola,D,Panchina,0,0,
24,13981662,Pisa,Gabriele Piccinini,M,Panchina,0,0,
24,13981662,Pisa,Ebenezer Akinsanmiro,M,Panchina,0,0,
24,13981662,Pisa,Lorran,M,Panchina,0,0,
24,13981662,Pisa,Samuel Iling Junior,M,Panchina,0,0,
24,13981662,Pisa,Juan Cuadrado,M,Panchina,0,0,
24,13981662,Pisa,Malthe Højholt,M,Panchina,0,0,
24,13981662,Pisa,Calvin Stengs,M,Panchina,0,0,
24,13981662,Pisa,Matteo Tramoni,F,Panchina,0,0,
24,13981664,AS Roma,Mile Svilar,G,Titolare,0,0,
24,13981664,AS Roma,Gianluca Mancini,D,Titolare,0,0,
24,13981664,AS Roma,Evan Ndicka,D,Titolare,0,0,
24,13981664,AS Roma,Daniele Ghilardi,D,Titolare,0,0,
24,13981664,AS Roma,Zeki Çelik,D,Titolare,0,0,
24,13981664,AS Roma,Bryan Cristante,M,Titolare,0,0,
24,13981664,AS Roma,Niccolò Pisilli,M,Titolare,0,0,
24,13981664,AS Roma,Wesley,M,Titolare,0,0,
24,13981664,AS Roma,Matías Soulé,F,Titolare,0,0,
24,13981664,AS Roma,Lorenzo Pellegrini,F,Titolare,0,0,
24,13981664,AS Roma,Donyell Malen,F,Titolare,0,0,
24,13981664,AS Roma,Bryan Zaragoza,F,Panchina,0,0,
24,13981664,AS Roma,Neil El Aynaoui,M,Panchina,0,0,
24,13981664,AS Roma,Lorenzo Venturino,F,Panchina,0,0,
24,13981664,AS Roma,Antonio Arena,F,Panchina,0,0,
24,13981664,AS Roma,Pierluigi Gollini,G,Panchina,0,0,
24,13981664,AS Roma,Radosław Żelezny,G,Panchina,0,0,
24,13981664,AS Roma,Kostas Tsimikas,D,Panchina,0,0,
24,13981664,AS Roma,Jan Ziółkowski,D,Panchina,0,0,
24,13981664,AS Roma,Devyne Rensch,M,Panchina,0,0,
24,13981664,AS Roma,Angeliño,M,Panchina,0,0,
24,13981664,Cagliari,Elia Caprile,G,Titolare,0,0,
24,13981664,Cagliari,Zé Pedro,D,Titolare,0,0,
24,13981664,Cagliari,Alberto Dossena,D,Titolare,0,0,
24,13981664,Cagliari,Juan Rodríguez,D,Titolare,0,0,
24,13981664,Cagliari,Marco Palestra,M,Titolare,0,0,
24,13981664,Cagliari,Michel Adopo,M,Titolare,0,0,
24,13981664,Cagliari,Gianluca Gaetano,M,Titolare,0,0,
24,13981664,Cagliari,Luca Mazzitelli,M,Titolare,0,0,
24,13981664,Cagliari,Adam Obert,D,Titolare,0,0,
24,13981664,Cagliari,Semih Kılıçsoy,F,Titolare,0,0,
24,13981664,Cagliari,Sebastiano Esposito,F,Titolare,0,0,
24,13981664,Cagliari,Sulemana,M,Panchina,0,0,
24,13981664,Cagliari,Riyad Idrissi,D,Panchina,0,0,
24,13981664,Cagliari,Leonardo Pavoletti,F,Panchina,0,0,
24,13981664,Cagliari,Gabriele Zappa,D,Panchina,0,0,
24,13981664,Cagliari,Yael Trepy,F,Panchina,0,0,
24,13981664,Cagliari,Giuseppe Ciocci,G,Panchina,0,0,
24,13981664,Cagliari,Alen Sherri,G,Panchina,0,0,
24,13981664,Cagliari,Othniël Raterink,D,Panchina,0,0,
24,13981664,Cagliari,Agustín Albarracín,M,Panchina,0,0,
24,13981664,Cagliari,Joseph Liteta,M,Panchina,0,0,
24,13981664,Cagliari,Paul Mendy,F,Panchina,0,0,
24,13981666,Genoa,Justin Bijlow,G,Titolare,0,0,
24,13981666,Genoa,Alessandro Marcandalli,D,Titolare,0,0,
24,13981666,Genoa,Leo Østigård,D,Titolare,0,0,
24,13981666,Genoa,Johan Vásquez,D,Titolare,0,0,
24,13981666,Genoa,Brooke Norton-Cuffy,D,Titolare,0,0,
24,13981666,Genoa,Ruslan Malinovskyi,M,Titolare,0,0,
24,13981666,Genoa,Morten Frendrup,M,Titolare,0,0,
24,13981666,Genoa,Mikael Ellertsson,M,Titolare,0,0,
24,13981666,Genoa,Aarón Martín,M,Titolare,0,0,
24,13981666,Genoa,Vitinha,F,Titolare,0,0,
24,13981666,Genoa,Lorenzo Colombo,F,Titolare,0,0,
24,13981666,Genoa,Caleb Ekuban,F,Panchina,0,0,
24,13981666,Genoa,Patrizio Masini,M,Panchina,0,0,
24,13981666,Genoa,Junior Messias,F,Panchina,0,0,
24,13981666,Genoa,Maxwel Cornet,F,Panchina,0,0,
24,13981666,Genoa,Daniele Sommariva,G,Panchina,0,0,
24,13981666,Genoa,Nicola Leali,G,Panchina,0,0,
24,13981666,Genoa,Nils Zätterström,D,Panchina,0,0,
24,13981666,Genoa,Sebastian Otoa,D,Panchina,0,0,
24,13981666,Genoa,Alexsandro Amorim,M,Panchina,0,0,
24,13981666,Genoa,Jean Onana,M,Panchina,0,0,
24,13981666,Genoa,Stefano Sabelli,M,Panchina,0,0,
24,13981666,Genoa,Jeff Ekhator,F,Panchina,0,0,
24,13981666,SSC Napoli,Alex Meret,G,Titolare,0,0,
24,13981666,SSC Napoli,Amir Rrahmani,D,Titolare,0,0,
24,13981666,SSC Napoli,Alessandro Buongiorno,D,Titolare,0,0,
24,13981666,SSC Napoli,Juan Jesus,D,Titolare,0,0,
24,13981666,SSC Napoli,Miguel Gutiérrez,D,Titolare,0,0,
24,13981666,SSC Napoli,Stanislav Lobotka,M,Titolare,0,0,
24,13981666,SSC Napoli,Scott McTominay,M,Titolare,0,0,
24,13981666,SSC Napoli,Leonardo Spinazzola,D,Titolare,0,0,
24,13981666,SSC Napoli,Antonio Vergara,F,Titolare,0,0,
24,13981666,SSC Napoli,Eljif Elmas,M,Titolare,0,0,
24,13981666,SSC Napoli,Rasmus Højlund,F,Titolare,0,0,
24,13981666,SSC Napoli,Giovane,F,Panchina,0,0,
24,13981666,SSC Napoli,Sam Beukema,D,Panchina,0,0,
24,13981666,SSC Napoli,Mathías Olivera,D,Panchina,0,0,
24,13981666,SSC Napoli,Vanja Milinković-Savić,G,Panchina,0,0,
24,13981666,SSC Napoli,Nikita Contini,G,Panchina,0,0,
24,13981666,SSC Napoli,Vincenzo Prisco,M,Panchina,0,0,
24,13981666,SSC Napoli,Emmanuele De Chiara,M,Panchina,0,0,
24,13981666,SSC Napoli,Alisson Santos,F,Panchina,0,0,
24,13981666,SSC Napoli,Romelu Lukaku,F,Panchina,0,0,
24,15462526,AC Milan,Mike Maignan,G,Titolare,0,0,
24,15462526,AC Milan,Fikayo Tomori,D,Titolare,0,0,
24,15462526,AC Milan,Koni De Winter,D,Titolare,0,0,
24,15462526,AC Milan,Strahinja Pavlović,D,Titolare,0,0,
24,15462526,AC Milan,Zachary Athekame,D,Titolare,0,0,
24,15462526,AC Milan,Samuele Ricci,M,Titolare,0,0,
24,15462526,AC Milan,Luka Modrić,M,Titolare,0,0,
24,15462526,AC Milan,Ardon Jashari,M,Titolare,0,0,
24,15462526,AC Milan,Davide Bartesaghi,M,Titolare,0,0,
24,15462526,AC Milan,Rafael Leão,F,Titolare,0,0,
24,15462526,AC Milan,Christopher Nkunku,F,Titolare,0,0,
24,15462526,AC Milan,Matteo Gabbia,D,Panchina,0,0,
24,15462526,AC Milan,Alexis Saelemaekers,M,Panchina,0,0,
24,15462526,AC Milan,Youssouf Fofana,M,Panchina,0,0,
24,15462526,AC Milan,Niclas Füllkrug,F,Panchina,0,0,
24,15462526,AC Milan,Christian Pulišić,F,Panchina,0,0,
24,15462526,AC Milan,Lorenzo Torriani,G,Panchina,0,0,
24,15462526,AC Milan,Pietro Terracciano,G,Panchina,0,0,
24,15462526,AC Milan,David Odogu,D,Panchina,0,0,
24,15462526,AC Milan,Pervis Estupiñán,M,Panchina,0,0,
24,15462526,AC Milan,Ruben Loftus-Cheek,M,Panchina,0,0,
24,15462526,Como,Jean Butez,G,Titolare,0,0,
24,15462526,Como,Jacobo Ramón,D,Titolare,0,0,
24,15462526,Como,Diego Carlos,D,Titolare,0,0,
24,15462526,Como,Marc Kempf,D,Titolare,0,0,
24,15462526,Como,Ignace Van der Brempt,D,Titolare,0,0,
24,15462526,Como,Sergi Roberto,M,Titolare,0,0,
24,15462526,Como,Máximo Perrone,M,Titolare,0,0,
24,15462526,Como,Mërgim Vojvoda,D,Titolare,0,0,
24,15462526,Como,Maxence Caqueret,M,Titolare,0,0,
24,15462526,Como,Martin Baturina,M,Titolare,0,0,
24,15462526,Como,Nico Paz,M,Titolare,0,0,
24,15462526,Como,Álex Valle,D,Panchina,0,0,
24,15462526,Como,Anastasios Douvikas,F,Panchina,0,0,
24,15462526,Como,Jesús Rodriguez,M,Panchina,0,0,
24,15462526,Como,Lucas Da Cunha,M,Panchina,0,0,
24,15462526,Como,Ivan Smolčić,D,Panchina,0,0,
24,15462526,Como,Mauro Vigorito,G,Panchina,0,0,
24,15462526,Como,Noel Törnqvist,G,Panchina,0,0,
24,15462526,Como,Nikola Čavlina,G,Panchina,0,0,
24,15462526,Como,Alberto Moreno,D,Panchina,0,0,
24,15462526,Como,Adrian Lahdo,M,Panchina,0,0,
24,15462526,Como,Jayden Addai,M,Panchina,0,0,
24,15462526,Como,Nicolas-Gerrit Kühn,F,Panchina,0,0,
25,13981657,Cremonese,Emil Audero,G,Titolare,0,0,
25,13981657,Cremonese,Filippo Terracciano,D,Titolare,0,0,
25,13981657,Cremonese,Federico Baschirotto,D,Titolare,0,0,
25,13981657,Cremonese,Sebastiano Luperto,D,Titolare,0,0,
25,13981657,Cremonese,Alessio Zerbin,M,Titolare,0,0,
25,13981657,Cremonese,Morten Thorsby,M,Titolare,0,0,
25,13981657,Cremonese,Youssef Maleh,M,Titolare,0,0,
25,13981657,Cremonese,Martín Payero,M,Titolare,0,0,
25,13981657,Cremonese,Giuseppe Pezzella,M,Titolare,0,0,
25,13981657,Cremonese,Milan Đurić,F,Titolare,0,0,
25,13981657,Cremonese,Jamie Vardy,F,Titolare,0,0,
25,13981657,Cremonese,Alberto Grassi,M,Panchina,0,0,
25,13981657,Cremonese,Federico Bonazzoli,F,Panchina,0,0,
25,13981657,Cremonese,Tommaso Barbieri,M,Panchina,0,0,
25,13981657,Cremonese,Antonio Sanabria,F,Panchina,0,0,
25,13981657,Cremonese,Romano Floriani Mussolini,M,Panchina,0,0,
25,13981657,Cremonese,Marco Silvestri,G,Panchina,0,0,
25,13981657,Cremonese,Lapo Nava,G,Panchina,0,0,
25,13981657,Cremonese,Francesco Folino,D,Panchina,0,0,
25,13981657,Cremonese,Matteo Bianchetti,D,Panchina,0,0,
25,13981657,Cremonese,Davide Pavesi,D,Panchina,0,0,
25,13981657,Cremonese,Jari Vandeputte,M,Panchina,0,0,
25,13981657,Cremonese,Faris Moumbagna,F,Panchina,0,0,
25,13981657,Genoa,Justin Bijlow,G,Titolare,0,0,
25,13981657,Genoa,Alessandro Marcandalli,D,Titolare,0,0,
25,13981657,Genoa,Leo Østigård,D,Titolare,0,0,
25,13981657,Genoa,Johan Vásquez,D,Titolare,0,0,
25,13981657,Genoa,Brooke Norton-Cuffy,D,Titolare,0,0,
25,13981657,Genoa,Morten Frendrup,M,Titolare,0,0,
25,13981657,Genoa,Ruslan Malinovskyi,M,Titolare,0,0,
25,13981657,Genoa,Mikael Ellertsson,M,Titolare,0,0,
25,13981657,Genoa,Junior Messias,F,Titolare,0,0,
25,13981657,Genoa,Vitinha,F,Titolare,0,0,
25,13981657,Genoa,Lorenzo Colombo,F,Titolare,0,0,
25,13981657,Genoa,Caleb Ekuban,F,Panchina,0,0,
25,13981657,Genoa,Tommaso Baldanzi,M,Panchina,0,0,
25,13981657,Genoa,Aarón Martín,M,Panchina,0,0,
25,13981657,Genoa,Jeff Ekhator,F,Panchina,0,0,
25,13981657,Genoa,Alexsandro Amorim,M,Panchina,0,0,
25,13981657,Genoa,Daniele Sommariva,G,Panchina,0,0,
25,13981657,Genoa,Nicola Leali,G,Panchina,0,0,
25,13981657,Genoa,Nils Zätterström,D,Panchina,0,0,
25,13981657,Genoa,Sebastian Otoa,D,Panchina,0,0,
25,13981657,Genoa,Jean Onana,M,Panchina,0,0,
25,13981657,Genoa,Stefano Sabelli,M,Panchina,0,0,
25,13981657,Genoa,Patrizio Masini,M,Panchina,0,0,
25,13981657,Genoa,Maxwel Cornet,F,Panchina,0,0,
25,13981659,Lazio,Ivan Provedel,G,Titolare,0,0,
25,13981659,Lazio,Adam Marušić,D,Titolare,0,0,
25,13981659,Lazio,Mario Gila,D,Titolare,0,0,
25,13981659,Lazio,Oliver Provstgaard,D,Titolare,0,0,
25,13981659,Lazio,Nuno Tavares,D,Titolare,0,0,
25,13981659,Lazio,Fisayo Dele-Bashiru,M,Titolare,0,0,
25,13981659,Lazio,Danilo Cataldi,M,Titolare,0,0,
25,13981659,Lazio,Kenneth Taylor,M,Titolare,0,0,
25,13981659,Lazio,Gustav Isaksen,F,Titolare,0,0,
25,13981659,Lazio,Daniel Maldini,F,Titolare,0,0,
25,13981659,Lazio,Tijjani Noslin,F,Titolare,0,0,
25,13981659,Lazio,Patric,D,Panchina,0,0,
25,13981659,Lazio,Nicolò Rovella,M,Panchina,0,0,
25,13981659,Lazio,Petar Ratkov,F,Panchina,0,0,
25,13981659,Lazio,Matteo Cancellieri,F,Panchina,0,0,
25,13981659,Lazio,Boulaye Dia,F,Panchina,0,0,
25,13981659,Lazio,Alessio Furlanetto,G,Panchina,0,0,
25,13981659,Lazio,Edoardo Motta,G,Panchina,0,0,
25,13981659,Lazio,Elseid Hysaj,D,Panchina,0,0,
25,13981659,Lazio,Luca Pellegrini,D,Panchina,0,0,
25,13981659,Lazio,Adrian Przyborek,M,Panchina,0,0,
25,13981659,Lazio,Valerio Farcomeni,M,Panchina,0,0,
25,13981659,Lazio,Reda Belahyane,M,Panchina,0,0,
25,13981659,Atalanta,Marco Carnesecchi,G,Titolare,0,0,
25,13981659,Atalanta,Giorgio Scalvini,D,Titolare,0,0,
25,13981659,Atalanta,Berat Djimsiti,D,Titolare,0,0,
25,13981659,Atalanta,Honest Ahanor,D,Titolare,0,0,
25,13981659,Atalanta,Davide Zappacosta,M,Titolare,0,0,
25,13981659,Atalanta,Marten de Roon,M,Titolare,0,0,
25,13981659,Atalanta,Éderson,M,Titolare,0,0,
25,13981659,Atalanta,Lorenzo Bernasconi,M,Titolare,0,0,
25,13981659,Atalanta,Lazar Samardžić,M,Titolare,0,0,
25,13981659,Atalanta,Nicola Zalewski,M,Titolare,0,0,
25,13981659,Atalanta,Nikola Krstović,F,Titolare,0,0,
25,13981659,Atalanta,Sead Kolašinac,D,Panchina,0,0,
25,13981659,Atalanta,Odilon Kossounou,D,Panchina,0,0,
25,13981659,Atalanta,Giacomo Raspadori,F,Panchina,0,0,
25,13981659,Atalanta,Kamaldeen Sulemana,F,Panchina,0,0,
25,13981659,Atalanta,Raoul Bellanova,M,Panchina,0,0,
25,13981659,Atalanta,Marco Sportiello,G,Panchina,0,0,
25,13981659,Atalanta,Francesco Rossi,G,Panchina,0,0,
25,13981659,Atalanta,Mitchel Bakker,D,Panchina,0,0,
25,13981659,Atalanta,Isak Hien,D,Panchina,0,0,
25,13981659,Atalanta,Yunus Musah,M,Panchina,0,0,
25,13981659,Atalanta,Mario Pašalić,M,Panchina,0,0,
25,13981659,Atalanta,Gianluca Scamacca,F,Panchina,0,0,
25,13981663,Cagliari,Elia Caprile,G,Titolare,0,0,
25,13981663,Cagliari,Gabriele Zappa,D,Titolare,0,0,
25,13981663,Cagliari,Zé Pedro,D,Titolare,0,0,
25,13981663,Cagliari,Yerry Mina,D,Titolare,0,0,
25,13981663,Cagliari,Adam Obert,D,Titolare,0,0,
25,13981663,Cagliari,Riyad Idrissi,D,Titolare,0,0,
25,13981663,Cagliari,Marco Palestra,M,Titolare,0,0,
25,13981663,Cagliari,Michel Adopo,M,Titolare,0,0,
25,13981663,Cagliari,Sulemana,M,Titolare,0,0,
25,13981663,Cagliari,Sebastiano Esposito,F,Titolare,0,0,
25,13981663,Cagliari,Leonardo Pavoletti,F,Titolare,0,0,
25,13981663,Cagliari,Luca Mazzitelli,M,Panchina,0,0,
25,13981663,Cagliari,Semih Kılıçsoy,F,Panchina,0,0,
25,13981663,Cagliari,Yael Trepy,F,Panchina,0,0,
25,13981663,Cagliari,Giuseppe Ciocci,G,Panchina,0,0,
25,13981663,Cagliari,Alen Sherri,G,Panchina,0,0,
25,13981663,Cagliari,Othniël Raterink,D,Panchina,0,0,
25,13981663,Cagliari,Andrea Cogoni,D,Panchina,0,0,
25,13981663,Cagliari,Alberto Dossena,D,Panchina,0,0,
25,13981663,Cagliari,Juan Rodríguez,D,Panchina,0,0,
25,13981663,Cagliari,Joseph Liteta,M,Panchina,0,0,
25,13981663,Cagliari,Agustín Albarracín,M,Panchina,0,0,
25,13981663,Cagliari,Paul Mendy,F,Panchina,0,0,
25,13981663,Lecce,Wladimiro Falcone,G,Titolare,0,0,
25,13981663,Lecce,Danilo Veiga,D,Titolare,0,0,
25,13981663,Lecce,Kialonda Gaspar,D,Titolare,0,0,
25,13981663,Lecce,Tiago Gabriel,D,Titolare,0,0,
25,13981663,Lecce,Antonino Gallo,D,Titolare,0,0,
25,13981663,Lecce,Omri Gandelman,M,Titolare,0,0,
25,13981663,Lecce,Ylber Ramadani,M,Titolare,0,0,
25,13981663,Lecce,Lassana Coulibaly,M,Titolare,0,0,
25,13981663,Lecce,Santiago Pierotti,F,Titolare,0,0,
25,13981663,Lecce,Walid Cheddira,F,Titolare,0,0,
25,13981663,Lecce,Riccardo Sottil,F,Titolare,0,0,
25,13981663,Lecce,Corrie Ndaba,D,Panchina,0,0,
25,13981663,Lecce,Nikola Štulić,F,Panchina,0,0,
25,13981663,Lecce,Jamil Siebert,D,Panchina,0,0,
25,13981663,Lecce,Oumar Ngom,M,Panchina,0,0,
25,13981663,Lecce,Sadik Fofana,M,Panchina,0,0,
25,13981663,Lecce,Christian Früchtl,G,Panchina,0,0,
25,13981663,Lecce,Jasper Samooja,G,Panchina,0,0,
25,13981663,Lecce,Gaby Jean,D,Panchina,0,0,
25,13981663,Lecce,Alex Sala,M,Panchina,0,0,
25,13981663,Lecce,Filip Marchwiński,M,Panchina,0,0,
25,13981663,Lecce,Þórir Jóhann Helgason,M,Panchina,0,0,
25,13981663,Lecce,Niko Kovač,M,Panchina,0,0,
25,13981663,Lecce,N'Dri Konan,F,Panchina,0,0,
25,13981665,SSC Napoli,Vanja Milinković-Savić,G,Titolare,0,0,
25,13981665,SSC Napoli,Sam Beukema,D,Titolare,0,0,
25,13981665,SSC Napoli,Amir Rrahmani,D,Titolare,0,0,
25,13981665,SSC Napoli,Alessandro Buongiorno,D,Titolare,0,0,
25,13981665,SSC Napoli,Miguel Gutiérrez,D,Titolare,0,0,
25,13981665,SSC Napoli,Eljif Elmas,M,Titolare,0,0,
25,13981665,SSC Napoli,Stanislav Lobotka,M,Titolare,0,0,
25,13981665,SSC Napoli,Leonardo Spinazzola,D,Titolare,0,0,
25,13981665,SSC Napoli,Matteo Politano,M,Titolare,0,0,
25,13981665,SSC Napoli,Antonio Vergara,F,Titolare,0,0,
25,13981665,SSC Napoli,Rasmus Højlund,F,Titolare,0,0,
25,13981665,SSC Napoli,Mathías Olivera,D,Panchina,0,0,
25,13981665,SSC Napoli,Alisson Santos,F,Panchina,0,0,
25,13981665,SSC Napoli,Billy Gilmour,M,Panchina,0,0,
25,13981665,SSC Napoli,Giovane,F,Panchina,0,0,
25,13981665,SSC Napoli,Pasquale Mazzocchi,M,Panchina,0,0,
25,13981665,SSC Napoli,Alex Meret,G,Panchina,0,0,
25,13981665,SSC Napoli,Nikita Contini,G,Panchina,0,0,
25,13981665,SSC Napoli,Romelu Lukaku,F,Panchina,0,0,
25,13981665,AS Roma,Mile Svilar,G,Titolare,0,0,
25,13981665,AS Roma,Gianluca Mancini,D,Titolare,0,0,
25,13981665,AS Roma,Evan Ndicka,D,Titolare,0,0,
25,13981665,AS Roma,Daniele Ghilardi,D,Titolare,0,0,
25,13981665,AS Roma,Zeki Çelik,D,Titolare,0,0,
25,13981665,AS Roma,Niccolò Pisilli,M,Titolare,0,0,
25,13981665,AS Roma,Bryan Cristante,M,Titolare,0,0,
25,13981665,AS Roma,Wesley,M,Titolare,0,0,
25,13981665,AS Roma,Bryan Zaragoza,F,Titolare,0,0,
25,13981665,AS Roma,Lorenzo Pellegrini,F,Titolare,0,0,
25,13981665,AS Roma,Donyell Malen,F,Titolare,0,0,
25,13981665,AS Roma,Matías Soulé,F,Panchina,0,0,
25,13981665,AS Roma,Neil El Aynaoui,M,Panchina,0,0,
25,13981665,AS Roma,Lorenzo Venturino,F,Panchina,0,0,
25,13981665,AS Roma,Kostas Tsimikas,D,Panchina,0,0,
25,13981665,AS Roma,Robinio Vaz,F,Panchina,0,0,
25,13981665,AS Roma,Giorgio De Marzi,G,Panchina,0,0,
25,13981665,AS Roma,Pierluigi Gollini,G,Panchina,0,0,
25,13981665,AS Roma,Jan Ziółkowski,D,Panchina,0,0,
25,13981665,AS Roma,Devyne Rensch,M,Panchina,0,0,
25,13981665,AS Roma,Angeliño,M,Panchina,0,0,
25,13981665,AS Roma,Mattia Della Rocca,M,Panchina,0,0,
25,13981667,Como,Jean Butez,G,Titolare,0,0,
25,13981667,Como,Mërgim Vojvoda,D,Titolare,0,0,
25,13981667,Como,Jacobo Ramón,D,Titolare,0,0,
25,13981667,Como,Marc Kempf,D,Titolare,0,0,
25,13981667,Como,Álex Valle,D,Titolare,0,0,
25,13981667,Como,Máximo Perrone,M,Titolare,0,0,
25,13981667,Como,Lucas Da Cunha,M,Titolare,0,0,
25,13981667,Como,Nicolas-Gerrit Kühn,F,Titolare,0,0,
25,13981667,Como,Nico Paz,M,Titolare,0,0,
25,13981667,Como,Martin Baturina,M,Titolare,0,0,
25,13981667,Como,Anastasios Douvikas,F,Titolare,0,0,
25,13981667,Como,Alberto Moreno,D,Panchina,0,0,
25,13981667,Como,Jesús Rodriguez,M,Panchina,0,0,
25,13981667,Como,Jayden Addai,M,Panchina,0,0,
25,13981667,Como,Álvaro Morata,F,Panchina,0,0,
25,13981667,Como,Maxence Caqueret,M,Panchina,0,0,
25,13981667,Como,Noel Törnqvist,G,Panchina,0,0,
25,13981667,Como,Nikola Čavlina,G,Panchina,0,0,
25,13981667,Como,Mauro Vigorito,G,Panchina,0,0,
25,13981667,Como,Ignace Van der Brempt,D,Panchina,0,0,
25,13981667,Como,Diego Carlos,D,Panchina,0,0,
25,13981667,Como,Ivan Smolčić,D,Panchina,0,0,
25,13981667,Como,Sergi Roberto,M,Panchina,0,0,
25,13981667,Como,Adrian Lahdo,M,Panchina,0,0,
25,13981667,Fiorentina,David De Gea,G,Titolare,0,0,
25,13981667,Fiorentina,Dodô,M,Titolare,0,0,
25,13981667,Fiorentina,Marin Pongračić,D,Titolare,0,0,
25,13981667,Fiorentina,Luca Ranieri,D,Titolare,0,0,
25,13981667,Fiorentina,Fabiano Parisi,D,Titolare,0,0,
25,13981667,Fiorentina,Rolando Mandragora,M,Titolare,0,0,
25,13981667,Fiorentina,Nicolò Fagioli,M,Titolare,0,0,
25,13981667,Fiorentina,Marco Brescianini,M,Titolare,0,0,
25,13981667,Fiorentina,Jack Harrison,F,Titolare,0,0,
25,13981667,Fiorentina,Moise Kean,F,Titolare,0,0,
25,13981667,Fiorentina,Manor Solomon,F,Titolare,0,0,
25,13981667,Fiorentina,Cher Ndour,M,Panchina,0,0,
25,13981667,Fiorentina,Roberto Piccoli,F,Panchina,0,0,
25,13981667,Fiorentina,Luca Lezzerini,G,Panchina,0,0,
25,13981667,Fiorentina,Oliver Christensen,G,Panchina,0,0,
25,13981667,Fiorentina,Robin Gosens,D,Panchina,0,0,
25,13981667,Fiorentina,Luís Balbo,D,Panchina,0,0,
25,13981667,Fiorentina,Niccolò Fortini,D,Panchina,0,0,
25,13981667,Fiorentina,Eddy Kouadio,D,Panchina,0,0,
25,13981667,Fiorentina,Pietro Comuzzo,D,Panchina,0,0,
25,13981667,Fiorentina,Giovanni Fabbian,M,Panchina,0,0,
25,13981667,Fiorentina,Jacopo Fazzini,F,Panchina,0,0,
25,13981668,Parma,Edoardo Corvi,G,Titolare,0,0,
25,13981668,Parma,Enrico Delprato,D,Titolare,0,0,
25,13981668,Parma,Alessandro Circati,D,Titolare,0,0,
25,13981668,Parma,Lautaro Valenti,D,Titolare,0,0,
25,13981668,Parma,Sascha Britschgi,D,Titolare,0,0,
25,13981668,Parma,Adrián Bernabé,M,Titolare,0,0,
25,13981668,Parma,Mandela Keita,M,Titolare,0,0,
25,13981668,Parma,Oliver Sørensen,M,Titolare,0,0,
25,13981668,Parma,Emanuele Valeri,M,Titolare,0,0,
25,13981668,Parma,Mateo Pellegrino,F,Titolare,0,0,
25,13981668,Parma,Gabriel Strefezza,F,Titolare,0,0,
25,13981668,Parma,Jacob Ondrejka,F,Panchina,0,0,
25,13981668,Parma,Hans Nicolussi Caviglia,M,Panchina,0,0,
25,13981668,Parma,Gaetano Oristanio,M,Panchina,0,0,
25,13981668,Parma,Christian Ordoñez,M,Panchina,0,0,
25,13981668,Parma,Filippo Rinaldi,G,Panchina,0,0,
25,13981668,Parma,Gabriele Casentini,G,Panchina,0,0,
25,13981668,Parma,Dominik Drobnic ,D,Panchina,0,0,
25,13981668,Parma,Franco Carboni,M,Panchina,0,0,
25,13981668,Parma,Benjamin Cremaschi,M,Panchina,0,0,
25,13981668,Parma,Nahuel Estévez,M,Panchina,0,0,
25,13981668,Parma,Daniel Mikołajewski,F,Panchina,0,0,
25,13981668,Parma,Nesta Elphege,F,Panchina,0,0,
25,13981668,Hellas Verona,Lorenzo Montipò,G,Titolare,0,0,
25,13981668,Hellas Verona,Armel Bella-Kotchap,D,Titolare,0,0,
25,13981668,Hellas Verona,Victor Nelsson,D,Titolare,0,0,
25,13981668,Hellas Verona,Andrias Edmundsson,D,Titolare,0,0,
25,13981668,Hellas Verona,Rafik Belghali,M,Titolare,0,0,
25,13981668,Hellas Verona,Cheikh Niasse,M,Titolare,0,0,
25,13981668,Hellas Verona,Moatasem Al-Musrati,M,Titolare,0,0,
25,13981668,Hellas Verona,Abdou Harroui,M,Titolare,0,0,
25,13981668,Hellas Verona,Domagoj Bradarić,M,Titolare,0,0,
25,13981668,Hellas Verona,Kieron Bowie,F,Titolare,0,0,
25,13981668,Hellas Verona,Gift Orban,F,Titolare,0,0,
25,13981668,Hellas Verona,Jean Daniel Akpa-Akpro,M,Panchina,0,0,
25,13981668,Hellas Verona,Amin Sarr,F,Panchina,0,0,
25,13981668,Hellas Verona,Tobias Slotsager,D,Panchina,0,0,
25,13981668,Hellas Verona,Suat Serdar,M,Panchina,0,0,
25,13981668,Hellas Verona,Simone Perilli,G,Panchina,0,0,
25,13981668,Hellas Verona,Giacomo Toniolo,G,Panchina,0,0,
25,13981668,Hellas Verona,Fallou Cham,D,Panchina,0,0,
25,13981668,Hellas Verona,Martin Frese,D,Panchina,0,0,
25,13981668,Hellas Verona,Daniel Oyegoke,M,Panchina,0,0,
25,13981668,Hellas Verona,Daniel Mosquera,F,Panchina,0,0,
25,13981668,Hellas Verona,Isaac,F,Panchina,0,0,
25,13981669,Torino,Alberto Paleari,G,Titolare,0,0,
25,13981669,Torino,Luca Marianucci,D,Titolare,0,0,
25,13981669,Torino,Guillermo Maripán,D,Titolare,0,0,
25,13981669,Torino,Saúl Coco,D,Titolare,0,0,
25,13981669,Torino,Marcus Pedersen,M,Titolare,0,0,
25,13981669,Torino,Nikola Vlašić,M,Titolare,0,0,
25,13981669,Torino,Matteo Prati,M,Titolare,0,0,
25,13981669,Torino,Gvidas Gineitis,M,Titolare,0,0,
25,13981669,Torino,Zakaria Aboukhlal,F,Titolare,0,0,
25,13981669,Torino,Che Adams,F,Titolare,0,0,
25,13981669,Torino,Giovanni Simeone,F,Titolare,0,0,
25,13981669,Torino,Valentino Lazaro,M,Panchina,0,0,
25,13981669,Torino,Duván Zapata,F,Panchina,0,0,
25,13981669,Torino,Cesare Casadei,M,Panchina,0,0,
25,13981669,Torino,Emirhan İlkhan,M,Panchina,0,0,
25,13981669,Torino,Alieu Njie,F,Panchina,0,0,
25,13981669,Torino,Franco Israel,G,Panchina,0,0,
25,13981669,Torino,Lapo Siviero,G,Panchina,0,0,
25,13981669,Torino,Enzo Ebosse,D,Panchina,0,0,
25,13981669,Torino,Cristiano Biraghi,D,Panchina,0,0,
25,13981669,Torino,Adrien Tameze,D,Panchina,0,0,
25,13981669,Torino,Niels Nkounkou,D,Panchina,0,0,
25,13981669,Torino,Sandro Kulenović,F,Panchina,0,0,
25,13981669,Bologna,Łukasz Skorupski,G,Titolare,0,0,
25,13981669,Bologna,João Mário,D,Titolare,0,0,
25,13981669,Bologna,Martin Vitík,D,Titolare,0,0,
25,13981669,Bologna,Jhon Lucumí,D,Titolare,0,0,
25,13981669,Bologna,Juan Miranda,D,Titolare,0,0,
25,13981669,Bologna,Nikola Moro,M,Titolare,0,0,
25,13981669,Bologna,Remo Freuler,M,Titolare,0,0,
25,13981669,Bologna,Federico Bernardeschi,F,Titolare,0,0,
25,13981669,Bologna,Simon Sohm,M,Titolare,0,0,
25,13981669,Bologna,Jonathan Rowe,F,Titolare,0,0,
25,13981669,Bologna,Santiago Castro,F,Titolare,0,0,
25,13981669,Bologna,Nadir Zortea,D,Panchina,0,0,
25,13981669,Bologna,Benjamín Domínguez,M,Panchina,0,0,
25,13981669,Bologna,Jens Odgaard,M,Panchina,0,0,
25,13981669,Bologna,Riccardo Orsolini,M,Panchina,0,0,
25,13981669,Bologna,Lewis Ferguson,M,Panchina,0,0,
25,13981669,Bologna,Federico Ravaglia,G,Panchina,0,0,
25,13981669,Bologna,Massimo Pessina,G,Panchina,0,0,
25,13981669,Bologna,Lorenzo De Silvestri,D,Panchina,0,0,
25,13981669,Bologna,Nicolò Casale,D,Panchina,0,0,
25,13981669,Bologna,Eivind Helland,D,Panchina,0,0,
25,13981669,Bologna,Thijs Dallinga,F,Panchina,0,0,
25,13981669,Bologna,Nicolò Cambiaghi,F,Panchina,0,0,
25,13981670,Pisa,Nícolas,G,Titolare,0,0,
25,13981670,Pisa,Simone Canestrelli,D,Titolare,0,0,
25,13981670,Pisa,Antonio Caracciolo,D,Titolare,0,0,
25,13981670,Pisa,Rosen Bozhinov,D,Titolare,0,0,
25,13981670,Pisa,Idrissa Touré,M,Titolare,0,0,
25,13981670,Pisa,Felipe Loyola,M,Titolare,0,0,
25,13981670,Pisa,Michel Aebischer,M,Titolare,0,0,
25,13981670,Pisa,Samuele Angori,M,Titolare,0,0,
25,13981670,Pisa,Stefano Moreo,F,Titolare,0,0,
25,13981670,Pisa,Matteo Tramoni,F,Titolare,0,0,
25,13981670,Pisa,Filip Stojilković,F,Titolare,0,0,
25,13981670,Pisa,Ebenezer Akinsanmiro,M,Panchina,0,0,
25,13981670,Pisa,Samuel Iling Junior,M,Panchina,0,0,
25,13981670,Pisa,Mehdi Léris,M,Panchina,0,0,
25,13981670,Pisa,Gabriele Piccinini,M,Panchina,0,0,
25,13981670,Pisa,Rafiu Durosinmi,F,Panchina,0,0,
25,13981670,Pisa,Tommaso Guizzo,G,Panchina,0,0,
25,13981670,Pisa,Matteo Luppichini,G,Panchina,0,0,
25,13981670,Pisa,Arturo Calabresi,D,Panchina,0,0,
25,13981670,Pisa,Francesco Coppola,D,Panchina,0,0,
25,13981670,Pisa,Lorran,M,Panchina,0,0,
25,13981670,Pisa,Malthe Højholt,M,Panchina,0,0,
25,13981670,Pisa,Calvin Stengs,M,Panchina,0,0,
25,13981670,Pisa,Juan Cuadrado,M,Panchina,0,0,
25,13981670,Pisa,Henrik Wendel Meister,F,Panchina,0,0,
25,13981670,AC Milan,Mike Maignan,G,Titolare,0,0,
25,13981670,AC Milan,Fikayo Tomori,D,Titolare,0,0,
25,13981670,AC Milan,Matteo Gabbia,D,Titolare,0,0,
25,13981670,AC Milan,Strahinja Pavlović,D,Titolare,0,0,
25,13981670,AC Milan,Zachary Athekame,D,Titolare,0,0,
25,13981670,AC Milan,Youssouf Fofana,M,Titolare,0,0,
25,13981670,AC Milan,Luka Modrić,M,Titolare,0,0,
25,13981670,AC Milan,Adrien Rabiot,M,Titolare,0,0,
25,13981670,AC Milan,Davide Bartesaghi,M,Titolare,0,0,
25,13981670,AC Milan,Ruben Loftus-Cheek,M,Titolare,0,0,
25,13981670,AC Milan,Christopher Nkunku,F,Titolare,0,0,
25,13981670,AC Milan,Niclas Füllkrug,F,Panchina,0,0,
25,13981670,AC Milan,Samuele Ricci,M,Panchina,0,0,
25,13981670,AC Milan,Rafael Leão,F,Panchina,0,0,
25,13981670,AC Milan,Christian Pulišić,F,Panchina,0,0,
25,13981670,AC Milan,Koni De Winter,D,Panchina,0,0,
25,13981670,AC Milan,Pietro Terracciano,G,Panchina,0,0,
25,13981670,AC Milan,Matteo Pittarella,G,Panchina,0,0,
25,13981670,AC Milan,David Odogu,D,Panchina,0,0,
25,13981670,AC Milan,Pervis Estupiñán,M,Panchina,0,0,
25,13981670,AC Milan,Ardon Jashari,M,Panchina,0,0,
25,13981671,Inter,Yann Sommer,G,Titolare,0,0,
25,13981671,Inter,Yann Bisseck,D,Titolare,0,0,
25,13981671,Inter,Manuel Akanji,D,Titolare,0,0,
25,13981671,Inter,Alessandro Bastoni,D,Titolare,0,0,
25,13981671,Inter,Luís Henrique,M,Titolare,0,0,
25,13981671,Inter,Nicolò Barella,M,Titolare,0,0,
25,13981671,Inter,Piotr Zieliński,M,Titolare,0,0,
25,13981671,Inter,Petar Sučić,M,Titolare,0,0,
25,13981671,Inter,Federico Dimarco,M,Titolare,0,0,
25,13981671,Inter,Lautaro Martínez,F,Titolare,0,0,
25,13981671,Inter,Marcus Thuram,F,Titolare,0,0,
25,13981671,Inter,Carlos Augusto,D,Panchina,0,0,
25,13981671,Inter,Hakan Çalhanoğlu,M,Panchina,0,0,
25,13981671,Inter,Andy Diouf,M,Panchina,0,0,
25,13981671,Inter,Francesco Pio Esposito,F,Panchina,0,0,
25,13981671,Inter,Ange-Yoan Bonny,F,Panchina,0,0,
25,13981671,Inter,Raffaele Di Gennaro,G,Panchina,0,0,
25,13981671,Inter,Josep Martínez,G,Panchina,0,0,
25,13981671,Inter,Stefan de Vrij,D,Panchina,0,0,
25,13981671,Inter,Matteo Darmian,D,Panchina,0,0,
25,13981671,Inter,Francesco Acerbi,D,Panchina,0,0,
25,13981671,Inter,Davide Frattesi,M,Panchina,0,0,
25,13981671,Inter,Matteo Cocchi,M,Panchina,0,0,
25,13981671,Inter,Henrikh Mkhitaryan,M,Panchina,0,0,
25,13981671,Juventus,Michele Di Gregorio,G,Titolare,0,0,
25,13981671,Juventus,Pierre Kalulu,D,Titolare,0,0,
25,13981671,Juventus,Bremer,D,Titolare,0,0,
25,13981671,Juventus,Lloyd Kelly,D,Titolare,0,0,
25,13981671,Juventus,Andrea Cambiaso,M,Titolare,0,0,
25,13981671,Juventus,Weston McKennie,M,Titolare,0,0,
25,13981671,Juventus,Manuel Locatelli,M,Titolare,0,0,
25,13981671,Juventus,Fabio Miretti,M,Titolare,0,0,
25,13981671,Juventus,Francisco Conceição,F,Titolare,0,0,
25,13981671,Juventus,Jonathan David,F,Titolare,0,0,
25,13981671,Juventus,Kenan Yıldız,F,Titolare,0,0,
25,13981671,Juventus,Emil Holm,D,Panchina,0,0,
25,13981671,Juventus,Juan Cabal,D,Panchina,0,0,
25,13981671,Juventus,Teun Koopmeiners,M,Panchina,0,0,
25,13981671,Juventus,Jérémie Boga,F,Panchina,0,0,
25,13981671,Juventus,Loïs Openda,F,Panchina,0,0,
25,13981671,Juventus,Mattia Perin,G,Panchina,0,0,
25,13981671,Juventus,Carlo Pinsoglio,G,Panchina,0,0,
25,13981671,Juventus,Federico Gatti,D,Panchina,0,0,
25,13981671,Juventus,Vasilije Adžić,M,Panchina,0,0,
25,13981671,Juventus,Filip Kostić,M,Panchina,0,0,
25,13981671,Juventus,Edon Zhegrova,F,Panchina,0,0,
25,13981672,Udinese,Maduka Okoye,G,Titolare,0,0,
25,13981672,Udinese,Nicolò Bertola,D,Titolare,0,0,
25,13981672,Udinese,Oumar Solet,D,Titolare,0,0,
25,13981672,Udinese,Thomas Kristensen,D,Titolare,0,0,
25,13981672,Udinese,Jordan Zemura,M,Titolare,0,0,
25,13981672,Udinese,Jürgen Ekkelenkamp,M,Titolare,0,0,
25,13981672,Udinese,Jesper Karlström,M,Titolare,0,0,
25,13981672,Udinese,Lennon Miller,M,Titolare,0,0,
25,13981672,Udinese,Arthur Atta,M,Titolare,0,0,
25,13981672,Udinese,Nicolò Zaniolo,F,Titolare,0,0,
25,13981672,Udinese,Vakoun Issouf Bayo,F,Titolare,0,0,
25,13981672,Udinese,Oier Zarraga,M,Panchina,0,0,
25,13981672,Udinese,Adam Buksa,F,Panchina,0,0,
25,13981672,Udinese,Juan Arizala,M,Panchina,0,0,
25,13981672,Udinese,Jakub Piotrowski,M,Panchina,0,0,
25,13981672,Udinese,Idrissa Gueye,F,Panchina,0,0,
25,13981672,Udinese,Alessandro Nunziante,G,Panchina,0,0,
25,13981672,Udinese,Daniele Padelli,G,Panchina,0,0,
25,13981672,Udinese,Branimir Mlačić,D,Panchina,0,0,
25,13981672,Udinese,Christian Kabasele,D,Panchina,0,0,
25,13981672,Udinese,Kingsley Ehizibue,M,Panchina,0,0,
25,13981672,Udinese,Abdoulaye Camara,M,Panchina,0,0,
25,13981672,Sassuolo,Arijanet Murić,G,Titolare,0,0,
25,13981672,Sassuolo,Sebastian Walukiewicz,D,Titolare,0,0,
25,13981672,Sassuolo,Jay Idzes,D,Titolare,0,0,
25,13981672,Sassuolo,Tarik Muharemović,D,Titolare,0,0,
25,13981672,Sassuolo,Josh Doig,D,Titolare,0,0,
25,13981672,Sassuolo,Kristian Thorstvedt,M,Titolare,0,0,
25,13981672,Sassuolo,Luca Lipani,M,Titolare,0,0,
25,13981672,Sassuolo,Ismael Koné,M,Titolare,0,0,
25,13981672,Sassuolo,Domenico Berardi,F,Titolare,0,0,
25,13981672,Sassuolo,Andrea Pinamonti,F,Titolare,0,0,
25,13981672,Sassuolo,Armand Laurienté,F,Titolare,0,0,
25,13981672,Sassuolo,Ulisses Garcia,D,Panchina,0,0,
25,13981672,Sassuolo,Woyo Coulibaly,D,Panchina,0,0,
25,13981672,Sassuolo,M'bala Nzola,F,Panchina,0,0,
25,13981672,Sassuolo,Alieu Fadera,F,Panchina,0,0,
25,13981672,Sassuolo,Cristian Volpato,M,Panchina,0,0,
25,13981672,Sassuolo,Giacomo Satalino,G,Panchina,0,0,
25,13981672,Sassuolo,Stefano Turati,G,Panchina,0,0,
25,13981672,Sassuolo,Gioele Zacchi,G,Panchina,0,0,
25,13981672,Sassuolo,Filippo Romagna,D,Panchina,0,0,
25,13981672,Sassuolo,Pedro Felipe,D,Panchina,0,0,
25,13981672,Sassuolo,Darryl Bakola,M,Panchina,0,0,
25,13981672,Sassuolo,Aster Vranckx,M,Panchina,0,0,
25,13981672,Sassuolo,Edoardo Iannoni,M,Panchina,0,0,
25,13981672,Sassuolo,Luca Moro,F,Panchina,0,0,
26,13981673,Atalanta,Marco Carnesecchi,G,Titolare,0,0,
26,13981673,Atalanta,Giorgio Scalvini,D,Titolare,0,0,
26,13981673,Atalanta,Isak Hien,D,Titolare,0,0,
26,13981673,Atalanta,Sead Kolašinac,D,Titolare,0,0,
26,13981673,Atalanta,Raoul Bellanova,M,Titolare,0,0,
26,13981673,Atalanta,Marten de Roon,M,Titolare,0,0,
26,13981673,Atalanta,Mario Pašalić,M,Titolare,0,0,
26,13981673,Atalanta,Davide Zappacosta,M,Titolare,0,0,
26,13981673,Atalanta,Kamaldeen Sulemana,F,Titolare,0,0,
26,13981673,Atalanta,Nicola Zalewski,M,Titolare,0,0,
26,13981673,Atalanta,Nikola Krstović,F,Titolare,0,0,
26,13981673,Atalanta,Lazar Samardžić,M,Panchina,0,0,
26,13981673,Atalanta,Lorenzo Bernasconi,M,Panchina,0,0,
26,13981673,Atalanta,Gianluca Scamacca,F,Panchina,0,0,
26,13981673,Atalanta,Berat Djimsiti,D,Panchina,0,0,
26,13981673,Atalanta,Honest Ahanor,D,Panchina,0,0,
26,13981673,Atalanta,Francesco Rossi,G,Panchina,0,0,
26,13981673,Atalanta,Marco Sportiello,G,Panchina,0,0,
26,13981673,Atalanta,Odilon Kossounou,D,Panchina,0,0,
26,13981673,Atalanta,Mitchel Bakker,D,Panchina,0,0,
26,13981673,Atalanta,Éderson,M,Panchina,0,0,
26,13981673,Atalanta,Yunus Musah,M,Panchina,0,0,
26,13981673,Atalanta,Dominic Vavassori,F,Panchina,0,0,
26,13981673,SSC Napoli,Vanja Milinković-Savić,G,Titolare,0,0,
26,13981673,SSC Napoli,Sam Beukema,D,Titolare,0,0,
26,13981673,SSC Napoli,Juan Jesus,D,Titolare,0,0,
26,13981673,SSC Napoli,Alessandro Buongiorno,D,Titolare,0,0,
26,13981673,SSC Napoli,Pasquale Mazzocchi,M,Titolare,0,0,
26,13981673,SSC Napoli,Eljif Elmas,M,Titolare,0,0,
26,13981673,SSC Napoli,Stanislav Lobotka,M,Titolare,0,0,
26,13981673,SSC Napoli,Miguel Gutiérrez,D,Titolare,0,0,
26,13981673,SSC Napoli,Antonio Vergara,F,Titolare,0,0,
26,13981673,SSC Napoli,Alisson Santos,F,Titolare,0,0,
26,13981673,SSC Napoli,Rasmus Højlund,F,Titolare,0,0,
26,13981673,SSC Napoli,Matteo Politano,M,Panchina,0,0,
26,13981673,SSC Napoli,Leonardo Spinazzola,D,Panchina,0,0,
26,13981673,SSC Napoli,Mathías Olivera,D,Panchina,0,0,
26,13981673,SSC Napoli,Giovane,F,Panchina,0,0,
26,13981673,SSC Napoli,Romelu Lukaku,F,Panchina,0,0,
26,13981673,SSC Napoli,Alex Meret,G,Panchina,0,0,
26,13981673,SSC Napoli,Nikita Contini,G,Panchina,0,0,
26,13981673,SSC Napoli,Billy Gilmour,M,Panchina,0,0,
26,13981673,SSC Napoli,Vincenzo Prisco,M,Panchina,0,0,
26,13981673,SSC Napoli,Emmanuele De Chiara,M,Panchina,0,0,
26,13981674,Cagliari,Elia Caprile,G,Titolare,0,0,
26,13981674,Cagliari,Zé Pedro,D,Titolare,0,0,
26,13981674,Cagliari,Yerry Mina,D,Titolare,0,0,
26,13981674,Cagliari,Alberto Dossena,D,Titolare,0,0,
26,13981674,Cagliari,Adam Obert,D,Titolare,0,0,
26,13981674,Cagliari,Marco Palestra,M,Titolare,0,0,
26,13981674,Cagliari,Michel Adopo,M,Titolare,0,0,
26,13981674,Cagliari,Luca Mazzitelli,M,Titolare,0,0,
26,13981674,Cagliari,Sulemana,M,Titolare,0,0,
26,13981674,Cagliari,Semih Kılıçsoy,F,Titolare,0,0,
26,13981674,Cagliari,Sebastiano Esposito,F,Titolare,0,0,
26,13981674,Cagliari,Riyad Idrissi,D,Panchina,0,0,
26,13981674,Cagliari,Yael Trepy,F,Panchina,0,0,
26,13981674,Cagliari,Gabriele Zappa,D,Panchina,0,0,
26,13981674,Cagliari,Alen Sherri,G,Panchina,0,0,
26,13981674,Cagliari,Giuseppe Ciocci,G,Panchina,0,0,
26,13981674,Cagliari,Juan Rodríguez,D,Panchina,0,0,
26,13981674,Cagliari,Othniël Raterink,D,Panchina,0,0,
26,13981674,Cagliari,Joseph Liteta,M,Panchina,0,0,
26,13981674,Cagliari,Agustín Albarracín,M,Panchina,0,0,
26,13981674,Cagliari,Leonardo Pavoletti,F,Panchina,0,0,
26,13981674,Cagliari,Paul Mendy,F,Panchina,0,0,
26,13981674,Lazio,Ivan Provedel,G,Titolare,0,0,
26,13981674,Lazio,Adam Marušić,D,Titolare,0,0,
26,13981674,Lazio,Alessio Romagnoli,D,Titolare,0,0,
26,13981674,Lazio,Oliver Provstgaard,D,Titolare,0,0,
26,13981674,Lazio,Luca Pellegrini,D,Titolare,0,0,
26,13981674,Lazio,Reda Belahyane,M,Titolare,0,0,
26,13981674,Lazio,Nicolò Rovella,M,Titolare,0,0,
26,13981674,Lazio,Kenneth Taylor,M,Titolare,0,0,
26,13981674,Lazio,Gustav Isaksen,F,Titolare,0,0,
26,13981674,Lazio,Daniel Maldini,F,Titolare,0,0,
26,13981674,Lazio,Mattia Zaccagni,F,Titolare,0,0,
26,13981674,Lazio,Danilo Cataldi,M,Panchina,0,0,
26,13981674,Lazio,Matteo Cancellieri,F,Panchina,0,0,
26,13981674,Lazio,Nuno Tavares,D,Panchina,0,0,
26,13981674,Lazio,Petar Ratkov,F,Panchina,0,0,
26,13981674,Lazio,Tijjani Noslin,F,Panchina,0,0,
26,13981674,Lazio,Alessio Furlanetto,G,Panchina,0,0,
26,13981674,Lazio,Edoardo Motta,G,Panchina,0,0,
26,13981674,Lazio,Elseid Hysaj,D,Panchina,0,0,
26,13981674,Lazio,Patric,D,Panchina,0,0,
26,13981674,Lazio,Fisayo Dele-Bashiru,M,Panchina,0,0,
26,13981674,Lazio,Adrian Przyborek,M,Panchina,0,0,
26,13981674,Lazio,Boulaye Dia,F,Panchina,0,0,
26,13981675,Bologna,Łukasz Skorupski,G,Titolare,0,0,
26,13981675,Bologna,João Mário,D,Titolare,0,0,
26,13981675,Bologna,Martin Vitík,D,Titolare,0,0,
26,13981675,Bologna,Jhon Lucumí,D,Titolare,0,0,
26,13981675,Bologna,Juan Miranda,D,Titolare,0,0,
26,13981675,Bologna,Simon Sohm,M,Titolare,0,0,
26,13981675,Bologna,Remo Freuler,M,Titolare,0,0,
26,13981675,Bologna,Tommaso Pobega,M,Titolare,0,0,
26,13981675,Bologna,Riccardo Orsolini,M,Titolare,0,0,
26,13981675,Bologna,Santiago Castro,F,Titolare,0,0,
26,13981675,Bologna,Jonathan Rowe,F,Titolare,0,0,
26,13981675,Bologna,Nikola Moro,M,Panchina,0,0,
26,13981675,Bologna,Federico Bernardeschi,F,Panchina,0,0,
26,13981675,Bologna,Nicolò Cambiaghi,F,Panchina,0,0,
26,13981675,Bologna,Nadir Zortea,D,Panchina,0,0,
26,13981675,Bologna,Thijs Dallinga,F,Panchina,0,0,
26,13981675,Bologna,Massimo Pessina,G,Panchina,0,0,
26,13981675,Bologna,Federico Ravaglia,G,Panchina,0,0,
26,13981675,Bologna,Lorenzo De Silvestri,D,Panchina,0,0,
26,13981675,Bologna,Nicolò Casale,D,Panchina,0,0,
26,13981675,Bologna,Eivind Helland,D,Panchina,0,0,
26,13981675,Bologna,Lewis Ferguson,M,Panchina,0,0,
26,13981675,Bologna,Jens Odgaard,M,Panchina,0,0,
26,13981675,Udinese,Maduka Okoye,G,Titolare,0,0,
26,13981675,Udinese,Thomas Kristensen,D,Titolare,0,0,
26,13981675,Udinese,Christian Kabasele,D,Titolare,0,0,
26,13981675,Udinese,Oumar Solet,D,Titolare,0,0,
26,13981675,Udinese,Kingsley Ehizibue,M,Titolare,0,0,
26,13981675,Udinese,Jakub Piotrowski,M,Titolare,0,0,
26,13981675,Udinese,Jesper Karlström,M,Titolare,0,0,
26,13981675,Udinese,Arthur Atta,M,Titolare,0,0,
26,13981675,Udinese,Jordan Zemura,M,Titolare,0,0,
26,13981675,Udinese,Nicolò Zaniolo,F,Titolare,0,0,
26,13981675,Udinese,Adam Buksa,F,Titolare,0,0,
26,13981675,Udinese,Nicolò Bertola,D,Panchina,0,0,
26,13981675,Udinese,Jürgen Ekkelenkamp,M,Panchina,0,0,
26,13981675,Udinese,Oier Zarraga,M,Panchina,0,0,
26,13981675,Udinese,Idrissa Gueye,F,Panchina,0,0,
26,13981675,Udinese,Daniele Padelli,G,Panchina,0,0,
26,13981675,Udinese,Alessandro Nunziante,G,Panchina,0,0,
26,13981675,Udinese,Branimir Mlačić,D,Panchina,0,0,
26,13981675,Udinese,Juan Arizala,M,Panchina,0,0,
26,13981675,Udinese,Lennon Miller,M,Panchina,0,0,
26,13981675,Udinese,Abdoulaye Camara,M,Panchina,0,0,
26,13981675,Udinese,Vakoun Issouf Bayo,F,Panchina,0,0,
26,13981676,Genoa,Justin Bijlow,G,Titolare,0,0,
26,13981676,Genoa,Alessandro Marcandalli,D,Titolare,0,0,
26,13981676,Genoa,Leo Østigård,D,Titolare,0,0,
26,13981676,Genoa,Johan Vásquez,D,Titolare,0,0,
26,13981676,Genoa,Mikael Ellertsson,M,Titolare,0,0,
26,13981676,Genoa,Tommaso Baldanzi,M,Titolare,0,0,
26,13981676,Genoa,Morten Frendrup,M,Titolare,0,0,
26,13981676,Genoa,Ruslan Malinovskyi,M,Titolare,0,0,
26,13981676,Genoa,Brooke Norton-Cuffy,D,Titolare,0,0,
26,13981676,Genoa,Lorenzo Colombo,F,Titolare,0,0,
26,13981676,Genoa,Caleb Ekuban,F,Titolare,0,0,
26,13981676,Genoa,Alexsandro Amorim,M,Panchina,0,0,
26,13981676,Genoa,Junior Messias,F,Panchina,0,0,
26,13981676,Genoa,Jeff Ekhator,F,Panchina,0,0,
26,13981676,Genoa,Stefano Sabelli,M,Panchina,0,0,
26,13981676,Genoa,Jean Onana,M,Panchina,0,0,
26,13981676,Genoa,Nicola Leali,G,Panchina,0,0,
26,13981676,Genoa,Daniele Sommariva,G,Panchina,0,0,
26,13981676,Genoa,Nils Zätterström,D,Panchina,0,0,
26,13981676,Genoa,Mamedi Doucoure,D,Panchina,0,0,
26,13981676,Genoa,Patrizio Masini,M,Panchina,0,0,
26,13981676,Genoa,Aarón Martín,M,Panchina,0,0,
26,13981676,Genoa,Vitinha,F,Panchina,0,0,
26,13981676,Genoa,Maxwel Cornet,F,Panchina,0,0,
26,13981676,Torino,Alberto Paleari,G,Titolare,0,0,
26,13981676,Torino,Saúl Coco,D,Titolare,0,0,
26,13981676,Torino,Guillermo Maripán,D,Titolare,0,0,
26,13981676,Torino,Enzo Ebosse,D,Titolare,0,0,
26,13981676,Torino,Valentino Lazaro,M,Titolare,0,0,
26,13981676,Torino,Nikola Vlašić,M,Titolare,0,0,
26,13981676,Torino,Emirhan İlkhan,M,Titolare,0,0,
26,13981676,Torino,Gvidas Gineitis,M,Titolare,0,0,
26,13981676,Torino,Rafael Obrador,M,Titolare,0,0,
26,13981676,Torino,Sandro Kulenović,F,Titolare,0,0,
26,13981676,Torino,Giovanni Simeone,F,Titolare,0,0,
26,13981676,Torino,Ardian Ismajli,D,Panchina,0,0,
26,13981676,Torino,Matteo Prati,M,Panchina,0,0,
26,13981676,Torino,Duván Zapata,F,Panchina,0,0,
26,13981676,Torino,Alieu Njie,F,Panchina,0,0,
26,13981676,Torino,Marcus Pedersen,M,Panchina,0,0,
26,13981676,Torino,Franco Israel,G,Panchina,0,0,
26,13981676,Torino,Lapo Siviero,G,Panchina,0,0,
26,13981676,Torino,Niels Nkounkou,D,Panchina,0,0,
26,13981676,Torino,Cristiano Biraghi,D,Panchina,0,0,
26,13981676,Torino,Adrien Tameze,D,Panchina,0,0,
26,13981676,Torino,Luca Marianucci,D,Panchina,0,0,
26,13981676,Torino,Tino Anjorin,M,Panchina,0,0,
26,13981676,Torino,Ivan Ilić,M,Panchina,0,0,
26,13981676,Torino,Cesare Casadei,M,Panchina,0,0,
26,13981677,Fiorentina,David De Gea,G,Titolare,0,0,
26,13981677,Fiorentina,Dodô,M,Titolare,0,0,
26,13981677,Fiorentina,Marin Pongračić,D,Titolare,0,0,
26,13981677,Fiorentina,Luca Ranieri,D,Titolare,0,0,
26,13981677,Fiorentina,Fabiano Parisi,D,Titolare,0,0,
26,13981677,Fiorentina,Cher Ndour,M,Titolare,0,0,
26,13981677,Fiorentina,Nicolò Fagioli,M,Titolare,0,0,
26,13981677,Fiorentina,Marco Brescianini,M,Titolare,0,0,
26,13981677,Fiorentina,Jack Harrison,F,Titolare,0,0,
26,13981677,Fiorentina,Moise Kean,F,Titolare,0,0,
26,13981677,Fiorentina,Manor Solomon,F,Titolare,0,0,
26,13981677,Fiorentina,Pietro Comuzzo,D,Panchina,0,0,
26,13981677,Fiorentina,Jacopo Fazzini,F,Panchina,0,0,
26,13981677,Fiorentina,Roberto Piccoli,F,Panchina,0,0,
26,13981677,Fiorentina,Giovanni Fabbian,M,Panchina,0,0,
26,13981677,Fiorentina,Oliver Christensen,G,Panchina,0,0,
26,13981677,Fiorentina,Luca Lezzerini,G,Panchina,0,0,
26,13981677,Fiorentina,Eddy Kouadio,D,Panchina,0,0,
26,13981677,Fiorentina,Luís Balbo,D,Panchina,0,0,
26,13981677,Fiorentina,Niccolò Fortini,D,Panchina,0,0,
26,13981677,Fiorentina,Daniele Rugani,D,Panchina,0,0,
26,13981677,Fiorentina,Robin Gosens,D,Panchina,0,0,
26,13981677,Fiorentina,Piergiorgio Bonanno,M,Panchina,0,0,
26,13981677,Fiorentina,Albert Guðmundsson,F,Panchina,0,0,
26,13981677,Pisa,Nícolas,G,Titolare,0,0,
26,13981677,Pisa,Simone Canestrelli,D,Titolare,0,0,
26,13981677,Pisa,Antonio Caracciolo,D,Titolare,0,0,
26,13981677,Pisa,Rosen Bozhinov,D,Titolare,0,0,
26,13981677,Pisa,Idrissa Touré,M,Titolare,0,0,
26,13981677,Pisa,Felipe Loyola,M,Titolare,0,0,
26,13981677,Pisa,Marius Marin,M,Titolare,0,0,
26,13981677,Pisa,Samuele Angori,M,Titolare,0,0,
26,13981677,Pisa,Stefano Moreo,F,Titolare,0,0,
26,13981677,Pisa,Samuel Iling Junior,M,Titolare,0,0,
26,13981677,Pisa,Filip Stojilković,F,Titolare,0,0,
26,13981677,Pisa,Michel Aebischer,M,Panchina,0,0,
26,13981677,Pisa,Henrik Wendel Meister,F,Panchina,0,0,
26,13981677,Pisa,Rafiu Durosinmi,F,Panchina,0,0,
26,13981677,Pisa,Juan Cuadrado,M,Panchina,0,0,
26,13981677,Pisa,Gabriele Piccinini,M,Panchina,0,0,
26,13981677,Pisa,Adrian Šemper,G,Panchina,0,0,
26,13981677,Pisa,Tommaso Guizzo,G,Panchina,0,0,
26,13981677,Pisa,Francesco Coppola,D,Panchina,0,0,
26,13981677,Pisa,Raúl Albiol,D,Panchina,0,0,
26,13981677,Pisa,Arturo Calabresi,D,Panchina,0,0,
26,13981677,Pisa,Malthe Højholt,M,Panchina,0,0,
26,13981677,Pisa,Lorran,M,Panchina,0,0,
26,13981677,Pisa,Mehdi Léris,M,Panchina,0,0,
26,13981677,Pisa,Ebenezer Akinsanmiro,M,Panchina,0,0,
26,13981677,Pisa,Matteo Tramoni,F,Panchina,0,0,
26,13981678,Juventus,Michele Di Gregorio,G,Titolare,0,0,
26,13981678,Juventus,Federico Gatti,D,Titolare,0,0,
26,13981678,Juventus,Lloyd Kelly,D,Titolare,0,0,
26,13981678,Juventus,Teun Koopmeiners,M,Titolare,0,0,
26,13981678,Juventus,Weston McKennie,M,Titolare,0,0,
26,13981678,Juventus,Manuel Locatelli,M,Titolare,0,0,
26,13981678,Juventus,Khéphren Thuram,M,Titolare,0,0,
26,13981678,Juventus,Andrea Cambiaso,M,Titolare,0,0,
26,13981678,Juventus,Fabio Miretti,M,Titolare,0,0,
26,13981678,Juventus,Kenan Yıldız,F,Titolare,0,0,
26,13981678,Juventus,Loïs Openda,F,Titolare,0,0,
26,13981678,Juventus,Francisco Conceição,F,Panchina,0,0,
26,13981678,Juventus,Jonathan David,F,Panchina,0,0,
26,13981678,Juventus,Jérémie Boga,F,Panchina,0,0,
26,13981678,Juventus,Vasilije Adžić,M,Panchina,0,0,
26,13981678,Juventus,Filip Kostić,M,Panchina,0,0,
26,13981678,Juventus,Mattia Perin,G,Panchina,0,0,
26,13981678,Juventus,Carlo Pinsoglio,G,Panchina,0,0,
26,13981678,Juventus,Niccolò Rizzo,D,Panchina,0,0,
26,13981678,Juventus,Juan Cabal,D,Panchina,0,0,
26,13981678,Juventus,Edon Zhegrova,F,Panchina,0,0,
26,13981678,Como,Jean Butez,G,Titolare,0,0,
26,13981678,Como,Ivan Smolčić,D,Titolare,0,0,
26,13981678,Como,Jacobo Ramón,D,Titolare,0,0,
26,13981678,Como,Marc Kempf,D,Titolare,0,0,
26,13981678,Como,Álex Valle,D,Titolare,0,0,
26,13981678,Como,Máximo Perrone,M,Titolare,0,0,
26,13981678,Como,Lucas Da Cunha,M,Titolare,0,0,
26,13981678,Como,Mërgim Vojvoda,D,Titolare,0,0,
26,13981678,Como,Maxence Caqueret,M,Titolare,0,0,
26,13981678,Como,Martin Baturina,M,Titolare,0,0,
26,13981678,Como,Anastasios Douvikas,F,Titolare,0,0,
26,13981678,Como,Sergi Roberto,M,Panchina,0,0,
26,13981678,Como,Diego Carlos,D,Panchina,0,0,
26,13981678,Como,Ignace Van der Brempt,D,Panchina,0,0,
26,13981678,Como,Alberto Moreno,D,Panchina,0,0,
26,13981678,Como,Álvaro Morata,F,Panchina,0,0,
26,13981678,Como,Mauro Vigorito,G,Panchina,0,0,
26,13981678,Como,Noel Törnqvist,G,Panchina,0,0,
26,13981678,Como,Nikola Čavlina,G,Panchina,0,0,
26,13981678,Como,Adrian Lahdo,M,Panchina,0,0,
26,13981678,Como,Jayden Addai,M,Panchina,0,0,
26,13981678,Como,Jesús Rodriguez,M,Panchina,0,0,
26,13981678,Como,Nicolas-Gerrit Kühn,F,Panchina,0,0,
26,13981679,Lecce,Wladimiro Falcone,G,Titolare,0,0,
26,13981679,Lecce,Danilo Veiga,D,Titolare,0,0,
26,13981679,Lecce,Kialonda Gaspar,D,Titolare,0,0,
26,13981679,Lecce,Tiago Gabriel,D,Titolare,0,0,
26,13981679,Lecce,Antonino Gallo,D,Titolare,0,0,
26,13981679,Lecce,Omri Gandelman,M,Titolare,0,0,
26,13981679,Lecce,Ylber Ramadani,M,Titolare,0,0,
26,13981679,Lecce,Lassana Coulibaly,M,Titolare,0,0,
26,13981679,Lecce,Santiago Pierotti,F,Titolare,0,0,
26,13981679,Lecce,Walid Cheddira,F,Titolare,0,0,
26,13981679,Lecce,Riccardo Sottil,F,Titolare,0,0,
26,13981679,Lecce,Jamil Siebert,D,Panchina,0,0,
26,13981679,Lecce,Lameck Banda,M,Panchina,0,0,
26,13981679,Lecce,Oumar Ngom,M,Panchina,0,0,
26,13981679,Lecce,N'Dri Konan,F,Panchina,0,0,
26,13981679,Lecce,Nikola Štulić,F,Panchina,0,0,
26,13981679,Lecce,Christian Früchtl,G,Panchina,0,0,
26,13981679,Lecce,Jasper Samooja,G,Panchina,0,0,
26,13981679,Lecce,Matías Pérez,D,Panchina,0,0,
26,13981679,Lecce,Corrie Ndaba,D,Panchina,0,0,
26,13981679,Lecce,Gaby Jean,D,Panchina,0,0,
26,13981679,Lecce,Þórir Jóhann Helgason,M,Panchina,0,0,
26,13981679,Lecce,Sadik Fofana,M,Panchina,0,0,
26,13981679,Lecce,Alex Sala,M,Panchina,0,0,
26,13981679,Lecce,Filip Marchwiński,M,Panchina,0,0,
26,13981679,Inter,Yann Sommer,G,Titolare,0,0,
26,13981679,Inter,Yann Bisseck,D,Titolare,0,0,
26,13981679,Inter,Stefan de Vrij,D,Titolare,0,0,
26,13981679,Inter,Alessandro Bastoni,D,Titolare,0,0,
26,13981679,Inter,Luís Henrique,M,Titolare,0,0,
26,13981679,Inter,Davide Frattesi,M,Titolare,0,0,
26,13981679,Inter,Piotr Zieliński,M,Titolare,0,0,
26,13981679,Inter,Petar Sučić,M,Titolare,0,0,
26,13981679,Inter,Federico Dimarco,M,Titolare,0,0,
26,13981679,Inter,Marcus Thuram,F,Titolare,0,0,
26,13981679,Inter,Francesco Pio Esposito,F,Titolare,0,0,
26,13981679,Inter,Manuel Akanji,D,Panchina,0,0,
26,13981679,Inter,Henrikh Mkhitaryan,M,Panchina,0,0,
26,13981679,Inter,Andy Diouf,M,Panchina,0,0,
26,13981679,Inter,Ange-Yoan Bonny,F,Panchina,0,0,
26,13981679,Inter,Carlos Augusto,D,Panchina,0,0,
26,13981679,Inter,Raffaele Di Gennaro,G,Panchina,0,0,
26,13981679,Inter,Josep Martínez,G,Panchina,0,0,
26,13981679,Inter,Francesco Acerbi,D,Panchina,0,0,
26,13981679,Inter,Matteo Darmian,D,Panchina,0,0,
26,13981679,Inter,Matteo Cocchi,M,Panchina,0,0,
26,13981679,Inter,Iwo Kaczmarski,M,Panchina,0,0,
26,13981679,Inter,Luka Topalović,M,Panchina,0,0,
26,13981680,AC Milan,Mike Maignan,G,Titolare,0,0,
26,13981680,AC Milan,Fikayo Tomori,D,Titolare,0,0,
26,13981680,AC Milan,Koni De Winter,D,Titolare,0,0,
26,13981680,AC Milan,Davide Bartesaghi,M,Titolare,0,0,
26,13981680,AC Milan,Alexis Saelemaekers,M,Titolare,0,0,
26,13981680,AC Milan,Ruben Loftus-Cheek,M,Titolare,0,0,
26,13981680,AC Milan,Luka Modrić,M,Titolare,0,0,
26,13981680,AC Milan,Adrien Rabiot,M,Titolare,0,0,
26,13981680,AC Milan,Pervis Estupiñán,M,Titolare,0,0,
26,13981680,AC Milan,Rafael Leão,F,Titolare,0,0,
26,13981680,AC Milan,Christian Pulišić,F,Titolare,0,0,
26,13981680,AC Milan,Ardon Jashari,M,Panchina,0,0,
26,13981680,AC Milan,Strahinja Pavlović,D,Panchina,0,0,
26,13981680,AC Milan,Niclas Füllkrug,F,Panchina,0,0,
26,13981680,AC Milan,Zachary Athekame,D,Panchina,0,0,
26,13981680,AC Milan,Christopher Nkunku,F,Panchina,0,0,
26,13981680,AC Milan,Pietro Terracciano,G,Panchina,0,0,
26,13981680,AC Milan,Matteo Pittarella,G,Panchina,0,0,
26,13981680,AC Milan,Matteo Gabbia,D,Panchina,0,0,
26,13981680,AC Milan,David Odogu,D,Panchina,0,0,
26,13981680,AC Milan,Samuele Ricci,M,Panchina,0,0,
26,13981680,AC Milan,Youssouf Fofana,M,Panchina,0,0,
26,13981680,Parma,Edoardo Corvi,G,Titolare,0,0,
26,13981680,Parma,Enrico Delprato,D,Titolare,0,0,
26,13981680,Parma,Mariano Troilo,D,Titolare,0,0,
26,13981680,Parma,Lautaro Valenti,D,Titolare,0,0,
26,13981680,Parma,Sascha Britschgi,D,Titolare,0,0,
26,13981680,Parma,Adrián Bernabé,M,Titolare,0,0,
26,13981680,Parma,Mandela Keita,M,Titolare,0,0,
26,13981680,Parma,Christian Ordoñez,M,Titolare,0,0,
26,13981680,Parma,Emanuele Valeri,M,Titolare,0,0,
26,13981680,Parma,Mateo Pellegrino,F,Titolare,0,0,
26,13981680,Parma,Gabriel Strefezza,F,Titolare,0,0,
26,13981680,Parma,Hans Nicolussi Caviglia,M,Panchina,0,0,
26,13981680,Parma,Oliver Sørensen,M,Panchina,0,0,
26,13981680,Parma,Jacob Ondrejka,F,Panchina,0,0,
26,13981680,Parma,Nahuel Estévez,M,Panchina,0,0,
26,13981680,Parma,Filippo Rinaldi,G,Panchina,0,0,
26,13981680,Parma,Gabriele Casentini,G,Panchina,0,0,
26,13981680,Parma,Dominik Drobnic ,D,Panchina,0,0,
26,13981680,Parma,Marlon Mena,D,Panchina,0,0,
26,13981680,Parma,Benjamin Cremaschi,M,Panchina,0,0,
26,13981680,Parma,Franco Carboni,M,Panchina,0,0,
26,13981680,Parma,Gaetano Oristanio,M,Panchina,0,0,
26,13981680,Parma,Nesta Elphege,F,Panchina,0,0,
26,13981681,Sassuolo,Arijanet Murić,G,Titolare,0,0,
26,13981681,Sassuolo,Woyo Coulibaly,D,Titolare,0,0,
26,13981681,Sassuolo,Sebastian Walukiewicz,D,Titolare,0,0,
26,13981681,Sassuolo,Jay Idzes,D,Titolare,0,0,
26,13981681,Sassuolo,Ulisses Garcia,D,Titolare,0,0,
26,13981681,Sassuolo,Kristian Thorstvedt,M,Titolare,0,0,
26,13981681,Sassuolo,Luca Lipani,M,Titolare,0,0,
26,13981681,Sassuolo,Ismael Koné,M,Titolare,0,0,
26,13981681,Sassuolo,Domenico Berardi,F,Titolare,0,0,
26,13981681,Sassuolo,Andrea Pinamonti,F,Titolare,0,0,
26,13981681,Sassuolo,Armand Laurienté,F,Titolare,0,0,
26,13981681,Sassuolo,Filippo Romagna,D,Panchina,0,0,
26,13981681,Sassuolo,M'bala Nzola,F,Panchina,0,0,
26,13981681,Sassuolo,Edoardo Iannoni,M,Panchina,0,0,
26,13981681,Sassuolo,Alieu Fadera,F,Panchina,0,0,
26,13981681,Sassuolo,Pedro Felipe,D,Panchina,0,0,
26,13981681,Sassuolo,Stefano Turati,G,Panchina,0,0,
26,13981681,Sassuolo,Giacomo Satalino,G,Panchina,0,0,
26,13981681,Sassuolo,Gioele Zacchi,G,Panchina,0,0,
26,13981681,Sassuolo,Josh Doig,D,Panchina,0,0,
26,13981681,Sassuolo,Aster Vranckx,M,Panchina,0,0,
26,13981681,Sassuolo,Darryl Bakola,M,Panchina,0,0,
26,13981681,Sassuolo,Cristian Volpato,M,Panchina,0,0,
26,13981681,Sassuolo,Luca Moro,F,Panchina,0,0,
26,13981681,Hellas Verona,Lorenzo Montipò,G,Titolare,0,0,
26,13981681,Hellas Verona,Andrias Edmundsson,D,Titolare,0,0,
26,13981681,Hellas Verona,Victor Nelsson,D,Titolare,0,0,
26,13981681,Hellas Verona,Armel Bella-Kotchap,D,Titolare,0,0,
26,13981681,Hellas Verona,Domagoj Bradarić,M,Titolare,0,0,
26,13981681,Hellas Verona,Cheikh Niasse,M,Titolare,0,0,
26,13981681,Hellas Verona,Moatasem Al-Musrati,M,Titolare,0,0,
26,13981681,Hellas Verona,Abdou Harroui,M,Titolare,0,0,
26,13981681,Hellas Verona,Martin Frese,D,Titolare,0,0,
26,13981681,Hellas Verona,Kieron Bowie,F,Titolare,0,0,
26,13981681,Hellas Verona,Amin Sarr,F,Titolare,0,0,
26,13981681,Hellas Verona,Daniel Oyegoke,M,Panchina,0,0,
26,13981681,Hellas Verona,Daniel Mosquera,F,Panchina,0,0,
26,13981681,Hellas Verona,Tomáš Suslov,F,Panchina,0,0,
26,13981681,Hellas Verona,Ioan Vermesan,F,Panchina,0,0,
26,13981681,Hellas Verona,Simone Perilli,G,Panchina,0,0,
26,13981681,Hellas Verona,Giacomo Toniolo,G,Panchina,0,0,
26,13981681,Hellas Verona,Tobias Slotsager,D,Panchina,0,0,
26,13981681,Hellas Verona,Fallou Cham,D,Panchina,0,0,
26,13981681,Hellas Verona,Luca Monticelli,M,Panchina,0,0,
26,13981681,Hellas Verona,Luca Szimionas,M,Panchina,0,0,
26,13981681,Hellas Verona,Davide De Battisti,M,Panchina,0,0,
26,13981681,Hellas Verona,Jurgen Peci,M,Panchina,0,0,
26,13981681,Hellas Verona,Isaac,F,Panchina,0,0,
26,13981682,AS Roma,Mile Svilar,G,Titolare,0,0,
26,13981682,AS Roma,Gianluca Mancini,D,Titolare,0,0,
26,13981682,AS Roma,Evan Ndicka,D,Titolare,0,0,
26,13981682,AS Roma,Daniele Ghilardi,D,Titolare,0,0,
26,13981682,AS Roma,Zeki Çelik,D,Titolare,0,0,
26,13981682,AS Roma,Manu Koné,M,Titolare,0,0,
26,13981682,AS Roma,Bryan Cristante,M,Titolare,0,0,
26,13981682,AS Roma,Wesley,M,Titolare,0,0,
26,13981682,AS Roma,Bryan Zaragoza,F,Titolare,0,0,
26,13981682,AS Roma,Lorenzo Pellegrini,F,Titolare,0,0,
26,13981682,AS Roma,Donyell Malen,F,Titolare,0,0,
26,13981682,AS Roma,Neil El Aynaoui,M,Panchina,0,0,
26,13981682,AS Roma,Lorenzo Venturino,F,Panchina,0,0,
26,13981682,AS Roma,Niccolò Pisilli,M,Panchina,0,0,
26,13981682,AS Roma,Jan Ziółkowski,D,Panchina,0,0,
26,13981682,AS Roma,Giorgio De Marzi,G,Panchina,0,0,
26,13981682,AS Roma,Pierluigi Gollini,G,Panchina,0,0,
26,13981682,AS Roma,Kostas Tsimikas,D,Panchina,0,0,
26,13981682,AS Roma,Angeliño,M,Panchina,0,0,
26,13981682,AS Roma,Devyne Rensch,M,Panchina,0,0,
26,13981682,AS Roma,Antonio Arena,F,Panchina,0,0,
26,13981682,AS Roma,Robinio Vaz,F,Panchina,0,0,
26,13981682,Cremonese,Emil Audero,G,Titolare,0,0,
26,13981682,Cremonese,Filippo Terracciano,D,Titolare,0,0,
26,13981682,Cremonese,Francesco Folino,D,Titolare,0,0,
26,13981682,Cremonese,Sebastiano Luperto,D,Titolare,0,0,
26,13981682,Cremonese,Alessio Zerbin,M,Titolare,0,0,
26,13981682,Cremonese,Morten Thorsby,M,Titolare,0,0,
26,13981682,Cremonese,Youssef Maleh,M,Titolare,0,0,
26,13981682,Cremonese,Martín Payero,M,Titolare,0,0,
26,13981682,Cremonese,Giuseppe Pezzella,M,Titolare,0,0,
26,13981682,Cremonese,Federico Bonazzoli,F,Titolare,0,0,
26,13981682,Cremonese,Antonio Sanabria,F,Titolare,0,0,
26,13981682,Cremonese,Warren Bondo,M,Panchina,0,0,
26,13981682,Cremonese,Jamie Vardy,F,Panchina,0,0,
26,13981682,Cremonese,Mikayil Faye,D,Panchina,0,0,
26,13981682,Cremonese,Milan Đurić,F,Panchina,0,0,
26,13981682,Cremonese,Lapo Nava,G,Panchina,0,0,
26,13981682,Cremonese,Marco Silvestri,G,Panchina,0,0,
26,13981682,Cremonese,Davide Pavesi,D,Panchina,0,0,
26,13981682,Cremonese,Matteo Bianchetti,D,Panchina,0,0,
26,13981682,Cremonese,Federico Ceccherini,D,Panchina,0,0,
26,13981682,Cremonese,Tommaso Barbieri,M,Panchina,0,0,
26,13981682,Cremonese,Jari Vandeputte,M,Panchina,0,0,
26,13981682,Cremonese,Alberto Grassi,M,Panchina,0,0,
27,13981683,Como,Jean Butez,G,Titolare,0,0,
27,13981683,Como,Ignace Van der Brempt,D,Titolare,0,0,
27,13981683,Como,Jacobo Ramón,D,Titolare,0,0,
27,13981683,Como,Marc Kempf,D,Titolare,0,0,
27,13981683,Como,Alberto Moreno,D,Titolare,0,0,
27,13981683,Como,Máximo Perrone,M,Titolare,0,0,
27,13981683,Como,Lucas Da Cunha,M,Titolare,0,0,
27,13981683,Como,Mërgim Vojvoda,D,Titolare,0,0,
27,13981683,Como,Maxence Caqueret,M,Titolare,0,0,
27,13981683,Como,Jesús Rodriguez,M,Titolare,0,0,
27,13981683,Como,Anastasios Douvikas,F,Titolare,0,0,
27,13981683,Como,Diego Carlos,D,Panchina,0,0,
27,13981683,Como,Sergi Roberto,M,Panchina,0,0,
27,13981683,Como,Nico Paz,M,Panchina,0,0,
27,13981683,Como,Álvaro Morata,F,Panchina,0,0,
27,13981683,Como,Assane Diao,M,Panchina,0,0,
27,13981683,Como,Nikola Čavlina,G,Panchina,0,0,
27,13981683,Como,Mauro Vigorito,G,Panchina,0,0,
27,13981683,Como,Noel Törnqvist,G,Panchina,0,0,
27,13981683,Como,Edoardo Goldaniga,D,Panchina,0,0,
27,13981683,Como,Ivan Smolčić,D,Panchina,0,0,
27,13981683,Como,Álex Valle,D,Panchina,0,0,
27,13981683,Como,Adrian Lahdo,M,Panchina,0,0,
27,13981683,Como,Nicolas-Gerrit Kühn,F,Panchina,0,0,
27,13981683,Lecce,Wladimiro Falcone,G,Titolare,0,0,
27,13981683,Lecce,Jamil Siebert,D,Titolare,0,0,
27,13981683,Lecce,Tiago Gabriel,D,Titolare,0,0,
27,13981683,Lecce,Corrie Ndaba,D,Titolare,0,0,
27,13981683,Lecce,Danilo Veiga,D,Titolare,0,0,
27,13981683,Lecce,Ylber Ramadani,M,Titolare,0,0,
27,13981683,Lecce,Lassana Coulibaly,M,Titolare,0,0,
27,13981683,Lecce,Lameck Banda,M,Titolare,0,0,
27,13981683,Lecce,Antonino Gallo,D,Titolare,0,0,
27,13981683,Lecce,Omri Gandelman,M,Titolare,0,0,
27,13981683,Lecce,Walid Cheddira,F,Titolare,0,0,
27,13981683,Lecce,Santiago Pierotti,F,Panchina,0,0,
27,13981683,Lecce,Oumar Ngom,M,Panchina,0,0,
27,13981683,Lecce,Nikola Štulić,F,Panchina,0,0,
27,13981683,Lecce,Riccardo Sottil,F,Panchina,0,0,
27,13981683,Lecce,Gaby Jean,D,Panchina,0,0,
27,13981683,Lecce,Jasper Samooja,G,Panchina,0,0,
27,13981683,Lecce,Christian Früchtl,G,Panchina,0,0,
27,13981683,Lecce,Matías Pérez,D,Panchina,0,0,
27,13981683,Lecce,Filip Marchwiński,M,Panchina,0,0,
27,13981683,Lecce,Sadik Fofana,M,Panchina,0,0,
27,13981683,Lecce,Þórir Jóhann Helgason,M,Panchina,0,0,
27,13981683,Lecce,Alex Sala,M,Panchina,0,0,
27,13981683,Lecce,N'Dri Konan,F,Panchina,0,0,
27,13981684,Inter,Yann Sommer,G,Titolare,0,0,
27,13981684,Inter,Manuel Akanji,D,Titolare,0,0,
27,13981684,Inter,Stefan de Vrij,D,Titolare,0,0,
27,13981684,Inter,Carlos Augusto,D,Titolare,0,0,
27,13981684,Inter,Luís Henrique,M,Titolare,0,0,
27,13981684,Inter,Nicolò Barella,M,Titolare,0,0,
27,13981684,Inter,Piotr Zieliński,M,Titolare,0,0,
27,13981684,Inter,Henrikh Mkhitaryan,M,Titolare,0,0,
27,13981684,Inter,Federico Dimarco,M,Titolare,0,0,
27,13981684,Inter,Ange-Yoan Bonny,F,Titolare,0,0,
27,13981684,Inter,Marcus Thuram,F,Titolare,0,0,
27,13981684,Inter,Hakan Çalhanoğlu,M,Panchina,0,0,
27,13981684,Inter,Francesco Pio Esposito,F,Panchina,0,0,
27,13981684,Inter,Yann Bisseck,D,Panchina,0,0,
27,13981684,Inter,Davide Frattesi,M,Panchina,0,0,
27,13981684,Inter,Andy Diouf,M,Panchina,0,0,
27,13981684,Inter,Raffaele Di Gennaro,G,Panchina,0,0,
27,13981684,Inter,Josep Martínez,G,Panchina,0,0,
27,13981684,Inter,Francesco Acerbi,D,Panchina,0,0,
27,13981684,Inter,Matteo Darmian,D,Panchina,0,0,
27,13981684,Inter,Petar Sučić,M,Panchina,0,0,
27,13981684,Inter,Denzel Dumfries,M,Panchina,0,0,
27,13981684,Inter,Matteo Lavelli,F,Panchina,0,0,
27,13981684,Genoa,Justin Bijlow,G,Titolare,0,0,
27,13981684,Genoa,Alessandro Marcandalli,D,Titolare,0,0,
27,13981684,Genoa,Leo Østigård,D,Titolare,0,0,
27,13981684,Genoa,Johan Vásquez,D,Titolare,0,0,
27,13981684,Genoa,Mikael Ellertsson,M,Titolare,0,0,
27,13981684,Genoa,Morten Frendrup,M,Titolare,0,0,
27,13981684,Genoa,Ruslan Malinovskyi,M,Titolare,0,0,
27,13981684,Genoa,Aarón Martín,M,Titolare,0,0,
27,13981684,Genoa,Tommaso Baldanzi,M,Titolare,0,0,
27,13981684,Genoa,Vitinha,F,Titolare,0,0,
27,13981684,Genoa,Lorenzo Colombo,F,Titolare,0,0,
27,13981684,Genoa,Alexsandro Amorim,M,Panchina,0,0,
27,13981684,Genoa,Caleb Ekuban,F,Panchina,0,0,
27,13981684,Genoa,Jeff Ekhator,F,Panchina,0,0,
27,13981684,Genoa,Junior Messias,F,Panchina,0,0,
27,13981684,Genoa,Stefano Sabelli,M,Panchina,0,0,
27,13981684,Genoa,Daniele Sommariva,G,Panchina,0,0,
27,13981684,Genoa,Nicola Leali,G,Panchina,0,0,
27,13981684,Genoa,Benjamin Siegrist,G,Panchina,0,0,
27,13981684,Genoa,Mamedi Doucoure,D,Panchina,0,0,
27,13981684,Genoa,Nils Zätterström,D,Panchina,0,0,
27,13981684,Genoa,Patrizio Masini,M,Panchina,0,0,
27,13981684,Genoa,Jean Onana,M,Panchina,0,0,
27,13981684,Genoa,Maxwel Cornet,F,Panchina,0,0,
27,13981685,Cremonese,Emil Audero,G,Titolare,0,0,
27,13981685,Cremonese,Matteo Bianchetti,D,Titolare,0,0,
27,13981685,Cremonese,Francesco Folino,D,Titolare,0,0,
27,13981685,Cremonese,Sebastiano Luperto,D,Titolare,0,0,
27,13981685,Cremonese,Alessio Zerbin,M,Titolare,0,0,
27,13981685,Cremonese,Morten Thorsby,M,Titolare,0,0,
27,13981685,Cremonese,Jari Vandeputte,M,Titolare,0,0,
27,13981685,Cremonese,Youssef Maleh,M,Titolare,0,0,
27,13981685,Cremonese,Giuseppe Pezzella,M,Titolare,0,0,
27,13981685,Cremonese,Federico Bonazzoli,F,Titolare,0,0,
27,13981685,Cremonese,Jamie Vardy,F,Titolare,0,0,
27,13981685,Cremonese,Filippo Terracciano,D,Panchina,0,0,
27,13981685,Cremonese,Tommaso Barbieri,M,Panchina,0,0,
27,13981685,Cremonese,Milan Đurić,F,Panchina,0,0,
27,13981685,Cremonese,Alberto Grassi,M,Panchina,0,0,
27,13981685,Cremonese,Marco Silvestri,G,Panchina,0,0,
27,13981685,Cremonese,Lapo Nava,G,Panchina,0,0,
27,13981685,Cremonese,Federico Ceccherini,D,Panchina,0,0,
27,13981685,Cremonese,Mikayil Faye,D,Panchina,0,0,
27,13981685,Cremonese,Warren Bondo,M,Panchina,0,0,
27,13981685,Cremonese,Romano Floriani Mussolini,M,Panchina,0,0,
27,13981685,Cremonese,Martín Payero,M,Panchina,0,0,
27,13981685,Cremonese,Antonio Sanabria,F,Panchina,0,0,
27,13981685,AC Milan,Mike Maignan,G,Titolare,0,0,
27,13981685,AC Milan,Fikayo Tomori,D,Titolare,0,0,
27,13981685,AC Milan,Koni De Winter,D,Titolare,0,0,
27,13981685,AC Milan,Strahinja Pavlović,D,Titolare,0,0,
27,13981685,AC Milan,Alexis Saelemaekers,M,Titolare,0,0,
27,13981685,AC Milan,Youssouf Fofana,M,Titolare,0,0,
27,13981685,AC Milan,Luka Modrić,M,Titolare,0,0,
27,13981685,AC Milan,Adrien Rabiot,M,Titolare,0,0,
27,13981685,AC Milan,Davide Bartesaghi,M,Titolare,0,0,
27,13981685,AC Milan,Christian Pulišić,F,Titolare,0,0,
27,13981685,AC Milan,Rafael Leão,F,Titolare,0,0,
27,13981685,AC Milan,Samuele Ricci,M,Panchina,0,0,
27,13981685,AC Milan,Niclas Füllkrug,F,Panchina,0,0,
27,13981685,AC Milan,Zachary Athekame,D,Panchina,0,0,
27,13981685,AC Milan,Christopher Nkunku,F,Panchina,0,0,
27,13981685,AC Milan,Pervis Estupiñán,M,Panchina,0,0,
27,13981685,AC Milan,Pietro Terracciano,G,Panchina,0,0,
27,13981685,AC Milan,Matteo Pittarella,G,Panchina,0,0,
27,13981685,AC Milan,David Odogu,D,Panchina,0,0,
27,13981685,AC Milan,Ardon Jashari,M,Panchina,0,0,
27,13981686,Pisa,Nícolas,G,Titolare,0,0,
27,13981686,Pisa,Arturo Calabresi,D,Titolare,0,0,
27,13981686,Pisa,Antonio Caracciolo,D,Titolare,0,0,
27,13981686,Pisa,Francesco Coppola,D,Titolare,0,0,
27,13981686,Pisa,Mehdi Léris,M,Titolare,0,0,
27,13981686,Pisa,Malthe Højholt,M,Titolare,0,0,
27,13981686,Pisa,Marius Marin,M,Titolare,0,0,
27,13981686,Pisa,Michel Aebischer,M,Titolare,0,0,
27,13981686,Pisa,Samuele Angori,M,Titolare,0,0,
27,13981686,Pisa,Stefano Moreo,F,Titolare,0,0,
27,13981686,Pisa,Rafiu Durosinmi,F,Titolare,0,0,
27,13981686,Pisa,Juan Cuadrado,M,Panchina,0,0,
27,13981686,Pisa,Filip Stojilković,F,Panchina,0,0,
27,13981686,Pisa,Simone Canestrelli,D,Panchina,0,0,
27,13981686,Pisa,Gabriele Piccinini,M,Panchina,0,0,
27,13981686,Pisa,Samuel Iling Junior,M,Panchina,0,0,
27,13981686,Pisa,Matteo Luppichini,G,Panchina,0,0,
27,13981686,Pisa,Adrian Šemper,G,Panchina,0,0,
27,13981686,Pisa,Raúl Albiol,D,Panchina,0,0,
27,13981686,Pisa,Rosen Bozhinov,D,Panchina,0,0,
27,13981686,Pisa,Calvin Stengs,M,Panchina,0,0,
27,13981686,Pisa,Ebenezer Akinsanmiro,M,Panchina,0,0,
27,13981686,Pisa,Idrissa Touré,M,Panchina,0,0,
27,13981686,Pisa,Felipe Loyola,M,Panchina,0,0,
27,13981686,Pisa,Henrik Wendel Meister,F,Panchina,0,0,
27,13981686,Pisa,Matteo Tramoni,F,Panchina,0,0,
27,13981686,Bologna,Łukasz Skorupski,G,Titolare,0,0,
27,13981686,Bologna,Nadir Zortea,D,Titolare,0,0,
27,13981686,Bologna,Martin Vitík,D,Titolare,0,0,
27,13981686,Bologna,Jhon Lucumí,D,Titolare,0,0,
27,13981686,Bologna,João Mário,D,Titolare,0,0,
27,13981686,Bologna,Nikola Moro,M,Titolare,0,0,
27,13981686,Bologna,Remo Freuler,M,Titolare,0,0,
27,13981686,Bologna,Simon Sohm,M,Titolare,0,0,
27,13981686,Bologna,Federico Bernardeschi,F,Titolare,0,0,
27,13981686,Bologna,Santiago Castro,F,Titolare,0,0,
27,13981686,Bologna,Nicolò Cambiaghi,F,Titolare,0,0,
27,13981686,Bologna,Nicolò Casale,D,Panchina,0,0,
27,13981686,Bologna,Riccardo Orsolini,M,Panchina,0,0,
27,13981686,Bologna,Jens Odgaard,M,Panchina,0,0,
27,13981686,Bologna,Lorenzo De Silvestri,D,Panchina,0,0,
27,13981686,Bologna,Jonathan Rowe,F,Panchina,0,0,
27,13981686,Bologna,Federico Ravaglia,G,Panchina,0,0,
27,13981686,Bologna,Massimo Pessina,G,Panchina,0,0,
27,13981686,Bologna,Eivind Helland,D,Panchina,0,0,
27,13981686,Bologna,Tommaso Pobega,M,Panchina,0,0,
27,13981686,Bologna,Benjamín Domínguez,M,Panchina,0,0,
27,13981686,Bologna,Lewis Ferguson,M,Panchina,0,0,
27,13981686,Bologna,Thijs Dallinga,F,Panchina,0,0,
27,13981687,Parma,Edoardo Corvi,G,Titolare,0,0,
27,13981687,Parma,Enrico Delprato,D,Titolare,0,0,
27,13981687,Parma,Mariano Troilo,D,Titolare,0,0,
27,13981687,Parma,Lautaro Valenti,D,Titolare,0,0,
27,13981687,Parma,Mandela Keita,M,Titolare,0,0,
27,13981687,Parma,Sascha Britschgi,D,Titolare,0,0,
27,13981687,Parma,Adrián Bernabé,M,Titolare,0,0,
27,13981687,Parma,Christian Ordoñez,M,Titolare,0,0,
27,13981687,Parma,Emanuele Valeri,M,Titolare,0,0,
27,13981687,Parma,Mateo Pellegrino,F,Titolare,0,0,
27,13981687,Parma,Gabriel Strefezza,F,Titolare,0,0,
27,13981687,Parma,Hans Nicolussi Caviglia,M,Panchina,0,0,
27,13981687,Parma,Gaetano Oristanio,M,Panchina,0,0,
27,13981687,Parma,Nahuel Estévez,M,Panchina,0,0,
27,13981687,Parma,Benjamin Cremaschi,M,Panchina,0,0,
27,13981687,Parma,Franco Carboni,M,Panchina,0,0,
27,13981687,Parma,Zion Suzuki,G,Panchina,0,0,
27,13981687,Parma,Filippo Rinaldi,G,Panchina,0,0,
27,13981687,Parma,Marlon Mena,D,Panchina,0,0,
27,13981687,Parma,Alessandro Circati,D,Panchina,0,0,
27,13981687,Parma,Oliver Sørensen,M,Panchina,0,0,
27,13981687,Parma,Nesta Elphege,F,Panchina,0,0,
27,13981687,Parma,Jacob Ondrejka,F,Panchina,0,0,
27,13981687,Cagliari,Elia Caprile,G,Titolare,0,0,
27,13981687,Cagliari,Zé Pedro,D,Titolare,0,0,
27,13981687,Cagliari,Alberto Dossena,D,Titolare,0,0,
27,13981687,Cagliari,Juan Rodríguez,D,Titolare,0,0,
27,13981687,Cagliari,Marco Palestra,M,Titolare,0,0,
27,13981687,Cagliari,Michel Adopo,M,Titolare,0,0,
27,13981687,Cagliari,Joseph Liteta,M,Titolare,0,0,
27,13981687,Cagliari,Sulemana,M,Titolare,0,0,
27,13981687,Cagliari,Adam Obert,D,Titolare,0,0,
27,13981687,Cagliari,Semih Kılıçsoy,F,Titolare,0,0,
27,13981687,Cagliari,Sebastiano Esposito,F,Titolare,0,0,
27,13981687,Cagliari,Michael Folorunsho,M,Panchina,0,0,
27,13981687,Cagliari,Riyad Idrissi,D,Panchina,0,0,
27,13981687,Cagliari,Leonardo Pavoletti,F,Panchina,0,0,
27,13981687,Cagliari,Alen Sherri,G,Panchina,0,0,
27,13981687,Cagliari,Giuseppe Ciocci,G,Panchina,0,0,
27,13981687,Cagliari,Gabriele Zappa,D,Panchina,0,0,
27,13981687,Cagliari,Othniël Raterink,D,Panchina,0,0,
27,13981687,Cagliari,Roberto Malfitano,M,Panchina,0,0,
27,13981687,Cagliari,Ivan Sulev,M,Panchina,0,0,
27,13981687,Cagliari,Agustín Albarracín,M,Panchina,0,0,
27,13981687,Cagliari,Paul Mendy,F,Panchina,0,0,
27,13981687,Cagliari,Yael Trepy,F,Panchina,0,0,
27,13981688,AS Roma,Mile Svilar,G,Titolare,0,0,
27,13981688,AS Roma,Gianluca Mancini,D,Titolare,0,0,
27,13981688,AS Roma,Evan Ndicka,D,Titolare,0,0,
27,13981688,AS Roma,Zeki Çelik,D,Titolare,0,0,
27,13981688,AS Roma,Devyne Rensch,M,Titolare,0,0,
27,13981688,AS Roma,Manu Koné,M,Titolare,0,0,
27,13981688,AS Roma,Bryan Cristante,M,Titolare,0,0,
27,13981688,AS Roma,Niccolò Pisilli,M,Titolare,0,0,
27,13981688,AS Roma,Wesley,M,Titolare,0,0,
27,13981688,AS Roma,Lorenzo Pellegrini,F,Titolare,0,0,
27,13981688,AS Roma,Donyell Malen,F,Titolare,0,0,
27,13981688,AS Roma,Daniele Ghilardi,D,Panchina,0,0,
27,13981688,AS Roma,Neil El Aynaoui,M,Panchina,0,0,
27,13981688,AS Roma,Bryan Zaragoza,F,Panchina,0,0,
27,13981688,AS Roma,Giorgio De Marzi,G,Panchina,0,0,
27,13981688,AS Roma,Radosław Żelezny,G,Panchina,0,0,
27,13981688,AS Roma,Jan Ziółkowski,D,Panchina,0,0,
27,13981688,AS Roma,Kostas Tsimikas,D,Panchina,0,0,
27,13981688,AS Roma,Angeliño,M,Panchina,0,0,
27,13981688,AS Roma,Antonio Arena,F,Panchina,0,0,
27,13981688,AS Roma,Paulo Dybala,F,Panchina,0,0,
27,13981688,AS Roma,Lorenzo Venturino,F,Panchina,0,0,
27,13981688,AS Roma,Robinio Vaz,F,Panchina,0,0,
27,13981688,AS Roma,Stephan El Shaarawy,F,Panchina,0,0,
27,13981688,Juventus,Mattia Perin,G,Titolare,0,0,
27,13981688,Juventus,Pierre Kalulu,D,Titolare,0,0,
27,13981688,Juventus,Bremer,D,Titolare,0,0,
27,13981688,Juventus,Lloyd Kelly,D,Titolare,0,0,
27,13981688,Juventus,Weston McKennie,M,Titolare,0,0,
27,13981688,Juventus,Teun Koopmeiners,M,Titolare,0,0,
27,13981688,Juventus,Khéphren Thuram,M,Titolare,0,0,
27,13981688,Juventus,Andrea Cambiaso,M,Titolare,0,0,
27,13981688,Juventus,Francisco Conceição,F,Titolare,0,0,
27,13981688,Juventus,Kenan Yıldız,F,Titolare,0,0,
27,13981688,Juventus,Jonathan David,F,Titolare,0,0,
27,13981688,Juventus,Jérémie Boga,F,Panchina,0,0,
27,13981688,Juventus,Fabio Miretti,M,Panchina,0,0,
27,13981688,Juventus,Edon Zhegrova,F,Panchina,0,0,
27,13981688,Juventus,Federico Gatti,D,Panchina,0,0,
27,13981688,Juventus,Loïs Openda,F,Panchina,0,0,
27,13981688,Juventus,Michele Di Gregorio,G,Panchina,0,0,
27,13981688,Juventus,Carlo Pinsoglio,G,Panchina,0,0,
27,13981688,Juventus,Juan Cabal,D,Panchina,0,0,
27,13981688,Juventus,Vasilije Adžić,M,Panchina,0,0,
27,13981688,Juventus,Filip Kostić,M,Panchina,0,0,
27,13981689,Sassuolo,Arijanet Murić,G,Titolare,0,0,
27,13981689,Sassuolo,Woyo Coulibaly,D,Titolare,0,0,
27,13981689,Sassuolo,Jay Idzes,D,Titolare,0,0,
27,13981689,Sassuolo,Tarik Muharemović,D,Titolare,0,0,
27,13981689,Sassuolo,Ulisses Garcia,D,Titolare,0,0,
27,13981689,Sassuolo,Ismael Koné,M,Titolare,0,0,
27,13981689,Sassuolo,Nemanja Matić,M,Titolare,0,0,
27,13981689,Sassuolo,Kristian Thorstvedt,M,Titolare,0,0,
27,13981689,Sassuolo,Domenico Berardi,F,Titolare,0,0,
27,13981689,Sassuolo,Andrea Pinamonti,F,Titolare,0,0,
27,13981689,Sassuolo,Armand Laurienté,F,Titolare,0,0,
27,13981689,Sassuolo,Alieu Fadera,F,Panchina,0,0,
27,13981689,Sassuolo,M'bala Nzola,F,Panchina,0,0,
27,13981689,Sassuolo,Luca Lipani,M,Panchina,0,0,
27,13981689,Sassuolo,Edoardo Iannoni,M,Panchina,0,0,
27,13981689,Sassuolo,Josh Doig,D,Panchina,0,0,
27,13981689,Sassuolo,Gioele Zacchi,G,Panchina,0,0,
27,13981689,Sassuolo,Stefano Turati,G,Panchina,0,0,
27,13981689,Sassuolo,Giacomo Satalino,G,Panchina,0,0,
27,13981689,Sassuolo,Filippo Romagna,D,Panchina,0,0,
27,13981689,Sassuolo,Pedro Felipe,D,Panchina,0,0,
27,13981689,Sassuolo,Darryl Bakola,M,Panchina,0,0,
27,13981689,Sassuolo,Aster Vranckx,M,Panchina,0,0,
27,13981689,Sassuolo,Cristian Volpato,M,Panchina,0,0,
27,13981689,Sassuolo,Luca Moro,F,Panchina,0,0,
27,13981689,Atalanta,Marco Carnesecchi,G,Titolare,0,0,
27,13981689,Atalanta,Giorgio Scalvini,D,Titolare,0,0,
27,13981689,Atalanta,Berat Djimsiti,D,Titolare,0,0,
27,13981689,Atalanta,Sead Kolašinac,D,Titolare,0,0,
27,13981689,Atalanta,Raoul Bellanova,M,Titolare,0,0,
27,13981689,Atalanta,Marten de Roon,M,Titolare,0,0,
27,13981689,Atalanta,Mario Pašalić,M,Titolare,0,0,
27,13981689,Atalanta,Lorenzo Bernasconi,M,Titolare,0,0,
27,13981689,Atalanta,Lazar Samardžić,M,Titolare,0,0,
27,13981689,Atalanta,Nicola Zalewski,M,Titolare,0,0,
27,13981689,Atalanta,Gianluca Scamacca,F,Titolare,0,0,
27,13981689,Atalanta,Davide Zappacosta,M,Panchina,0,0,
27,13981689,Atalanta,Kamaldeen Sulemana,F,Panchina,0,0,
27,13981689,Atalanta,Nikola Krstović,F,Panchina,0,0,
27,13981689,Atalanta,Yunus Musah,M,Panchina,0,0,
27,13981689,Atalanta,Isak Hien,D,Panchina,0,0,
27,13981689,Atalanta,Marco Sportiello,G,Panchina,0,0,
27,13981689,Atalanta,Francesco Rossi,G,Panchina,0,0,
27,13981689,Atalanta,Odilon Kossounou,D,Panchina,0,0,
27,13981689,Atalanta,Mitchel Bakker,D,Panchina,0,0,
27,13981689,Atalanta,Dominic Vavassori,F,Panchina,0,0,
27,13981690,Torino,Alberto Paleari,G,Titolare,0,0,
27,13981690,Torino,Saúl Coco,D,Titolare,0,0,
27,13981690,Torino,Ardian Ismajli,D,Titolare,0,0,
27,13981690,Torino,Enzo Ebosse,D,Titolare,0,0,
27,13981690,Torino,Valentino Lazaro,M,Titolare,0,0,
27,13981690,Torino,Matteo Prati,M,Titolare,0,0,
27,13981690,Torino,Gvidas Gineitis,M,Titolare,0,0,
27,13981690,Torino,Rafael Obrador,M,Titolare,0,0,
27,13981690,Torino,Nikola Vlašić,M,Titolare,0,0,
27,13981690,Torino,Giovanni Simeone,F,Titolare,0,0,
27,13981690,Torino,Duván Zapata,F,Titolare,0,0,
27,13981690,Torino,Ivan Ilić,M,Panchina,0,0,
27,13981690,Torino,Niels Nkounkou,D,Panchina,0,0,
27,13981690,Torino,Cesare Casadei,M,Panchina,0,0,
27,13981690,Torino,Sandro Kulenović,F,Panchina,0,0,
27,13981690,Torino,Adrien Tameze,D,Panchina,0,0,
27,13981690,Torino,Franco Israel,G,Panchina,0,0,
27,13981690,Torino,Lapo Siviero,G,Panchina,0,0,
27,13981690,Torino,Guillermo Maripán,D,Panchina,0,0,
27,13981690,Torino,Luca Marianucci,D,Panchina,0,0,
27,13981690,Torino,Cristiano Biraghi,D,Panchina,0,0,
27,13981690,Torino,Tino Anjorin,M,Panchina,0,0,
27,13981690,Torino,Marcus Pedersen,M,Panchina,0,0,
27,13981690,Torino,Che Adams,F,Panchina,0,0,
27,13981690,Torino,Alieu Njie,F,Panchina,0,0,
27,13981690,Lazio,Ivan Provedel,G,Titolare,0,0,
27,13981690,Lazio,Adam Marušić,D,Titolare,0,0,
27,13981690,Lazio,Alessio Romagnoli,D,Titolare,0,0,
27,13981690,Lazio,Oliver Provstgaard,D,Titolare,0,0,
27,13981690,Lazio,Luca Pellegrini,D,Titolare,0,0,
27,13981690,Lazio,Reda Belahyane,M,Titolare,0,0,
27,13981690,Lazio,Danilo Cataldi,M,Titolare,0,0,
27,13981690,Lazio,Kenneth Taylor,M,Titolare,0,0,
27,13981690,Lazio,Matteo Cancellieri,F,Titolare,0,0,
27,13981690,Lazio,Petar Ratkov,F,Titolare,0,0,
27,13981690,Lazio,Mattia Zaccagni,F,Titolare,0,0,
27,13981690,Lazio,Fisayo Dele-Bashiru,M,Panchina,0,0,
27,13981690,Lazio,Tijjani Noslin,F,Panchina,0,0,
27,13981690,Lazio,Nuno Tavares,D,Panchina,0,0,
27,13981690,Lazio,Gustav Isaksen,F,Panchina,0,0,
27,13981690,Lazio,Boulaye Dia,F,Panchina,0,0,
27,13981690,Lazio,Alessio Furlanetto,G,Panchina,0,0,
27,13981690,Lazio,Edoardo Motta,G,Panchina,0,0,
27,13981690,Lazio,Manuel Lazzari,D,Panchina,0,0,
27,13981690,Lazio,Patric,D,Panchina,0,0,
27,13981690,Lazio,Valerio Farcomeni,M,Panchina,0,0,
27,13981690,Lazio,Adrian Przyborek,M,Panchina,0,0,
27,13981691,Udinese,Maduka Okoye,G,Titolare,0,0,
27,13981691,Udinese,Thomas Kristensen,D,Titolare,0,0,
27,13981691,Udinese,Christian Kabasele,D,Titolare,0,0,
27,13981691,Udinese,Nicolò Bertola,D,Titolare,0,0,
27,13981691,Udinese,Kingsley Ehizibue,M,Titolare,0,0,
27,13981691,Udinese,Jakub Piotrowski,M,Titolare,0,0,
27,13981691,Udinese,Jesper Karlström,M,Titolare,0,0,
27,13981691,Udinese,Jürgen Ekkelenkamp,M,Titolare,0,0,
27,13981691,Udinese,Jordan Zemura,M,Titolare,0,0,
27,13981691,Udinese,Nicolò Zaniolo,F,Titolare,0,0,
27,13981691,Udinese,Keinan Davis,F,Titolare,0,0,
27,13981691,Udinese,Adam Buksa,F,Panchina,0,0,
27,13981691,Udinese,Branimir Mlačić,D,Panchina,0,0,
27,13981691,Udinese,Oier Zarraga,M,Panchina,0,0,
27,13981691,Udinese,Hassane Kamara,M,Panchina,0,0,
27,13981691,Udinese,Lennon Miller,M,Panchina,0,0,
27,13981691,Udinese,Daniele Padelli,G,Panchina,0,0,
27,13981691,Udinese,Răzvan Sava,G,Panchina,0,0,
27,13981691,Udinese,Alessandro Nunziante,G,Panchina,0,0,
27,13981691,Udinese,Juan Arizala,M,Panchina,0,0,
27,13981691,Udinese,Abdoulaye Camara,M,Panchina,0,0,
27,13981691,Udinese,Vakoun Issouf Bayo,F,Panchina,0,0,
27,13981691,Udinese,Idrissa Gueye,F,Panchina,0,0,
27,13981691,Fiorentina,David De Gea,G,Titolare,0,0,
27,13981691,Fiorentina,Marin Pongračić,D,Titolare,0,0,
27,13981691,Fiorentina,Daniele Rugani,D,Titolare,0,0,
27,13981691,Fiorentina,Luca Ranieri,D,Titolare,0,0,
27,13981691,Fiorentina,Jack Harrison,F,Titolare,0,0,
27,13981691,Fiorentina,Rolando Mandragora,M,Titolare,0,0,
27,13981691,Fiorentina,Nicolò Fagioli,M,Titolare,0,0,
27,13981691,Fiorentina,Marco Brescianini,M,Titolare,0,0,
27,13981691,Fiorentina,Fabiano Parisi,D,Titolare,0,0,
27,13981691,Fiorentina,Albert Guðmundsson,F,Titolare,0,0,
27,13981691,Fiorentina,Moise Kean,F,Titolare,0,0,
27,13981691,Fiorentina,Pietro Comuzzo,D,Panchina,0,0,
27,13981691,Fiorentina,Cher Ndour,M,Panchina,0,0,
27,13981691,Fiorentina,Giovanni Fabbian,M,Panchina,0,0,
27,13981691,Fiorentina,Roberto Piccoli,F,Panchina,0,0,
27,13981691,Fiorentina,Jacopo Fazzini,F,Panchina,0,0,
27,13981691,Fiorentina,Oliver Christensen,G,Panchina,0,0,
27,13981691,Fiorentina,Pietro Leonardelli,G,Panchina,0,0,
27,13981691,Fiorentina,Eddy Kouadio,D,Panchina,0,0,
27,13981691,Fiorentina,Luís Balbo,D,Panchina,0,0,
27,13981691,Fiorentina,Niccolò Fortini,D,Panchina,0,0,
27,13981691,Fiorentina,Robin Gosens,D,Panchina,0,0,
27,13981694,Hellas Verona,Lorenzo Montipò,G,Titolare,0,0,
27,13981694,Hellas Verona,Victor Nelsson,D,Titolare,0,0,
27,13981694,Hellas Verona,Armel Bella-Kotchap,D,Titolare,0,0,
27,13981694,Hellas Verona,Andrias Edmundsson,D,Titolare,0,0,
27,13981694,Hellas Verona,Daniel Oyegoke,M,Titolare,0,0,
27,13981694,Hellas Verona,Abdou Harroui,M,Titolare,0,0,
27,13981694,Hellas Verona,Roberto Gagliardini,M,Titolare,0,0,
27,13981694,Hellas Verona,Jean Daniel Akpa-Akpro,M,Titolare,0,0,
27,13981694,Hellas Verona,Domagoj Bradarić,M,Titolare,0,0,
27,13981694,Hellas Verona,Kieron Bowie,F,Titolare,0,0,
27,13981694,Hellas Verona,Amin Sarr,F,Titolare,0,0,
27,13981694,Hellas Verona,Martin Frese,D,Panchina,0,0,
27,13981694,Hellas Verona,Daniel Mosquera,F,Panchina,0,0,
27,13981694,Hellas Verona,Tomáš Suslov,F,Panchina,0,0,
27,13981694,Hellas Verona,Tobias Slotsager,D,Panchina,0,0,
27,13981694,Hellas Verona,Cheikh Niasse,M,Panchina,0,0,
27,13981694,Hellas Verona,Simone Perilli,G,Panchina,0,0,
27,13981694,Hellas Verona,Giacomo Toniolo,G,Panchina,0,0,
27,13981694,Hellas Verona,Fallou Cham,D,Panchina,0,0,
27,13981694,Hellas Verona,Nicolás Valentini,D,Panchina,0,0,
27,13981694,Hellas Verona,Isaac,F,Panchina,0,0,
27,13981694,Hellas Verona,Ioan Vermesan,F,Panchina,0,0,
27,13981694,SSC Napoli,Alex Meret,G,Titolare,0,0,
27,13981694,SSC Napoli,Sam Beukema,D,Titolare,0,0,
27,13981694,SSC Napoli,Juan Jesus,D,Titolare,0,0,
27,13981694,SSC Napoli,Alessandro Buongiorno,D,Titolare,0,0,
27,13981694,SSC Napoli,Matteo Politano,M,Titolare,0,0,
27,13981694,SSC Napoli,Eljif Elmas,M,Titolare,0,0,
27,13981694,SSC Napoli,Stanislav Lobotka,M,Titolare,0,0,
27,13981694,SSC Napoli,Leonardo Spinazzola,D,Titolare,0,0,
27,13981694,SSC Napoli,Antonio Vergara,F,Titolare,0,0,
27,13981694,SSC Napoli,Alisson Santos,F,Titolare,0,0,
27,13981694,SSC Napoli,Rasmus Højlund,F,Titolare,0,0,
27,13981694,SSC Napoli,Miguel Gutiérrez,D,Panchina,0,0,
27,13981694,SSC Napoli,Billy Gilmour,M,Panchina,0,0,
27,13981694,SSC Napoli,Romelu Lukaku,F,Panchina,0,0,
27,13981694,SSC Napoli,Pasquale Mazzocchi,M,Panchina,0,0,
27,13981694,SSC Napoli,Giovane,F,Panchina,0,0,
27,13981694,SSC Napoli,Vanja Milinković-Savić,G,Panchina,0,0,
27,13981694,SSC Napoli,Nikita Contini,G,Panchina,0,0,
27,13981694,SSC Napoli,Mathías Olivera,D,Panchina,0,0,
27,13981694,SSC Napoli,Vincenzo Prisco,M,Panchina,0,0,
28,13981692,Bologna,Łukasz Skorupski,G,Titolare,0,0,
28,13981692,Bologna,Nadir Zortea,D,Titolare,0,0,
28,13981692,Bologna,Martin Vitík,D,Titolare,0,0,
28,13981692,Bologna,Jhon Lucumí,D,Titolare,0,0,
28,13981692,Bologna,João Mário,D,Titolare,0,0,
28,13981692,Bologna,Lewis Ferguson,M,Titolare,0,0,
28,13981692,Bologna,Riccardo Orsolini,M,Titolare,0,0,
28,13981692,Bologna,Nikola Moro,M,Titolare,0,0,
28,13981692,Bologna,Jens Odgaard,M,Titolare,0,0,
28,13981692,Bologna,Jonathan Rowe,F,Titolare,0,0,
28,13981692,Bologna,Santiago Castro,F,Titolare,0,0,
28,13981692,Bologna,Simon Sohm,M,Panchina,0,0,
28,13981692,Bologna,Federico Bernardeschi,F,Panchina,0,0,
28,13981692,Bologna,Charalampos Lykogiannis,D,Panchina,0,0,
28,13981692,Bologna,Benjamín Domínguez,M,Panchina,0,0,
28,13981692,Bologna,Tommaso Pobega,M,Panchina,0,0,
28,13981692,Bologna,Federico Ravaglia,G,Panchina,0,0,
28,13981692,Bologna,Massimo Pessina,G,Panchina,0,0,
28,13981692,Bologna,Eivind Helland,D,Panchina,0,0,
28,13981692,Bologna,Nicolò Casale,D,Panchina,0,0,
28,13981692,Bologna,Lorenzo De Silvestri,D,Panchina,0,0,
28,13981692,Bologna,Nicolò Cambiaghi,F,Panchina,0,0,
28,13981692,Bologna,Thijs Dallinga,F,Panchina,0,0,
28,13981692,Hellas Verona,Lorenzo Montipò,G,Titolare,0,0,
28,13981692,Hellas Verona,Daniel Oyegoke,M,Titolare,0,0,
28,13981692,Hellas Verona,Victor Nelsson,D,Titolare,0,0,
28,13981692,Hellas Verona,Andrias Edmundsson,D,Titolare,0,0,
28,13981692,Hellas Verona,Martin Frese,D,Titolare,0,0,
28,13981692,Hellas Verona,Domagoj Bradarić,M,Titolare,0,0,
28,13981692,Hellas Verona,Jean Daniel Akpa-Akpro,M,Titolare,0,0,
28,13981692,Hellas Verona,Roberto Gagliardini,M,Titolare,0,0,
28,13981692,Hellas Verona,Abdou Harroui,M,Titolare,0,0,
28,13981692,Hellas Verona,Kieron Bowie,F,Titolare,0,0,
28,13981692,Hellas Verona,Gift Orban,F,Titolare,0,0,
28,13981692,Hellas Verona,Tomáš Suslov,F,Panchina,0,0,
28,13981692,Hellas Verona,Nicolás Valentini,D,Panchina,0,0,
28,13981692,Hellas Verona,Amin Sarr,F,Panchina,0,0,
28,13981692,Hellas Verona,Moatasem Al-Musrati,M,Panchina,0,0,
28,13981692,Hellas Verona,Giacomo Toniolo,G,Panchina,0,0,
28,13981692,Hellas Verona,Simone Perilli,G,Panchina,0,0,
28,13981692,Hellas Verona,Fallou Cham,D,Panchina,0,0,
28,13981692,Hellas Verona,Cheikh Niasse,M,Panchina,0,0,
28,13981692,Hellas Verona,Rafik Belghali,M,Panchina,0,0,
28,13981692,Hellas Verona,Isaac,F,Panchina,0,0,
28,13981692,Hellas Verona,Daniel Mosquera,F,Panchina,0,0,
28,13981693,Cagliari,Elia Caprile,G,Titolare,0,0,
28,13981693,Cagliari,Zé Pedro,D,Titolare,0,0,
28,13981693,Cagliari,Alberto Dossena,D,Titolare,0,0,
28,13981693,Cagliari,Juan Rodríguez,D,Titolare,0,0,
28,13981693,Cagliari,Adam Obert,D,Titolare,0,0,
28,13981693,Cagliari,Michel Adopo,M,Titolare,0,0,
28,13981693,Cagliari,Joseph Liteta,M,Titolare,0,0,
28,13981693,Cagliari,Sulemana,M,Titolare,0,0,
28,13981693,Cagliari,Marco Palestra,M,Titolare,0,0,
28,13981693,Cagliari,Michael Folorunsho,M,Titolare,0,0,
28,13981693,Cagliari,Sebastiano Esposito,F,Titolare,0,0,
28,13981693,Cagliari,Gabriele Zappa,D,Panchina,0,0,
28,13981693,Cagliari,Riyad Idrissi,D,Panchina,0,0,
28,13981693,Cagliari,Semih Kılıçsoy,F,Panchina,0,0,
28,13981693,Cagliari,Yael Trepy,F,Panchina,0,0,
28,13981693,Cagliari,Leonardo Pavoletti,F,Panchina,0,0,
28,13981693,Cagliari,Alen Sherri,G,Panchina,0,0,
28,13981693,Cagliari,Giuseppe Ciocci,G,Panchina,0,0,
28,13981693,Cagliari,Andrea Cogoni,D,Panchina,0,0,
28,13981693,Cagliari,Othniël Raterink,D,Panchina,0,0,
28,13981693,Cagliari,Ivan Sulev,M,Panchina,0,0,
28,13981693,Cagliari,Roberto Malfitano,M,Panchina,0,0,
28,13981693,Cagliari,Agustín Albarracín,M,Panchina,0,0,
28,13981693,Cagliari,Paul Mendy,F,Panchina,0,0,
28,13981693,Como,Jean Butez,G,Titolare,0,0,
28,13981693,Como,Ignace Van der Brempt,D,Titolare,0,0,
28,13981693,Como,Jacobo Ramón,D,Titolare,0,0,
28,13981693,Como,Marc Kempf,D,Titolare,0,0,
28,13981693,Como,Alberto Moreno,D,Titolare,0,0,
28,13981693,Como,Máximo Perrone,M,Titolare,0,0,
28,13981693,Como,Lucas Da Cunha,M,Titolare,0,0,
28,13981693,Como,Nico Paz,M,Titolare,0,0,
28,13981693,Como,Martin Baturina,M,Titolare,0,0,
28,13981693,Como,Jesús Rodriguez,M,Titolare,0,0,
28,13981693,Como,Anastasios Douvikas,F,Titolare,0,0,
28,13981693,Como,Mërgim Vojvoda,D,Panchina,0,0,
28,13981693,Como,Álvaro Morata,F,Panchina,0,0,
28,13981693,Como,Diego Carlos,D,Panchina,0,0,
28,13981693,Como,Álex Valle,D,Panchina,0,0,
28,13981693,Como,Sergi Roberto,M,Panchina,0,0,
28,13981693,Como,Nikola Čavlina,G,Panchina,0,0,
28,13981693,Como,Mauro Vigorito,G,Panchina,0,0,
28,13981693,Como,Noel Törnqvist,G,Panchina,0,0,
28,13981693,Como,Edoardo Goldaniga,D,Panchina,0,0,
28,13981693,Como,Ivan Smolčić,D,Panchina,0,0,
28,13981693,Como,Adrian Lahdo,M,Panchina,0,0,
28,13981693,Como,Maxence Caqueret,M,Panchina,0,0,
28,13981693,Como,Nicolas-Gerrit Kühn,F,Panchina,0,0,
28,13981695,Atalanta,Marco Carnesecchi,G,Titolare,0,0,
28,13981695,Atalanta,Odilon Kossounou,D,Titolare,0,0,
28,13981695,Atalanta,Isak Hien,D,Titolare,0,0,
28,13981695,Atalanta,Sead Kolašinac,D,Titolare,0,0,
28,13981695,Atalanta,Raoul Bellanova,M,Titolare,0,0,
28,13981695,Atalanta,Yunus Musah,M,Titolare,0,0,
28,13981695,Atalanta,Mario Pašalić,M,Titolare,0,0,
28,13981695,Atalanta,Lorenzo Bernasconi,M,Titolare,0,0,
28,13981695,Atalanta,Lazar Samardžić,M,Titolare,0,0,
28,13981695,Atalanta,Kamaldeen Sulemana,F,Titolare,0,0,
28,13981695,Atalanta,Gianluca Scamacca,F,Titolare,0,0,
28,13981695,Atalanta,Marten de Roon,M,Panchina,0,0,
28,13981695,Atalanta,Nicola Zalewski,M,Panchina,0,0,
28,13981695,Atalanta,Davide Zappacosta,M,Panchina,0,0,
28,13981695,Atalanta,Nikola Krstović,F,Panchina,0,0,
28,13981695,Atalanta,Berat Djimsiti,D,Panchina,0,0,
28,13981695,Atalanta,Marco Sportiello,G,Panchina,0,0,
28,13981695,Atalanta,Francesco Rossi,G,Panchina,0,0,
28,13981695,Atalanta,Honest Ahanor,D,Panchina,0,0,
28,13981695,Atalanta,Mitchel Bakker,D,Panchina,0,0,
28,13981695,Atalanta,Sergej Levak,M,Panchina,0,0,
28,13981695,Atalanta,Dominic Vavassori,F,Panchina,0,0,
28,13981695,Udinese,Maduka Okoye,G,Titolare,0,0,
28,13981695,Udinese,Branimir Mlačić,D,Titolare,0,0,
28,13981695,Udinese,Christian Kabasele,D,Titolare,0,0,
28,13981695,Udinese,Thomas Kristensen,D,Titolare,0,0,
28,13981695,Udinese,Kingsley Ehizibue,M,Titolare,0,0,
28,13981695,Udinese,Jakub Piotrowski,M,Titolare,0,0,
28,13981695,Udinese,Jesper Karlström,M,Titolare,0,0,
28,13981695,Udinese,Jürgen Ekkelenkamp,M,Titolare,0,0,
28,13981695,Udinese,Hassane Kamara,M,Titolare,0,0,
28,13981695,Udinese,Keinan Davis,F,Titolare,0,0,
28,13981695,Udinese,Nicolò Zaniolo,F,Titolare,0,0,
28,13981695,Udinese,Oier Zarraga,M,Panchina,0,0,
28,13981695,Udinese,Lennon Miller,M,Panchina,0,0,
28,13981695,Udinese,Arthur Atta,M,Panchina,0,0,
28,13981695,Udinese,Adam Buksa,F,Panchina,0,0,
28,13981695,Udinese,Juan Arizala,M,Panchina,0,0,
28,13981695,Udinese,Răzvan Sava,G,Panchina,0,0,
28,13981695,Udinese,Daniele Padelli,G,Panchina,0,0,
28,13981695,Udinese,Alessandro Nunziante,G,Panchina,0,0,
28,13981695,Udinese,Abdoulaye Camara,M,Panchina,0,0,
28,13981695,Udinese,Idrissa Gueye,F,Panchina,0,0,
28,13981695,Udinese,Vakoun Issouf Bayo,F,Panchina,0,0,
28,13981696,Fiorentina,David De Gea,G,Titolare,0,0,
28,13981696,Fiorentina,Dodô,M,Titolare,0,0,
28,13981696,Fiorentina,Marin Pongračić,D,Titolare,0,0,
28,13981696,Fiorentina,Luca Ranieri,D,Titolare,0,0,
28,13981696,Fiorentina,Robin Gosens,D,Titolare,0,0,
28,13981696,Fiorentina,Nicolò Fagioli,M,Titolare,0,0,
28,13981696,Fiorentina,Jack Harrison,F,Titolare,0,0,
28,13981696,Fiorentina,Rolando Mandragora,M,Titolare,0,0,
28,13981696,Fiorentina,Cher Ndour,M,Titolare,0,0,
28,13981696,Fiorentina,Albert Guðmundsson,F,Titolare,0,0,
28,13981696,Fiorentina,Roberto Piccoli,F,Titolare,0,0,
28,13981696,Fiorentina,Giovanni Fabbian,M,Panchina,0,0,
28,13981696,Fiorentina,Jacopo Fazzini,F,Panchina,0,0,
28,13981696,Fiorentina,Pietro Comuzzo,D,Panchina,0,0,
28,13981696,Fiorentina,Marco Brescianini,M,Panchina,0,0,
28,13981696,Fiorentina,Oliver Christensen,G,Panchina,0,0,
28,13981696,Fiorentina,Pietro Leonardelli,G,Panchina,0,0,
28,13981696,Fiorentina,Luís Balbo,D,Panchina,0,0,
28,13981696,Fiorentina,Daniele Rugani,D,Panchina,0,0,
28,13981696,Fiorentina,Niccolò Fortini,D,Panchina,0,0,
28,13981696,Fiorentina,Eddy Kouadio,D,Panchina,0,0,
28,13981696,Fiorentina,Riccardo Braschi,F,Panchina,0,0,
28,13981696,Parma,Edoardo Corvi,G,Titolare,0,0,
28,13981696,Parma,Enrico Delprato,D,Titolare,0,0,
28,13981696,Parma,Mariano Troilo,D,Titolare,0,0,
28,13981696,Parma,Alessandro Circati,D,Titolare,0,0,
28,13981696,Parma,Mandela Keita,M,Titolare,0,0,
28,13981696,Parma,Benjamin Cremaschi,M,Titolare,0,0,
28,13981696,Parma,Hans Nicolussi Caviglia,M,Titolare,0,0,
28,13981696,Parma,Oliver Sørensen,M,Titolare,0,0,
28,13981696,Parma,Emanuele Valeri,M,Titolare,0,0,
28,13981696,Parma,Mateo Pellegrino,F,Titolare,0,0,
28,13981696,Parma,Gabriel Strefezza,F,Titolare,0,0,
28,13981696,Parma,Christian Ordoñez,M,Panchina,0,0,
28,13981696,Parma,Gaetano Oristanio,M,Panchina,0,0,
28,13981696,Parma,Nesta Elphege,F,Panchina,0,0,
28,13981696,Parma,Nahuel Estévez,M,Panchina,0,0,
28,13981696,Parma,Filippo Rinaldi,G,Panchina,0,0,
28,13981696,Parma,Zion Suzuki,G,Panchina,0,0,
28,13981696,Parma,Abdoulaye Ndiaye,D,Panchina,0,0,
28,13981696,Parma,Marlon Mena,D,Panchina,0,0,
28,13981696,Parma,Bernardo Conde,D,Panchina,0,0,
28,13981696,Parma,Franco Carboni,M,Panchina,0,0,
28,13981696,Parma,Jacob Ondrejka,F,Panchina,0,0,
28,13981697,Juventus,Mattia Perin,G,Titolare,0,0,
28,13981697,Juventus,Pierre Kalulu,D,Titolare,0,0,
28,13981697,Juventus,Federico Gatti,D,Titolare,0,0,
28,13981697,Juventus,Bremer,D,Titolare,0,0,
28,13981697,Juventus,Weston McKennie,M,Titolare,0,0,
28,13981697,Juventus,Manuel Locatelli,M,Titolare,0,0,
28,13981697,Juventus,Khéphren Thuram,M,Titolare,0,0,
28,13981697,Juventus,Andrea Cambiaso,M,Titolare,0,0,
28,13981697,Juventus,Francisco Conceição,F,Titolare,0,0,
28,13981697,Juventus,Kenan Yıldız,F,Titolare,0,0,
28,13981697,Juventus,Jonathan David,F,Titolare,0,0,
28,13981697,Juventus,Lloyd Kelly,D,Panchina,0,0,
28,13981697,Juventus,Jérémie Boga,F,Panchina,0,0,
28,13981697,Juventus,Fabio Miretti,M,Panchina,0,0,
28,13981697,Juventus,Teun Koopmeiners,M,Panchina,0,0,
28,13981697,Juventus,Filip Kostić,M,Panchina,0,0,
28,13981697,Juventus,Michele Di Gregorio,G,Panchina,0,0,
28,13981697,Juventus,Carlo Pinsoglio,G,Panchina,0,0,
28,13981697,Juventus,Juan Cabal,D,Panchina,0,0,
28,13981697,Juventus,Vasilije Adžić,M,Panchina,0,0,
28,13981697,Juventus,Edon Zhegrova,F,Panchina,0,0,
28,13981697,Juventus,Loïs Openda,F,Panchina,0,0,
28,13981697,Pisa,Nícolas,G,Titolare,0,0,
28,13981697,Pisa,Arturo Calabresi,D,Titolare,0,0,
28,13981697,Pisa,Antonio Caracciolo,D,Titolare,0,0,
28,13981697,Pisa,Francesco Coppola,D,Titolare,0,0,
28,13981697,Pisa,Mehdi Léris,M,Titolare,0,0,
28,13981697,Pisa,Michel Aebischer,M,Titolare,0,0,
28,13981697,Pisa,Marius Marin,M,Titolare,0,0,
28,13981697,Pisa,Malthe Højholt,M,Titolare,0,0,
28,13981697,Pisa,Samuele Angori,M,Titolare,0,0,
28,13981697,Pisa,Stefano Moreo,F,Titolare,0,0,
28,13981697,Pisa,Rafiu Durosinmi,F,Titolare,0,0,
28,13981697,Pisa,Felipe Loyola,M,Panchina,0,0,
28,13981697,Pisa,Gabriele Piccinini,M,Panchina,0,0,
28,13981697,Pisa,Juan Cuadrado,M,Panchina,0,0,
28,13981697,Pisa,Samuel Iling Junior,M,Panchina,0,0,
28,13981697,Pisa,Filip Stojilković,F,Panchina,0,0,
28,13981697,Pisa,Tommaso Guizzo,G,Panchina,0,0,
28,13981697,Pisa,Adrian Šemper,G,Panchina,0,0,
28,13981697,Pisa,Simone Canestrelli,D,Panchina,0,0,
28,13981697,Pisa,Rosen Bozhinov,D,Panchina,0,0,
28,13981697,Pisa,Raúl Albiol,D,Panchina,0,0,
28,13981697,Pisa,Idrissa Touré,M,Panchina,0,0,
28,13981697,Pisa,Ebenezer Akinsanmiro,M,Panchina,0,0,
28,13981697,Pisa,Calvin Stengs,M,Panchina,0,0,
28,13981697,Pisa,Matteo Tramoni,F,Panchina,0,0,
28,13981697,Pisa,Henrik Wendel Meister,F,Panchina,0,0,
28,13981698,Genoa,Justin Bijlow,G,Titolare,0,0,
28,13981698,Genoa,Alessandro Marcandalli,D,Titolare,0,0,
28,13981698,Genoa,Leo Østigård,D,Titolare,0,0,
28,13981698,Genoa,Johan Vásquez,D,Titolare,0,0,
28,13981698,Genoa,Mikael Ellertsson,M,Titolare,0,0,
28,13981698,Genoa,Morten Frendrup,M,Titolare,0,0,
28,13981698,Genoa,Patrizio Masini,M,Titolare,0,0,
28,13981698,Genoa,Stefano Sabelli,M,Titolare,0,0,
28,13981698,Genoa,Junior Messias,F,Titolare,0,0,
28,13981698,Genoa,Caleb Ekuban,F,Titolare,0,0,
28,13981698,Genoa,Jeff Ekhator,F,Titolare,0,0,
28,13981698,Genoa,Ruslan Malinovskyi,M,Panchina,0,0,
28,13981698,Genoa,Lorenzo Colombo,F,Panchina,0,0,
28,13981698,Genoa,Vitinha,F,Panchina,0,0,
28,13981698,Genoa,Aarón Martín,M,Panchina,0,0,
28,13981698,Genoa,Daniele Sommariva,G,Panchina,0,0,
28,13981698,Genoa,Nicola Leali,G,Panchina,0,0,
28,13981698,Genoa,Nils Zätterström,D,Panchina,0,0,
28,13981698,Genoa,Brooke Norton-Cuffy,D,Panchina,0,0,
28,13981698,Genoa,Kris Gecaj,D,Panchina,0,0,
28,13981698,Genoa,Sebastian Otoa,D,Panchina,0,0,
28,13981698,Genoa,Jean Onana,M,Panchina,0,0,
28,13981698,Genoa,Alexsandro Amorim,M,Panchina,0,0,
28,13981698,Genoa,Maxwel Cornet,F,Panchina,0,0,
28,13981698,AS Roma,Mile Svilar,G,Titolare,0,0,
28,13981698,AS Roma,Gianluca Mancini,D,Titolare,0,0,
28,13981698,AS Roma,Evan Ndicka,D,Titolare,0,0,
28,13981698,AS Roma,Zeki Çelik,D,Titolare,0,0,
28,13981698,AS Roma,Devyne Rensch,M,Titolare,0,0,
28,13981698,AS Roma,Niccolò Pisilli,M,Titolare,0,0,
28,13981698,AS Roma,Manu Koné,M,Titolare,0,0,
28,13981698,AS Roma,Kostas Tsimikas,D,Titolare,0,0,
28,13981698,AS Roma,Lorenzo Pellegrini,F,Titolare,0,0,
28,13981698,AS Roma,Lorenzo Venturino,F,Titolare,0,0,
28,13981698,AS Roma,Donyell Malen,F,Titolare,0,0,
28,13981698,AS Roma,Bryan Cristante,M,Panchina,0,0,
28,13981698,AS Roma,Neil El Aynaoui,M,Panchina,0,0,
28,13981698,AS Roma,Daniele Ghilardi,D,Panchina,0,0,
28,13981698,AS Roma,Jan Ziółkowski,D,Panchina,0,0,
28,13981698,AS Roma,Robinio Vaz,F,Panchina,0,0,
28,13981698,AS Roma,Pierluigi Gollini,G,Panchina,0,0,
28,13981698,AS Roma,Giorgio De Marzi,G,Panchina,0,0,
28,13981698,AS Roma,Angeliño,M,Panchina,0,0,
28,13981698,AS Roma,Stephan El Shaarawy,F,Panchina,0,0,
28,13981698,AS Roma,Bryan Zaragoza,F,Panchina,0,0,
28,13981699,Lazio,Edoardo Motta,G,Titolare,0,0,
28,13981699,Lazio,Adam Marušić,D,Titolare,0,0,
28,13981699,Lazio,Mario Gila,D,Titolare,0,0,
28,13981699,Lazio,Alessio Romagnoli,D,Titolare,0,0,
28,13981699,Lazio,Nuno Tavares,D,Titolare,0,0,
28,13981699,Lazio,Fisayo Dele-Bashiru,M,Titolare,0,0,
28,13981699,Lazio,Danilo Cataldi,M,Titolare,0,0,
28,13981699,Lazio,Kenneth Taylor,M,Titolare,0,0,
28,13981699,Lazio,Gustav Isaksen,F,Titolare,0,0,
28,13981699,Lazio,Daniel Maldini,F,Titolare,0,0,
28,13981699,Lazio,Mattia Zaccagni,F,Titolare,0,0,
28,13981699,Lazio,Patric,D,Panchina,0,0,
28,13981699,Lazio,Oliver Provstgaard,D,Panchina,0,0,
28,13981699,Lazio,Boulaye Dia,F,Panchina,0,0,
28,13981699,Lazio,Matteo Cancellieri,F,Panchina,0,0,
28,13981699,Lazio,Pedro,F,Panchina,0,0,
28,13981699,Lazio,Giacomo Giacomone,G,Panchina,0,0,
28,13981699,Lazio,Alessio Furlanetto,G,Panchina,0,0,
28,13981699,Lazio,Elseid Hysaj,D,Panchina,0,0,
28,13981699,Lazio,Manuel Lazzari,D,Panchina,0,0,
28,13981699,Lazio,Luca Pellegrini,D,Panchina,0,0,
28,13981699,Lazio,Reda Belahyane,M,Panchina,0,0,
28,13981699,Lazio,Adrian Przyborek,M,Panchina,0,0,
28,13981699,Lazio,Tijjani Noslin,F,Panchina,0,0,
28,13981699,Lazio,Petar Ratkov,F,Panchina,0,0,
28,13981699,Sassuolo,Arijanet Murić,G,Titolare,0,0,
28,13981699,Sassuolo,Woyo Coulibaly,D,Titolare,0,0,
28,13981699,Sassuolo,Jay Idzes,D,Titolare,0,0,
28,13981699,Sassuolo,Tarik Muharemović,D,Titolare,0,0,
28,13981699,Sassuolo,Ulisses Garcia,D,Titolare,0,0,
28,13981699,Sassuolo,Ismael Koné,M,Titolare,0,0,
28,13981699,Sassuolo,Luca Lipani,M,Titolare,0,0,
28,13981699,Sassuolo,Kristian Thorstvedt,M,Titolare,0,0,
28,13981699,Sassuolo,Domenico Berardi,F,Titolare,0,0,
28,13981699,Sassuolo,M'bala Nzola,F,Titolare,0,0,
28,13981699,Sassuolo,Armand Laurienté,F,Titolare,0,0,
28,13981699,Sassuolo,Nemanja Matić,M,Panchina,0,0,
28,13981699,Sassuolo,Josh Doig,D,Panchina,0,0,
28,13981699,Sassuolo,Luca Moro,F,Panchina,0,0,
28,13981699,Sassuolo,Sebastian Walukiewicz,D,Panchina,0,0,
28,13981699,Sassuolo,Darryl Bakola,M,Panchina,0,0,
28,13981699,Sassuolo,Stefano Turati,G,Panchina,0,0,
28,13981699,Sassuolo,Giacomo Satalino,G,Panchina,0,0,
28,13981699,Sassuolo,Gioele Zacchi,G,Panchina,0,0,
28,13981699,Sassuolo,Filippo Romagna,D,Panchina,0,0,
28,13981699,Sassuolo,Pedro Felipe,D,Panchina,0,0,
28,13981699,Sassuolo,Edoardo Iannoni,M,Panchina,0,0,
28,13981699,Sassuolo,Cristian Volpato,M,Panchina,0,0,
28,13981699,Sassuolo,Aster Vranckx,M,Panchina,0,0,
28,13981700,AC Milan,Mike Maignan,G,Titolare,0,0,
28,13981700,AC Milan,Fikayo Tomori,D,Titolare,0,0,
28,13981700,AC Milan,Koni De Winter,D,Titolare,0,0,
28,13981700,AC Milan,Strahinja Pavlović,D,Titolare,0,0,
28,13981700,AC Milan,Alexis Saelemaekers,M,Titolare,0,0,
28,13981700,AC Milan,Youssouf Fofana,M,Titolare,0,0,
28,13981700,AC Milan,Luka Modrić,M,Titolare,0,0,
28,13981700,AC Milan,Adrien Rabiot,M,Titolare,0,0,
28,13981700,AC Milan,Pervis Estupiñán,M,Titolare,0,0,
28,13981700,AC Milan,Rafael Leão,F,Titolare,0,0,
28,13981700,AC Milan,Christian Pulišić,F,Titolare,0,0,
28,13981700,AC Milan,Samuele Ricci,M,Panchina,0,0,
28,13981700,AC Milan,Niclas Füllkrug,F,Panchina,0,0,
28,13981700,AC Milan,Christopher Nkunku,F,Panchina,0,0,
28,13981700,AC Milan,Pietro Terracciano,G,Panchina,0,0,
28,13981700,AC Milan,Lorenzo Torriani,G,Panchina,0,0,
28,13981700,AC Milan,Zachary Athekame,D,Panchina,0,0,
28,13981700,AC Milan,David Odogu,D,Panchina,0,0,
28,13981700,AC Milan,Davide Bartesaghi,M,Panchina,0,0,
28,13981700,AC Milan,Ardon Jashari,M,Panchina,0,0,
28,13981700,Inter,Yann Sommer,G,Titolare,0,0,
28,13981700,Inter,Yann Bisseck,D,Titolare,0,0,
28,13981700,Inter,Manuel Akanji,D,Titolare,0,0,
28,13981700,Inter,Alessandro Bastoni,D,Titolare,0,0,
28,13981700,Inter,Luís Henrique,M,Titolare,0,0,
28,13981700,Inter,Nicolò Barella,M,Titolare,0,0,
28,13981700,Inter,Piotr Zieliński,M,Titolare,0,0,
28,13981700,Inter,Henrikh Mkhitaryan,M,Titolare,0,0,
28,13981700,Inter,Federico Dimarco,M,Titolare,0,0,
28,13981700,Inter,Ange-Yoan Bonny,F,Titolare,0,0,
28,13981700,Inter,Francesco Pio Esposito,F,Titolare,0,0,
28,13981700,Inter,Denzel Dumfries,M,Panchina,0,0,
28,13981700,Inter,Petar Sučić,M,Panchina,0,0,
28,13981700,Inter,Carlos Augusto,D,Panchina,0,0,
28,13981700,Inter,Davide Frattesi,M,Panchina,0,0,
28,13981700,Inter,Andy Diouf,M,Panchina,0,0,
28,13981700,Inter,Josep Martínez,G,Panchina,0,0,
28,13981700,Inter,Raffaele Di Gennaro,G,Panchina,0,0,
28,13981700,Inter,Francesco Acerbi,D,Panchina,0,0,
28,13981700,Inter,Stefan de Vrij,D,Panchina,0,0,
28,13981700,Inter,Matteo Darmian,D,Panchina,0,0,
28,13981700,Inter,Hakan Çalhanoğlu,M,Panchina,0,0,
28,13981700,Inter,Matteo Lavelli,F,Panchina,0,0,
28,13981700,Inter,Lautaro Martínez,F,Panchina,0,0,
28,13981701,Lecce,Wladimiro Falcone,G,Titolare,0,0,
28,13981701,Lecce,Danilo Veiga,D,Titolare,0,0,
28,13981701,Lecce,Jamil Siebert,D,Titolare,0,0,
28,13981701,Lecce,Tiago Gabriel,D,Titolare,0,0,
28,13981701,Lecce,Antonino Gallo,D,Titolare,0,0,
28,13981701,Lecce,Ylber Ramadani,M,Titolare,0,0,
28,13981701,Lecce,Oumar Ngom,M,Titolare,0,0,
28,13981701,Lecce,Santiago Pierotti,F,Titolare,0,0,
28,13981701,Lecce,Lassana Coulibaly,M,Titolare,0,0,
28,13981701,Lecce,Lameck Banda,M,Titolare,0,0,
28,13981701,Lecce,Nikola Štulić,F,Titolare,0,0,
28,13981701,Lecce,Walid Cheddira,F,Panchina,0,0,
28,13981701,Lecce,Omri Gandelman,M,Panchina,0,0,
28,13981701,Lecce,Gaby Jean,D,Panchina,0,0,
28,13981701,Lecce,Sadik Fofana,M,Panchina,0,0,
28,13981701,Lecce,Christian Früchtl,G,Panchina,0,0,
28,13981701,Lecce,Jasper Samooja,G,Panchina,0,0,
28,13981701,Lecce,Matías Pérez,D,Panchina,0,0,
28,13981701,Lecce,Corrie Ndaba,D,Panchina,0,0,
28,13981701,Lecce,Þórir Jóhann Helgason,M,Panchina,0,0,
28,13981701,Lecce,Alex Sala,M,Panchina,0,0,
28,13981701,Lecce,Filip Marchwiński,M,Panchina,0,0,
28,13981701,Lecce,N'Dri Konan,F,Panchina,0,0,
28,13981701,Lecce,Riccardo Sottil,F,Panchina,0,0,
28,13981701,Cremonese,Emil Audero,G,Titolare,0,0,
28,13981701,Cremonese,Matteo Bianchetti,D,Titolare,0,0,
28,13981701,Cremonese,Francesco Folino,D,Titolare,0,0,
28,13981701,Cremonese,Sebastiano Luperto,D,Titolare,0,0,
28,13981701,Cremonese,Tommaso Barbieri,M,Titolare,0,0,
28,13981701,Cremonese,Morten Thorsby,M,Titolare,0,0,
28,13981701,Cremonese,Jari Vandeputte,M,Titolare,0,0,
28,13981701,Cremonese,Youssef Maleh,M,Titolare,0,0,
28,13981701,Cremonese,Giuseppe Pezzella,M,Titolare,0,0,
28,13981701,Cremonese,Jamie Vardy,F,Titolare,0,0,
28,13981701,Cremonese,Federico Bonazzoli,F,Titolare,0,0,
28,13981701,Cremonese,Martín Payero,M,Panchina,0,0,
28,13981701,Cremonese,Alessio Zerbin,M,Panchina,0,0,
28,13981701,Cremonese,Milan Đurić,F,Panchina,0,0,
28,13981701,Cremonese,David Okereke,F,Panchina,0,0,
28,13981701,Cremonese,Antonio Sanabria,F,Panchina,0,0,
28,13981701,Cremonese,Marco Silvestri,G,Panchina,0,0,
28,13981701,Cremonese,Lapo Nava,G,Panchina,0,0,
28,13981701,Cremonese,Mikayil Faye,D,Panchina,0,0,
28,13981701,Cremonese,Federico Ceccherini,D,Panchina,0,0,
28,13981701,Cremonese,Alberto Grassi,M,Panchina,0,0,
28,13981701,Cremonese,Romano Floriani Mussolini,M,Panchina,0,0,
28,13981701,Cremonese,Warren Bondo,M,Panchina,0,0,
28,13981702,SSC Napoli,Vanja Milinković-Savić,G,Titolare,0,0,
28,13981702,SSC Napoli,Juan Jesus,D,Titolare,0,0,
28,13981702,SSC Napoli,Alessandro Buongiorno,D,Titolare,0,0,
28,13981702,SSC Napoli,Mathías Olivera,D,Titolare,0,0,
28,13981702,SSC Napoli,Matteo Politano,M,Titolare,0,0,
28,13981702,SSC Napoli,Billy Gilmour,M,Titolare,0,0,
28,13981702,SSC Napoli,Eljif Elmas,M,Titolare,0,0,
28,13981702,SSC Napoli,Leonardo Spinazzola,D,Titolare,0,0,
28,13981702,SSC Napoli,Antonio Vergara,F,Titolare,0,0,
28,13981702,SSC Napoli,Alisson Santos,F,Titolare,0,0,
28,13981702,SSC Napoli,Rasmus Højlund,F,Titolare,0,0,
28,13981702,SSC Napoli,Frank Anguissa,M,Panchina,0,0,
28,13981702,SSC Napoli,Miguel Gutiérrez,D,Panchina,0,0,
28,13981702,SSC Napoli,Kevin De Bruyne,M,Panchina,0,0,
28,13981702,SSC Napoli,Pasquale Mazzocchi,M,Panchina,0,0,
28,13981702,SSC Napoli,Romelu Lukaku,F,Panchina,0,0,
28,13981702,SSC Napoli,Alex Meret,G,Panchina,0,0,
28,13981702,SSC Napoli,Nikita Contini,G,Panchina,0,0,
28,13981702,SSC Napoli,Sam Beukema,D,Panchina,0,0,
28,13981702,SSC Napoli,Giovane,F,Panchina,0,0,
28,13981702,Torino,Alberto Paleari,G,Titolare,0,0,
28,13981702,Torino,Saúl Coco,D,Titolare,0,0,
28,13981702,Torino,Ardian Ismajli,D,Titolare,0,0,
28,13981702,Torino,Enzo Ebosse,D,Titolare,0,0,
28,13981702,Torino,Valentino Lazaro,M,Titolare,0,0,
28,13981702,Torino,Matteo Prati,M,Titolare,0,0,
28,13981702,Torino,Gvidas Gineitis,M,Titolare,0,0,
28,13981702,Torino,Rafael Obrador,M,Titolare,0,0,
28,13981702,Torino,Nikola Vlašić,M,Titolare,0,0,
28,13981702,Torino,Duván Zapata,F,Titolare,0,0,
28,13981702,Torino,Giovanni Simeone,F,Titolare,0,0,
28,13981702,Torino,Marcus Pedersen,M,Panchina,0,0,
28,13981702,Torino,Che Adams,F,Panchina,0,0,
28,13981702,Torino,Cesare Casadei,M,Panchina,0,0,
28,13981702,Torino,Sandro Kulenović,F,Panchina,0,0,
28,13981702,Torino,Tino Anjorin,M,Panchina,0,0,
28,13981702,Torino,Lapo Siviero,G,Panchina,0,0,
28,13981702,Torino,Franco Israel,G,Panchina,0,0,
28,13981702,Torino,Luca Marianucci,D,Panchina,0,0,
28,13981702,Torino,Niels Nkounkou,D,Panchina,0,0,
28,13981702,Torino,Adrien Tameze,D,Panchina,0,0,
28,13981702,Torino,Cristiano Biraghi,D,Panchina,0,0,
28,13981702,Torino,Guillermo Maripán,D,Panchina,0,0,
28,13981702,Torino,Ivan Ilić,M,Panchina,0,0,
28,13981702,Torino,Emirhan İlkhan,M,Panchina,0,0,
28,13981702,Torino,Alieu Njie,F,Panchina,0,0,
29,13981703,Como,Jean Butez,G,Titolare,0,0,
29,13981703,Como,Jacobo Ramón,D,Titolare,0,0,
29,13981703,Como,Diego Carlos,D,Titolare,0,0,
29,13981703,Como,Marc Kempf,D,Titolare,0,0,
29,13981703,Como,Ivan Smolčić,D,Titolare,0,0,
29,13981703,Como,Lucas Da Cunha,M,Titolare,0,0,
29,13981703,Como,Sergi Roberto,M,Titolare,0,0,
29,13981703,Como,Álex Valle,D,Titolare,0,0,
29,13981703,Como,Maxence Caqueret,M,Titolare,0,0,
29,13981703,Como,Martin Baturina,M,Titolare,0,0,
29,13981703,Como,Nico Paz,M,Titolare,0,0,
29,13981703,Como,Assane Diao,M,Panchina,0,0,
29,13981703,Como,Anastasios Douvikas,F,Panchina,0,0,
29,13981703,Como,Máximo Perrone,M,Panchina,0,0,
29,13981703,Como,Jesús Rodriguez,M,Panchina,0,0,
29,13981703,Como,Ignace Van der Brempt,D,Panchina,0,0,
29,13981703,Como,Nikola Čavlina,G,Panchina,0,0,
29,13981703,Como,Noel Törnqvist,G,Panchina,0,0,
29,13981703,Como,Mauro Vigorito,G,Panchina,0,0,
29,13981703,Como,Alberto Moreno,D,Panchina,0,0,
29,13981703,Como,Edoardo Goldaniga,D,Panchina,0,0,
29,13981703,Como,Mërgim Vojvoda,D,Panchina,0,0,
29,13981703,Como,Adrian Lahdo,M,Panchina,0,0,
29,13981703,Como,Nicolas-Gerrit Kühn,F,Panchina,0,0,
29,13981703,Como,Álvaro Morata,F,Panchina,0,0,
29,13981703,AS Roma,Mile Svilar,G,Titolare,0,0,
29,13981703,AS Roma,Daniele Ghilardi,D,Titolare,0,0,
29,13981703,AS Roma,Gianluca Mancini,D,Titolare,0,0,
29,13981703,AS Roma,Mario Hermoso,D,Titolare,0,0,
29,13981703,AS Roma,Zeki Çelik,D,Titolare,0,0,
29,13981703,AS Roma,Bryan Cristante,M,Titolare,0,0,
29,13981703,AS Roma,Manu Koné,M,Titolare,0,0,
29,13981703,AS Roma,Wesley,M,Titolare,0,0,
29,13981703,AS Roma,Lorenzo Pellegrini,F,Titolare,0,0,
29,13981703,AS Roma,Stephan El Shaarawy,F,Titolare,0,0,
29,13981703,AS Roma,Donyell Malen,F,Titolare,0,0,
29,13981703,AS Roma,Devyne Rensch,M,Panchina,0,0,
29,13981703,AS Roma,Niccolò Pisilli,M,Panchina,0,0,
29,13981703,AS Roma,Robinio Vaz,F,Panchina,0,0,
29,13981703,AS Roma,Jan Ziółkowski,D,Panchina,0,0,
29,13981703,AS Roma,Kostas Tsimikas,D,Panchina,0,0,
29,13981703,AS Roma,Giorgio De Marzi,G,Panchina,0,0,
29,13981703,AS Roma,Pierluigi Gollini,G,Panchina,0,0,
29,13981703,AS Roma,Angeliño,M,Panchina,0,0,
29,13981703,AS Roma,Neil El Aynaoui,M,Panchina,0,0,
29,13981703,AS Roma,Lorenzo Venturino,F,Panchina,0,0,
29,13981703,AS Roma,Bryan Zaragoza,F,Panchina,0,0,
29,13981704,Cremonese,Emil Audero,G,Titolare,0,0,
29,13981704,Cremonese,Federico Ceccherini,D,Titolare,0,0,
29,13981704,Cremonese,Francesco Folino,D,Titolare,0,0,
29,13981704,Cremonese,Sebastiano Luperto,D,Titolare,0,0,
29,13981704,Cremonese,Tommaso Barbieri,M,Titolare,0,0,
29,13981704,Cremonese,Morten Thorsby,M,Titolare,0,0,
29,13981704,Cremonese,Warren Bondo,M,Titolare,0,0,
29,13981704,Cremonese,Youssef Maleh,M,Titolare,0,0,
29,13981704,Cremonese,Romano Floriani Mussolini,M,Titolare,0,0,
29,13981704,Cremonese,Federico Bonazzoli,F,Titolare,0,0,
29,13981704,Cremonese,Milan Đurić,F,Titolare,0,0,
29,13981704,Cremonese,Alberto Grassi,M,Panchina,0,0,
29,13981704,Cremonese,David Okereke,F,Panchina,0,0,
29,13981704,Cremonese,Jari Vandeputte,M,Panchina,0,0,
29,13981704,Cremonese,Alessio Zerbin,M,Panchina,0,0,
29,13981704,Cremonese,Filippo Terracciano,D,Panchina,0,0,
29,13981704,Cremonese,Marco Silvestri,G,Panchina,0,0,
29,13981704,Cremonese,Lapo Nava,G,Panchina,0,0,
29,13981704,Cremonese,Mikayil Faye,D,Panchina,0,0,
29,13981704,Cremonese,Matteo Bianchetti,D,Panchina,0,0,
29,13981704,Cremonese,Martín Payero,M,Panchina,0,0,
29,13981704,Cremonese,Antonio Sanabria,F,Panchina,0,0,
29,13981704,Cremonese,Faris Moumbagna,F,Panchina,0,0,
29,13981704,Fiorentina,David De Gea,G,Titolare,0,0,
29,13981704,Fiorentina,Dodô,M,Titolare,0,0,
29,13981704,Fiorentina,Marin Pongračić,D,Titolare,0,0,
29,13981704,Fiorentina,Luca Ranieri,D,Titolare,0,0,
29,13981704,Fiorentina,Robin Gosens,D,Titolare,0,0,
29,13981704,Fiorentina,Rolando Mandragora,M,Titolare,0,0,
29,13981704,Fiorentina,Nicolò Fagioli,M,Titolare,0,0,
29,13981704,Fiorentina,Marco Brescianini,M,Titolare,0,0,
29,13981704,Fiorentina,Fabiano Parisi,D,Titolare,0,0,
29,13981704,Fiorentina,Roberto Piccoli,F,Titolare,0,0,
29,13981704,Fiorentina,Albert Guðmundsson,F,Titolare,0,0,
29,13981704,Fiorentina,Cher Ndour,M,Panchina,0,0,
29,13981704,Fiorentina,Jack Harrison,F,Panchina,0,0,
29,13981704,Fiorentina,Daniele Rugani,D,Panchina,0,0,
29,13981704,Fiorentina,Jacopo Fazzini,F,Panchina,0,0,
29,13981704,Fiorentina,Giovanni Fabbian,M,Panchina,0,0,
29,13981704,Fiorentina,Pietro Leonardelli,G,Panchina,0,0,
29,13981704,Fiorentina,Oliver Christensen,G,Panchina,0,0,
29,13981704,Fiorentina,Pietro Comuzzo,D,Panchina,0,0,
29,13981704,Fiorentina,Luís Balbo,D,Panchina,0,0,
29,13981704,Fiorentina,Eddy Kouadio,D,Panchina,0,0,
29,13981704,Fiorentina,Moise Kean,F,Panchina,0,0,
29,13981704,Fiorentina,Riccardo Braschi,F,Panchina,0,0,
29,13981705,Inter,Yann Sommer,G,Titolare,0,0,
29,13981705,Inter,Yann Bisseck,D,Titolare,0,0,
29,13981705,Inter,Manuel Akanji,D,Titolare,0,0,
29,13981705,Inter,Carlos Augusto,D,Titolare,0,0,
29,13981705,Inter,Denzel Dumfries,M,Titolare,0,0,
29,13981705,Inter,Nicolò Barella,M,Titolare,0,0,
29,13981705,Inter,Piotr Zieliński,M,Titolare,0,0,
29,13981705,Inter,Petar Sučić,M,Titolare,0,0,
29,13981705,Inter,Federico Dimarco,M,Titolare,0,0,
29,13981705,Inter,Marcus Thuram,F,Titolare,0,0,
29,13981705,Inter,Francesco Pio Esposito,F,Titolare,0,0,
29,13981705,Inter,Henrikh Mkhitaryan,M,Panchina,0,0,
29,13981705,Inter,Luís Henrique,M,Panchina,0,0,
29,13981705,Inter,Ange-Yoan Bonny,F,Panchina,0,0,
29,13981705,Inter,Davide Frattesi,M,Panchina,0,0,
29,13981705,Inter,Stefan de Vrij,D,Panchina,0,0,
29,13981705,Inter,Raffaele Di Gennaro,G,Panchina,0,0,
29,13981705,Inter,Josep Martínez,G,Panchina,0,0,
29,13981705,Inter,Matteo Darmian,D,Panchina,0,0,
29,13981705,Inter,Alessandro Bastoni,D,Panchina,0,0,
29,13981705,Inter,Francesco Acerbi,D,Panchina,0,0,
29,13981705,Inter,Andy Diouf,M,Panchina,0,0,
29,13981705,Inter,Iwo Kaczmarski,M,Panchina,0,0,
29,13981705,Inter,Matteo Lavelli,F,Panchina,0,0,
29,13981705,Atalanta,Marco Carnesecchi,G,Titolare,0,0,
29,13981705,Atalanta,Giorgio Scalvini,D,Titolare,0,0,
29,13981705,Atalanta,Berat Djimsiti,D,Titolare,0,0,
29,13981705,Atalanta,Sead Kolašinac,D,Titolare,0,0,
29,13981705,Atalanta,Davide Zappacosta,M,Titolare,0,0,
29,13981705,Atalanta,Marten de Roon,M,Titolare,0,0,
29,13981705,Atalanta,Mario Pašalić,M,Titolare,0,0,
29,13981705,Atalanta,Lorenzo Bernasconi,M,Titolare,0,0,
29,13981705,Atalanta,Lazar Samardžić,M,Titolare,0,0,
29,13981705,Atalanta,Nicola Zalewski,M,Titolare,0,0,
29,13981705,Atalanta,Gianluca Scamacca,F,Titolare,0,0,
29,13981705,Atalanta,Nikola Krstović,F,Panchina,0,0,
29,13981705,Atalanta,Éderson,M,Panchina,0,0,
29,13981705,Atalanta,Isak Hien,D,Panchina,0,0,
29,13981705,Atalanta,Kamaldeen Sulemana,F,Panchina,0,0,
29,13981705,Atalanta,Charles De Ketelaere,F,Panchina,0,0,
29,13981705,Atalanta,Marco Sportiello,G,Panchina,0,0,
29,13981705,Atalanta,Francesco Rossi,G,Panchina,0,0,
29,13981705,Atalanta,Honest Ahanor,D,Panchina,0,0,
29,13981705,Atalanta,Odilon Kossounou,D,Panchina,0,0,
29,13981705,Atalanta,Mitchel Bakker,D,Panchina,0,0,
29,13981705,Atalanta,Raoul Bellanova,M,Panchina,0,0,
29,13981705,Atalanta,Yunus Musah,M,Panchina,0,0,
29,13981706,Pisa,Nícolas,G,Titolare,0,0,
29,13981706,Pisa,Arturo Calabresi,D,Titolare,0,0,
29,13981706,Pisa,Antonio Caracciolo,D,Titolare,0,0,
29,13981706,Pisa,Simone Canestrelli,D,Titolare,0,0,
29,13981706,Pisa,Mehdi Léris,M,Titolare,0,0,
29,13981706,Pisa,Michel Aebischer,M,Titolare,0,0,
29,13981706,Pisa,Marius Marin,M,Titolare,0,0,
29,13981706,Pisa,Samuele Angori,M,Titolare,0,0,
29,13981706,Pisa,Stefano Moreo,F,Titolare,0,0,
29,13981706,Pisa,Rafiu Durosinmi,F,Titolare,0,0,
29,13981706,Pisa,Matteo Tramoni,F,Titolare,0,0,
29,13981706,Pisa,Malthe Højholt,M,Panchina,0,0,
29,13981706,Pisa,Raúl Albiol,D,Panchina,0,0,
29,13981706,Pisa,Ebenezer Akinsanmiro,M,Panchina,0,0,
29,13981706,Pisa,Idrissa Touré,M,Panchina,0,0,
29,13981706,Pisa,Matteo Luppichini,G,Panchina,0,0,
29,13981706,Pisa,Adrian Šemper,G,Panchina,0,0,
29,13981706,Pisa,Rosen Bozhinov,D,Panchina,0,0,
29,13981706,Pisa,Francesco Coppola,D,Panchina,0,0,
29,13981706,Pisa,Felipe Loyola,M,Panchina,0,0,
29,13981706,Pisa,Gabriele Piccinini,M,Panchina,0,0,
29,13981706,Pisa,Samuel Iling Junior,M,Panchina,0,0,
29,13981706,Pisa,Henrik Wendel Meister,F,Panchina,0,0,
29,13981706,Pisa,Filip Stojilković,F,Panchina,0,0,
29,13981706,Cagliari,Elia Caprile,G,Titolare,0,0,
29,13981706,Cagliari,Zé Pedro,D,Titolare,0,0,
29,13981706,Cagliari,Yerry Mina,D,Titolare,0,0,
29,13981706,Cagliari,Alberto Dossena,D,Titolare,0,0,
29,13981706,Cagliari,Adam Obert,D,Titolare,0,0,
29,13981706,Cagliari,Marco Palestra,M,Titolare,0,0,
29,13981706,Cagliari,Michel Adopo,M,Titolare,0,0,
29,13981706,Cagliari,Gianluca Gaetano,M,Titolare,0,0,
29,13981706,Cagliari,Sulemana,M,Titolare,0,0,
29,13981706,Cagliari,Semih Kılıçsoy,F,Titolare,0,0,
29,13981706,Cagliari,Michael Folorunsho,M,Titolare,0,0,
29,13981706,Cagliari,Gabriele Zappa,D,Panchina,0,0,
29,13981706,Cagliari,Leonardo Pavoletti,F,Panchina,0,0,
29,13981706,Cagliari,Luca Mazzitelli,M,Panchina,0,0,
29,13981706,Cagliari,Yael Trepy,F,Panchina,0,0,
29,13981706,Cagliari,Agustín Albarracín,M,Panchina,0,0,
29,13981706,Cagliari,Alen Sherri,G,Panchina,0,0,
29,13981706,Cagliari,Giuseppe Ciocci,G,Panchina,0,0,
29,13981706,Cagliari,Juan Rodríguez,D,Panchina,0,0,
29,13981706,Cagliari,Othniël Raterink,D,Panchina,0,0,
29,13981706,Cagliari,Alessandro Deiola,M,Panchina,0,0,
29,13981706,Cagliari,Joseph Liteta,M,Panchina,0,0,
29,13981706,Cagliari,Roberto Malfitano,M,Panchina,0,0,
29,13981706,Cagliari,Ivan Sulev,M,Panchina,0,0,
29,13981706,Cagliari,Paul Mendy,F,Panchina,0,0,
29,13981707,Lazio,Edoardo Motta,G,Titolare,0,0,
29,13981707,Lazio,Adam Marušić,D,Titolare,0,0,
29,13981707,Lazio,Mario Gila,D,Titolare,0,0,
29,13981707,Lazio,Oliver Provstgaard,D,Titolare,0,0,
29,13981707,Lazio,Nuno Tavares,D,Titolare,0,0,
29,13981707,Lazio,Fisayo Dele-Bashiru,M,Titolare,0,0,
29,13981707,Lazio,Patric,D,Titolare,0,0,
29,13981707,Lazio,Kenneth Taylor,M,Titolare,0,0,
29,13981707,Lazio,Gustav Isaksen,F,Titolare,0,0,
29,13981707,Lazio,Daniel Maldini,F,Titolare,0,0,
29,13981707,Lazio,Mattia Zaccagni,F,Titolare,0,0,
29,13981707,Lazio,Pedro,F,Panchina,0,0,
29,13981707,Lazio,Boulaye Dia,F,Panchina,0,0,
29,13981707,Lazio,Matteo Cancellieri,F,Panchina,0,0,
29,13981707,Lazio,Reda Belahyane,M,Panchina,0,0,
29,13981707,Lazio,Alessio Furlanetto,G,Panchina,0,0,
29,13981707,Lazio,Giacomo Giacomone,G,Panchina,0,0,
29,13981707,Lazio,Elseid Hysaj,D,Panchina,0,0,
29,13981707,Lazio,Luca Pellegrini,D,Panchina,0,0,
29,13981707,Lazio,Manuel Lazzari,D,Panchina,0,0,
29,13981707,Lazio,Adrian Przyborek,M,Panchina,0,0,
29,13981707,Lazio,Petar Ratkov,F,Panchina,0,0,
29,13981707,Lazio,Tijjani Noslin,F,Panchina,0,0,
29,13981707,AC Milan,Mike Maignan,G,Titolare,0,0,
29,13981707,AC Milan,Fikayo Tomori,D,Titolare,0,0,
29,13981707,AC Milan,Koni De Winter,D,Titolare,0,0,
29,13981707,AC Milan,Strahinja Pavlović,D,Titolare,0,0,
29,13981707,AC Milan,Alexis Saelemaekers,M,Titolare,0,0,
29,13981707,AC Milan,Youssouf Fofana,M,Titolare,0,0,
29,13981707,AC Milan,Luka Modrić,M,Titolare,0,0,
29,13981707,AC Milan,Ardon Jashari,M,Titolare,0,0,
29,13981707,AC Milan,Pervis Estupiñán,M,Titolare,0,0,
29,13981707,AC Milan,Rafael Leão,F,Titolare,0,0,
29,13981707,AC Milan,Christian Pulišić,F,Titolare,0,0,
29,13981707,AC Milan,Zachary Athekame,D,Panchina,0,0,
29,13981707,AC Milan,Davide Bartesaghi,M,Panchina,0,0,
29,13981707,AC Milan,Christopher Nkunku,F,Panchina,0,0,
29,13981707,AC Milan,Niclas Füllkrug,F,Panchina,0,0,
29,13981707,AC Milan,Samuele Ricci,M,Panchina,0,0,
29,13981707,AC Milan,Matteo Pittarella,G,Panchina,0,0,
29,13981707,AC Milan,Pietro Terracciano,G,Panchina,0,0,
29,13981707,AC Milan,David Odogu,D,Panchina,0,0,
29,13981708,SSC Napoli,Alex Meret,G,Titolare,0,0,
29,13981708,SSC Napoli,Sam Beukema,D,Titolare,0,0,
29,13981708,SSC Napoli,Alessandro Buongiorno,D,Titolare,0,0,
29,13981708,SSC Napoli,Mathías Olivera,D,Titolare,0,0,
29,13981708,SSC Napoli,Matteo Politano,M,Titolare,0,0,
29,13981708,SSC Napoli,Frank Anguissa,M,Titolare,0,0,
29,13981708,SSC Napoli,Billy Gilmour,M,Titolare,0,0,
29,13981708,SSC Napoli,Leonardo Spinazzola,D,Titolare,0,0,
29,13981708,SSC Napoli,Eljif Elmas,M,Titolare,0,0,
29,13981708,SSC Napoli,Alisson Santos,F,Titolare,0,0,
29,13981708,SSC Napoli,Rasmus Højlund,F,Titolare,0,0,
29,13981708,SSC Napoli,Kevin De Bruyne,M,Panchina,0,0,
29,13981708,SSC Napoli,Scott McTominay,M,Panchina,0,0,
29,13981708,SSC Napoli,Miguel Gutiérrez,D,Panchina,0,0,
29,13981708,SSC Napoli,Pasquale Mazzocchi,M,Panchina,0,0,
29,13981708,SSC Napoli,Giovane,F,Panchina,0,0,
29,13981708,SSC Napoli,Vanja Milinković-Savić,G,Panchina,0,0,
29,13981708,SSC Napoli,Nikita Contini,G,Panchina,0,0,
29,13981708,SSC Napoli,Juan Jesus,D,Panchina,0,0,
29,13981708,SSC Napoli,Romelu Lukaku,F,Panchina,0,0,
29,13981708,Lecce,Wladimiro Falcone,G,Titolare,0,0,
29,13981708,Lecce,Danilo Veiga,D,Titolare,0,0,
29,13981708,Lecce,Jamil Siebert,D,Titolare,0,0,
29,13981708,Lecce,Tiago Gabriel,D,Titolare,0,0,
29,13981708,Lecce,Antonino Gallo,D,Titolare,0,0,
29,13981708,Lecce,Ylber Ramadani,M,Titolare,0,0,
29,13981708,Lecce,Oumar Ngom,M,Titolare,0,0,
29,13981708,Lecce,Santiago Pierotti,F,Titolare,0,0,
29,13981708,Lecce,Lassana Coulibaly,M,Titolare,0,0,
29,13981708,Lecce,Lameck Banda,M,Titolare,0,0,
29,13981708,Lecce,Nikola Štulić,F,Titolare,0,0,
29,13981708,Lecce,Omri Gandelman,M,Panchina,0,0,
29,13981708,Lecce,Walid Cheddira,F,Panchina,0,0,
29,13981708,Lecce,Corrie Ndaba,D,Panchina,0,0,
29,13981708,Lecce,N'Dri Konan,F,Panchina,0,0,
29,13981708,Lecce,Sadik Fofana,M,Panchina,0,0,
29,13981708,Lecce,Jasper Samooja,G,Panchina,0,0,
29,13981708,Lecce,Christian Früchtl,G,Panchina,0,0,
29,13981708,Lecce,Gaby Jean,D,Panchina,0,0,
29,13981708,Lecce,Matías Pérez,D,Panchina,0,0,
29,13981708,Lecce,Filip Marchwiński,M,Panchina,0,0,
29,13981708,Lecce,Þórir Jóhann Helgason,M,Panchina,0,0,
29,13981708,Lecce,Alex Sala,M,Panchina,0,0,
29,13981708,Lecce,Riccardo Sottil,F,Panchina,0,0,
29,13981710,Hellas Verona,Lorenzo Montipò,G,Titolare,0,0,
29,13981710,Hellas Verona,Victor Nelsson,D,Titolare,0,0,
29,13981710,Hellas Verona,Andrias Edmundsson,D,Titolare,0,0,
29,13981710,Hellas Verona,Nicolás Valentini,D,Titolare,0,0,
29,13981710,Hellas Verona,Daniel Oyegoke,M,Titolare,0,0,
29,13981710,Hellas Verona,Jean Daniel Akpa-Akpro,M,Titolare,0,0,
29,13981710,Hellas Verona,Roberto Gagliardini,M,Titolare,0,0,
29,13981710,Hellas Verona,Abdou Harroui,M,Titolare,0,0,
29,13981710,Hellas Verona,Martin Frese,D,Titolare,0,0,
29,13981710,Hellas Verona,Kieron Bowie,F,Titolare,0,0,
29,13981710,Hellas Verona,Gift Orban,F,Titolare,0,0,
29,13981710,Hellas Verona,Rafik Belghali,M,Panchina,0,0,
29,13981710,Hellas Verona,Tomáš Suslov,F,Panchina,0,0,
29,13981710,Hellas Verona,Amin Sarr,F,Panchina,0,0,
29,13981710,Hellas Verona,Daniel Mosquera,F,Panchina,0,0,
29,13981710,Hellas Verona,Simone Perilli,G,Panchina,0,0,
29,13981710,Hellas Verona,Giacomo Toniolo,G,Panchina,0,0,
29,13981710,Hellas Verona,Pol Lirola,D,Panchina,0,0,
29,13981710,Hellas Verona,Fallou Cham,D,Panchina,0,0,
29,13981710,Hellas Verona,Cheikh Niasse,M,Panchina,0,0,
29,13981710,Hellas Verona,Davide De Battisti,M,Panchina,0,0,
29,13981710,Hellas Verona,Moatasem Al-Musrati,M,Panchina,0,0,
29,13981710,Hellas Verona,Isaac,F,Panchina,0,0,
29,13981710,Genoa,Justin Bijlow,G,Titolare,0,0,
29,13981710,Genoa,Alessandro Marcandalli,D,Titolare,0,0,
29,13981710,Genoa,Leo Østigård,D,Titolare,0,0,
29,13981710,Genoa,Johan Vásquez,D,Titolare,0,0,
29,13981710,Genoa,Mikael Ellertsson,M,Titolare,0,0,
29,13981710,Genoa,Junior Messias,F,Titolare,0,0,
29,13981710,Genoa,Morten Frendrup,M,Titolare,0,0,
29,13981710,Genoa,Ruslan Malinovskyi,M,Titolare,0,0,
29,13981710,Genoa,Stefano Sabelli,M,Titolare,0,0,
29,13981710,Genoa,Lorenzo Colombo,F,Titolare,0,0,
29,13981710,Genoa,Caleb Ekuban,F,Titolare,0,0,
29,13981710,Genoa,Brooke Norton-Cuffy,D,Panchina,0,0,
29,13981710,Genoa,Vitinha,F,Panchina,0,0,
29,13981710,Genoa,Alexsandro Amorim,M,Panchina,0,0,
29,13981710,Genoa,Aarón Martín,M,Panchina,0,0,
29,13981710,Genoa,Jeff Ekhator,F,Panchina,0,0,
29,13981710,Genoa,Nicola Leali,G,Panchina,0,0,
29,13981710,Genoa,Daniele Sommariva,G,Panchina,0,0,
29,13981710,Genoa,Sebastian Otoa,D,Panchina,0,0,
29,13981710,Genoa,Nils Zätterström,D,Panchina,0,0,
29,13981710,Genoa,Tommaso Baldanzi,M,Panchina,0,0,
29,13981710,Genoa,Gael Lafont,M,Panchina,0,0,
29,13981710,Genoa,Maxwel Cornet,F,Panchina,0,0,
29,13981711,Sassuolo,Arijanet Murić,G,Titolare,0,0,
29,13981711,Sassuolo,Sebastian Walukiewicz,D,Titolare,0,0,
29,13981711,Sassuolo,Jay Idzes,D,Titolare,0,0,
29,13981711,Sassuolo,Tarik Muharemović,D,Titolare,0,0,
29,13981711,Sassuolo,Ulisses Garcia,D,Titolare,0,0,
29,13981711,Sassuolo,Ismael Koné,M,Titolare,0,0,
29,13981711,Sassuolo,Nemanja Matić,M,Titolare,0,0,
29,13981711,Sassuolo,Kristian Thorstvedt,M,Titolare,0,0,
29,13981711,Sassuolo,Domenico Berardi,F,Titolare,0,0,
29,13981711,Sassuolo,Andrea Pinamonti,F,Titolare,0,0,
29,13981711,Sassuolo,Armand Laurienté,F,Titolare,0,0,
29,13981711,Sassuolo,Cristian Volpato,M,Panchina,0,0,
29,13981711,Sassuolo,M'bala Nzola,F,Panchina,0,0,
29,13981711,Sassuolo,Josh Doig,D,Panchina,0,0,
29,13981711,Sassuolo,Aster Vranckx,M,Panchina,0,0,
29,13981711,Sassuolo,Darryl Bakola,M,Panchina,0,0,
29,13981711,Sassuolo,Giacomo Satalino,G,Panchina,0,0,
29,13981711,Sassuolo,Gioele Zacchi,G,Panchina,0,0,
29,13981711,Sassuolo,Stefano Turati,G,Panchina,0,0,
29,13981711,Sassuolo,Filippo Romagna,D,Panchina,0,0,
29,13981711,Sassuolo,Woyo Coulibaly,D,Panchina,0,0,
29,13981711,Sassuolo,Pedro Felipe,D,Panchina,0,0,
29,13981711,Sassuolo,Edoardo Iannoni,M,Panchina,0,0,
29,13981711,Sassuolo,Luca Lipani,M,Panchina,0,0,
29,13981711,Sassuolo,Luca Moro,F,Panchina,0,0,
29,13981711,Bologna,Łukasz Skorupski,G,Titolare,0,0,
29,13981711,Bologna,Lorenzo De Silvestri,D,Titolare,0,0,
29,13981711,Bologna,Martin Vitík,D,Titolare,0,0,
29,13981711,Bologna,Jhon Lucumí,D,Titolare,0,0,
29,13981711,Bologna,Juan Miranda,D,Titolare,0,0,
29,13981711,Bologna,Simon Sohm,M,Titolare,0,0,
29,13981711,Bologna,Nikola Moro,M,Titolare,0,0,
29,13981711,Bologna,Riccardo Orsolini,M,Titolare,0,0,
29,13981711,Bologna,Jens Odgaard,M,Titolare,0,0,
29,13981711,Bologna,Nicolò Cambiaghi,F,Titolare,0,0,
29,13981711,Bologna,Thijs Dallinga,F,Titolare,0,0,
29,13981711,Bologna,Nadir Zortea,D,Panchina,0,0,
29,13981711,Bologna,Remo Freuler,M,Panchina,0,0,
29,13981711,Bologna,Santiago Castro,F,Panchina,0,0,
29,13981711,Bologna,Tommaso Pobega,M,Panchina,0,0,
29,13981711,Bologna,Federico Bernardeschi,F,Panchina,0,0,
29,13981711,Bologna,Massimo Pessina,G,Panchina,0,0,
29,13981711,Bologna,Federico Ravaglia,G,Panchina,0,0,
29,13981711,Bologna,Torbjørn Heggem,D,Panchina,0,0,
29,13981711,Bologna,João Mário,D,Panchina,0,0,
29,13981711,Bologna,Eivind Helland,D,Panchina,0,0,
29,13981711,Bologna,Charalampos Lykogiannis,D,Panchina,0,0,
29,13981711,Bologna,Nicolò Casale,D,Panchina,0,0,
29,13981711,Bologna,Benjamín Domínguez,M,Panchina,0,0,
29,13981711,Bologna,Jonathan Rowe,F,Panchina,0,0,
29,13981712,Udinese,Maduka Okoye,G,Titolare,0,0,
29,13981712,Udinese,Kingsley Ehizibue,M,Titolare,0,0,
29,13981712,Udinese,Christian Kabasele,D,Titolare,0,0,
29,13981712,Udinese,Thomas Kristensen,D,Titolare,0,0,
29,13981712,Udinese,Jesper Karlström,M,Titolare,0,0,
29,13981712,Udinese,Oier Zarraga,M,Titolare,0,0,
29,13981712,Udinese,Jürgen Ekkelenkamp,M,Titolare,0,0,
29,13981712,Udinese,Arthur Atta,M,Titolare,0,0,
29,13981712,Udinese,Hassane Kamara,M,Titolare,0,0,
29,13981712,Udinese,Nicolò Zaniolo,F,Titolare,0,0,
29,13981712,Udinese,Keinan Davis,F,Titolare,0,0,
29,13981712,Udinese,Lennon Miller,M,Panchina,0,0,
29,13981712,Udinese,Juan Arizala,M,Panchina,0,0,
29,13981712,Udinese,Branimir Mlačić,D,Panchina,0,0,
29,13981712,Udinese,Jakub Piotrowski,M,Panchina,0,0,
29,13981712,Udinese,Idrissa Gueye,F,Panchina,0,0,
29,13981712,Udinese,Răzvan Sava,G,Panchina,0,0,
29,13981712,Udinese,Daniele Padelli,G,Panchina,0,0,
29,13981712,Udinese,Oumar Solet,D,Panchina,0,0,
29,13981712,Udinese,Abdoulaye Camara,M,Panchina,0,0,
29,13981712,Udinese,Vakoun Issouf Bayo,F,Panchina,0,0,
29,13981712,Juventus,Mattia Perin,G,Titolare,0,0,
29,13981712,Juventus,Pierre Kalulu,D,Titolare,0,0,
29,13981712,Juventus,Bremer,D,Titolare,0,0,
29,13981712,Juventus,Lloyd Kelly,D,Titolare,0,0,
29,13981712,Juventus,Weston McKennie,M,Titolare,0,0,
29,13981712,Juventus,Manuel Locatelli,M,Titolare,0,0,
29,13981712,Juventus,Khéphren Thuram,M,Titolare,0,0,
29,13981712,Juventus,Andrea Cambiaso,M,Titolare,0,0,
29,13981712,Juventus,Francisco Conceição,F,Titolare,0,0,
29,13981712,Juventus,Jérémie Boga,F,Titolare,0,0,
29,13981712,Juventus,Kenan Yıldız,F,Titolare,0,0,
29,13981712,Juventus,Teun Koopmeiners,M,Panchina,0,0,
29,13981712,Juventus,Federico Gatti,D,Panchina,0,0,
29,13981712,Juventus,Fabio Miretti,M,Panchina,0,0,
29,13981712,Juventus,Filip Kostić,M,Panchina,0,0,
29,13981712,Juventus,Jonathan David,F,Panchina,0,0,
29,13981712,Juventus,Michele Di Gregorio,G,Panchina,0,0,
29,13981712,Juventus,Carlo Pinsoglio,G,Panchina,0,0,
29,13981712,Juventus,Juan Cabal,D,Panchina,0,0,
29,13981712,Juventus,Vasilije Adžić,M,Panchina,0,0,
29,13981712,Juventus,Edon Zhegrova,F,Panchina,0,0,
29,13981712,Juventus,Loïs Openda,F,Panchina,0,0,
29,13981712,Juventus,Arkadiusz Milik,F,Panchina,0,0,
29,13981714,Torino,Alberto Paleari,G,Titolare,0,0,
29,13981714,Torino,Saúl Coco,D,Titolare,0,0,
29,13981714,Torino,Ardian Ismajli,D,Titolare,0,0,
29,13981714,Torino,Enzo Ebosse,D,Titolare,0,0,
29,13981714,Torino,Marcus Pedersen,M,Titolare,0,0,
29,13981714,Torino,Emirhan İlkhan,M,Titolare,0,0,
29,13981714,Torino,Gvidas Gineitis,M,Titolare,0,0,
29,13981714,Torino,Rafael Obrador,M,Titolare,0,0,
29,13981714,Torino,Nikola Vlašić,M,Titolare,0,0,
29,13981714,Torino,Giovanni Simeone,F,Titolare,0,0,
29,13981714,Torino,Che Adams,F,Titolare,0,0,
29,13981714,Torino,Duván Zapata,F,Panchina,0,0,
29,13981714,Torino,Matteo Prati,M,Panchina,0,0,
29,13981714,Torino,Sandro Kulenović,F,Panchina,0,0,
29,13981714,Torino,Luca Marianucci,D,Panchina,0,0,
29,13981714,Torino,Tino Anjorin,M,Panchina,0,0,
29,13981714,Torino,Lapo Siviero,G,Panchina,0,0,
29,13981714,Torino,Franco Israel,G,Panchina,0,0,
29,13981714,Torino,Guillermo Maripán,D,Panchina,0,0,
29,13981714,Torino,Adrien Tameze,D,Panchina,0,0,
29,13981714,Torino,Niels Nkounkou,D,Panchina,0,0,
29,13981714,Torino,Cristiano Biraghi,D,Panchina,0,0,
29,13981714,Torino,Valentino Lazaro,M,Panchina,0,0,
29,13981714,Torino,Cesare Casadei,M,Panchina,0,0,
29,13981714,Torino,Ivan Ilić,M,Panchina,0,0,
29,13981714,Torino,Alieu Njie,F,Panchina,0,0,
29,13981714,Parma,Zion Suzuki,G,Titolare,0,0,
29,13981714,Parma,Enrico Delprato,D,Titolare,0,0,
29,13981714,Parma,Mariano Troilo,D,Titolare,0,0,
29,13981714,Parma,Alessandro Circati,D,Titolare,0,0,
29,13981714,Parma,Mandela Keita,M,Titolare,0,0,
29,13981714,Parma,Benjamin Cremaschi,M,Titolare,0,0,
29,13981714,Parma,Christian Ordoñez,M,Titolare,0,0,
29,13981714,Parma,Oliver Sørensen,M,Titolare,0,0,
29,13981714,Parma,Emanuele Valeri,M,Titolare,0,0,
29,13981714,Parma,Mateo Pellegrino,F,Titolare,0,0,
29,13981714,Parma,Gabriel Strefezza,F,Titolare,0,0,
29,13981714,Parma,Sascha Britschgi,D,Panchina,0,0,
29,13981714,Parma,Lautaro Valenti,D,Panchina,0,0,
29,13981714,Parma,Nahuel Estévez,M,Panchina,0,0,
29,13981714,Parma,Gaetano Oristanio,M,Panchina,0,0,
29,13981714,Parma,Jacob Ondrejka,F,Panchina,0,0,
29,13981714,Parma,Edoardo Corvi,G,Panchina,0,0,
29,13981714,Parma,Filippo Rinaldi,G,Panchina,0,0,
29,13981714,Parma,Marlon Mena,D,Panchina,0,0,
29,13981714,Parma,Abdoulaye Ndiaye,D,Panchina,0,0,
29,13981714,Parma,Hans Nicolussi Caviglia,M,Panchina,0,0,
29,13981714,Parma,Franco Carboni,M,Panchina,0,0,
29,13981714,Parma,Nesta Elphege,F,Panchina,0,0,
30,13981709,Atalanta,Marco Carnesecchi,G,Titolare,0,0,
30,13981709,Atalanta,Giorgio Scalvini,D,Titolare,0,0,
30,13981709,Atalanta,Berat Djimsiti,D,Titolare,0,0,
30,13981709,Atalanta,Sead Kolašinac,D,Titolare,0,0,
30,13981709,Atalanta,Davide Zappacosta,M,Titolare,0,0,
30,13981709,Atalanta,Marten de Roon,M,Titolare,0,0,
30,13981709,Atalanta,Éderson,M,Titolare,0,0,
30,13981709,Atalanta,Lorenzo Bernasconi,M,Titolare,0,0,
30,13981709,Atalanta,Charles De Ketelaere,F,Titolare,0,0,
30,13981709,Atalanta,Nicola Zalewski,M,Titolare,0,0,
30,13981709,Atalanta,Nikola Krstović,F,Titolare,0,0,
30,13981709,Atalanta,Mario Pašalić,M,Panchina,0,0,
30,13981709,Atalanta,Giacomo Raspadori,F,Panchina,0,0,
30,13981709,Atalanta,Isak Hien,D,Panchina,0,0,
30,13981709,Atalanta,Yunus Musah,M,Panchina,0,0,
30,13981709,Atalanta,Lazar Samardžić,M,Panchina,0,0,
30,13981709,Atalanta,Francesco Rossi,G,Panchina,0,0,
30,13981709,Atalanta,Marco Sportiello,G,Panchina,0,0,
30,13981709,Atalanta,Odilon Kossounou,D,Panchina,0,0,
30,13981709,Atalanta,Honest Ahanor,D,Panchina,0,0,
30,13981709,Atalanta,Mitchel Bakker,D,Panchina,0,0,
30,13981709,Atalanta,Raoul Bellanova,M,Panchina,0,0,
30,13981709,Atalanta,Kamaldeen Sulemana,F,Panchina,0,0,
30,13981709,Hellas Verona,Lorenzo Montipò,G,Titolare,0,0,
30,13981709,Hellas Verona,Victor Nelsson,D,Titolare,0,0,
30,13981709,Hellas Verona,Andrias Edmundsson,D,Titolare,0,0,
30,13981709,Hellas Verona,Nicolás Valentini,D,Titolare,0,0,
30,13981709,Hellas Verona,Rafik Belghali,M,Titolare,0,0,
30,13981709,Hellas Verona,Jean Daniel Akpa-Akpro,M,Titolare,0,0,
30,13981709,Hellas Verona,Roberto Gagliardini,M,Titolare,0,0,
30,13981709,Hellas Verona,Abdou Harroui,M,Titolare,0,0,
30,13981709,Hellas Verona,Martin Frese,D,Titolare,0,0,
30,13981709,Hellas Verona,Kieron Bowie,F,Titolare,0,0,
30,13981709,Hellas Verona,Gift Orban,F,Titolare,0,0,
30,13981709,Hellas Verona,Daniel Oyegoke,M,Panchina,0,0,
30,13981709,Hellas Verona,Moatasem Al-Musrati,M,Panchina,0,0,
30,13981709,Hellas Verona,Tomáš Suslov,F,Panchina,0,0,
30,13981709,Hellas Verona,Amin Sarr,F,Panchina,0,0,
30,13981709,Hellas Verona,Antoine Bernede,M,Panchina,0,0,
30,13981709,Hellas Verona,Giacomo Toniolo,G,Panchina,0,0,
30,13981709,Hellas Verona,Simone Perilli,G,Panchina,0,0,
30,13981709,Hellas Verona,Pol Lirola,D,Panchina,0,0,
30,13981709,Hellas Verona,Tobias Slotsager,D,Panchina,0,0,
30,13981709,Hellas Verona,Fallou Cham,D,Panchina,0,0,
30,13981709,Hellas Verona,Cheikh Niasse,M,Panchina,0,0,
30,13981709,Hellas Verona,Daniel Mosquera,F,Panchina,0,0,
30,13981709,Hellas Verona,Isaac,F,Panchina,0,0,
30,13981713,Bologna,Federico Ravaglia,G,Titolare,0,0,
30,13981713,Bologna,Nadir Zortea,D,Titolare,0,0,
30,13981713,Bologna,Martin Vitík,D,Titolare,0,0,
30,13981713,Bologna,Torbjørn Heggem,D,Titolare,0,0,
30,13981713,Bologna,Juan Miranda,D,Titolare,0,0,
30,13981713,Bologna,Simon Sohm,M,Titolare,0,0,
30,13981713,Bologna,Nikola Moro,M,Titolare,0,0,
30,13981713,Bologna,Riccardo Orsolini,M,Titolare,0,0,
30,13981713,Bologna,Federico Bernardeschi,F,Titolare,0,0,
30,13981713,Bologna,Jonathan Rowe,F,Titolare,0,0,
30,13981713,Bologna,Santiago Castro,F,Titolare,0,0,
30,13981713,Bologna,Benjamín Domínguez,M,Panchina,0,0,
30,13981713,Bologna,Nicolò Cambiaghi,F,Panchina,0,0,
30,13981713,Bologna,Jhon Lucumí,D,Panchina,0,0,
30,13981713,Bologna,Thijs Dallinga,F,Panchina,0,0,
30,13981713,Bologna,Lewis Ferguson,M,Panchina,0,0,
30,13981713,Bologna,Matteo Franceschelli,G,Panchina,0,0,
30,13981713,Bologna,Massimo Pessina,G,Panchina,0,0,
30,13981713,Bologna,Eivind Helland,D,Panchina,0,0,
30,13981713,Bologna,Charalampos Lykogiannis,D,Panchina,0,0,
30,13981713,Bologna,João Mário,D,Panchina,0,0,
30,13981713,Bologna,Nicolò Casale,D,Panchina,0,0,
30,13981713,Bologna,Remo Freuler,M,Panchina,0,0,
30,13981713,Lazio,Edoardo Motta,G,Titolare,0,0,
30,13981713,Lazio,Adam Marušić,D,Titolare,0,0,
30,13981713,Lazio,Mario Gila,D,Titolare,0,0,
30,13981713,Lazio,Alessio Romagnoli,D,Titolare,0,0,
30,13981713,Lazio,Nuno Tavares,D,Titolare,0,0,
30,13981713,Lazio,Fisayo Dele-Bashiru,M,Titolare,0,0,
30,13981713,Lazio,Patric,D,Titolare,0,0,
30,13981713,Lazio,Kenneth Taylor,M,Titolare,0,0,
30,13981713,Lazio,Gustav Isaksen,F,Titolare,0,0,
30,13981713,Lazio,Daniel Maldini,F,Titolare,0,0,
30,13981713,Lazio,Pedro,F,Titolare,0,0,
30,13981713,Lazio,Oliver Provstgaard,D,Panchina,0,0,
30,13981713,Lazio,Tijjani Noslin,F,Panchina,0,0,
30,13981713,Lazio,Matteo Cancellieri,F,Panchina,0,0,
30,13981713,Lazio,Boulaye Dia,F,Panchina,0,0,
30,13981713,Lazio,Alessio Furlanetto,G,Panchina,0,0,
30,13981713,Lazio,Giacomo Giacomone,G,Panchina,0,0,
30,13981713,Lazio,Luca Pellegrini,D,Panchina,0,0,
30,13981713,Lazio,Elseid Hysaj,D,Panchina,0,0,
30,13981713,Lazio,Manuel Lazzari,D,Panchina,0,0,
30,13981713,Lazio,Valerio Farcomeni,M,Panchina,0,0,
30,13981713,Lazio,Adrian Przyborek,M,Panchina,0,0,
30,13981713,Lazio,Reda Belahyane,M,Panchina,0,0,
30,13981713,Lazio,Petar Ratkov,F,Panchina,0,0,
30,13981715,Fiorentina,David De Gea,G,Titolare,0,0,
30,13981715,Fiorentina,Dodô,M,Titolare,0,0,
30,13981715,Fiorentina,Marin Pongračić,D,Titolare,0,0,
30,13981715,Fiorentina,Luca Ranieri,D,Titolare,0,0,
30,13981715,Fiorentina,Robin Gosens,D,Titolare,0,0,
30,13981715,Fiorentina,Nicolò Fagioli,M,Titolare,0,0,
30,13981715,Fiorentina,Fabiano Parisi,D,Titolare,0,0,
30,13981715,Fiorentina,Marco Brescianini,M,Titolare,0,0,
30,13981715,Fiorentina,Cher Ndour,M,Titolare,0,0,
30,13981715,Fiorentina,Albert Guðmundsson,F,Titolare,0,0,
30,13981715,Fiorentina,Moise Kean,F,Titolare,0,0,
30,13981715,Fiorentina,Jack Harrison,F,Panchina,0,0,
30,13981715,Fiorentina,Roberto Piccoli,F,Panchina,0,0,
30,13981715,Fiorentina,Pietro Comuzzo,D,Panchina,0,0,
30,13981715,Fiorentina,Giovanni Fabbian,M,Panchina,0,0,
30,13981715,Fiorentina,Oliver Christensen,G,Panchina,0,0,
30,13981715,Fiorentina,Pietro Leonardelli,G,Panchina,0,0,
30,13981715,Fiorentina,Luís Balbo,D,Panchina,0,0,
30,13981715,Fiorentina,Eddy Kouadio,D,Panchina,0,0,
30,13981715,Fiorentina,Daniele Rugani,D,Panchina,0,0,
30,13981715,Fiorentina,Jacopo Fazzini,F,Panchina,0,0,
30,13981715,Inter,Yann Sommer,G,Titolare,0,0,
30,13981715,Inter,Yann Bisseck,D,Titolare,0,0,
30,13981715,Inter,Manuel Akanji,D,Titolare,0,0,
30,13981715,Inter,Carlos Augusto,D,Titolare,0,0,
30,13981715,Inter,Denzel Dumfries,M,Titolare,0,0,
30,13981715,Inter,Nicolò Barella,M,Titolare,0,0,
30,13981715,Inter,Hakan Çalhanoğlu,M,Titolare,0,0,
30,13981715,Inter,Piotr Zieliński,M,Titolare,0,0,
30,13981715,Inter,Federico Dimarco,M,Titolare,0,0,
30,13981715,Inter,Marcus Thuram,F,Titolare,0,0,
30,13981715,Inter,Francesco Pio Esposito,F,Titolare,0,0,
30,13981715,Inter,Francesco Acerbi,D,Panchina,0,0,
30,13981715,Inter,Ange-Yoan Bonny,F,Panchina,0,0,
30,13981715,Inter,Davide Frattesi,M,Panchina,0,0,
30,13981715,Inter,Petar Sučić,M,Panchina,0,0,
30,13981715,Inter,Luís Henrique,M,Panchina,0,0,
30,13981715,Inter,Josep Martínez,G,Panchina,0,0,
30,13981715,Inter,Raffaele Di Gennaro,G,Panchina,0,0,
30,13981715,Inter,Yvan Maye,D,Panchina,0,0,
30,13981715,Inter,Matteo Darmian,D,Panchina,0,0,
30,13981715,Inter,Stefan de Vrij,D,Panchina,0,0,
30,13981715,Inter,Andy Diouf,M,Panchina,0,0,
30,13981715,Inter,Matteo Spinaccé,F,Panchina,0,0,
30,13981716,Genoa,Justin Bijlow,G,Titolare,0,0,
30,13981716,Genoa,Alessandro Marcandalli,D,Titolare,0,0,
30,13981716,Genoa,Leo Østigård,D,Titolare,0,0,
30,13981716,Genoa,Johan Vásquez,D,Titolare,0,0,
30,13981716,Genoa,Mikael Ellertsson,M,Titolare,0,0,
30,13981716,Genoa,Morten Frendrup,M,Titolare,0,0,
30,13981716,Genoa,Ruslan Malinovskyi,M,Titolare,0,0,
30,13981716,Genoa,Brooke Norton-Cuffy,D,Titolare,0,0,
30,13981716,Genoa,Junior Messias,F,Titolare,0,0,
30,13981716,Genoa,Vitinha,F,Titolare,0,0,
30,13981716,Genoa,Lorenzo Colombo,F,Titolare,0,0,
30,13981716,Genoa,Tommaso Baldanzi,M,Panchina,0,0,
30,13981716,Genoa,Jeff Ekhator,F,Panchina,0,0,
30,13981716,Genoa,Caleb Ekuban,F,Panchina,0,0,
30,13981716,Genoa,Alexsandro Amorim,M,Panchina,0,0,
30,13981716,Genoa,Aarón Martín,M,Panchina,0,0,
30,13981716,Genoa,Nicola Leali,G,Panchina,0,0,
30,13981716,Genoa,Daniele Sommariva,G,Panchina,0,0,
30,13981716,Genoa,Nils Zätterström,D,Panchina,0,0,
30,13981716,Genoa,Sebastian Otoa,D,Panchina,0,0,
30,13981716,Genoa,Patrizio Masini,M,Panchina,0,0,
30,13981716,Genoa,Jean Onana,M,Panchina,0,0,
30,13981716,Genoa,Stefano Sabelli,M,Panchina,0,0,
30,13981716,Udinese,Maduka Okoye,G,Titolare,0,0,
30,13981716,Udinese,Thomas Kristensen,D,Titolare,0,0,
30,13981716,Udinese,Christian Kabasele,D,Titolare,0,0,
30,13981716,Udinese,Oumar Solet,D,Titolare,0,0,
30,13981716,Udinese,Jesper Karlström,M,Titolare,0,0,
30,13981716,Udinese,Kingsley Ehizibue,M,Titolare,0,0,
30,13981716,Udinese,Jürgen Ekkelenkamp,M,Titolare,0,0,
30,13981716,Udinese,Arthur Atta,M,Titolare,0,0,
30,13981716,Udinese,Hassane Kamara,M,Titolare,0,0,
30,13981716,Udinese,Nicolò Zaniolo,F,Titolare,0,0,
30,13981716,Udinese,Keinan Davis,F,Titolare,0,0,
30,13981716,Udinese,Jakub Piotrowski,M,Panchina,0,0,
30,13981716,Udinese,Juan Arizala,M,Panchina,0,0,
30,13981716,Udinese,Nicolò Bertola,D,Panchina,0,0,
30,13981716,Udinese,Lennon Miller,M,Panchina,0,0,
30,13981716,Udinese,Oier Zarraga,M,Panchina,0,0,
30,13981716,Udinese,Răzvan Sava,G,Panchina,0,0,
30,13981716,Udinese,Daniele Padelli,G,Panchina,0,0,
30,13981716,Udinese,Branimir Mlačić,D,Panchina,0,0,
30,13981716,Udinese,Vakoun Issouf Bayo,F,Panchina,0,0,
30,13981716,Udinese,Idrissa Gueye,F,Panchina,0,0,
30,13981717,Cagliari,Elia Caprile,G,Titolare,0,0,
30,13981717,Cagliari,Zé Pedro,D,Titolare,0,0,
30,13981717,Cagliari,Yerry Mina,D,Titolare,0,0,
30,13981717,Cagliari,Alberto Dossena,D,Titolare,0,0,
30,13981717,Cagliari,Marco Palestra,M,Titolare,0,0,
30,13981717,Cagliari,Michel Adopo,M,Titolare,0,0,
30,13981717,Cagliari,Gianluca Gaetano,M,Titolare,0,0,
30,13981717,Cagliari,Sulemana,M,Titolare,0,0,
30,13981717,Cagliari,Juan Rodríguez,D,Titolare,0,0,
30,13981717,Cagliari,Sebastiano Esposito,F,Titolare,0,0,
30,13981717,Cagliari,Michael Folorunsho,M,Titolare,0,0,
30,13981717,Cagliari,Semih Kılıçsoy,F,Panchina,0,0,
30,13981717,Cagliari,Alessandro Deiola,M,Panchina,0,0,
30,13981717,Cagliari,Paul Mendy,F,Panchina,0,0,
30,13981717,Cagliari,Othniël Raterink,D,Panchina,0,0,
30,13981717,Cagliari,Yael Trepy,F,Panchina,0,0,
30,13981717,Cagliari,Alen Sherri,G,Panchina,0,0,
30,13981717,Cagliari,Giuseppe Ciocci,G,Panchina,0,0,
30,13981717,Cagliari,Nicola Grandu,D,Panchina,0,0,
30,13981717,Cagliari,Gabriele Zappa,D,Panchina,0,0,
30,13981717,Cagliari,Agustín Albarracín,M,Panchina,0,0,
30,13981717,Cagliari,Luca Mazzitelli,M,Panchina,0,0,
30,13981717,Cagliari,Joseph Liteta,M,Panchina,0,0,
30,13981717,Cagliari,Leonardo Pavoletti,F,Panchina,0,0,
30,13981717,SSC Napoli,Vanja Milinković-Savić,G,Titolare,0,0,
30,13981717,SSC Napoli,Sam Beukema,D,Titolare,0,0,
30,13981717,SSC Napoli,Alessandro Buongiorno,D,Titolare,0,0,
30,13981717,SSC Napoli,Mathías Olivera,D,Titolare,0,0,
30,13981717,SSC Napoli,Matteo Politano,M,Titolare,0,0,
30,13981717,SSC Napoli,Billy Gilmour,M,Titolare,0,0,
30,13981717,SSC Napoli,Stanislav Lobotka,M,Titolare,0,0,
30,13981717,SSC Napoli,Miguel Gutiérrez,D,Titolare,0,0,
30,13981717,SSC Napoli,Kevin De Bruyne,M,Titolare,0,0,
30,13981717,SSC Napoli,Scott McTominay,M,Titolare,0,0,
30,13981717,SSC Napoli,Rasmus Højlund,F,Titolare,0,0,
30,13981717,SSC Napoli,Alisson Santos,F,Panchina,0,0,
30,13981717,SSC Napoli,Leonardo Spinazzola,D,Panchina,0,0,
30,13981717,SSC Napoli,Frank Anguissa,M,Panchina,0,0,
30,13981717,SSC Napoli,Juan Jesus,D,Panchina,0,0,
30,13981717,SSC Napoli,Alex Meret,G,Panchina,0,0,
30,13981717,SSC Napoli,Nikita Contini,G,Panchina,0,0,
30,13981717,SSC Napoli,Eljif Elmas,M,Panchina,0,0,
30,13981717,SSC Napoli,Pasquale Mazzocchi,M,Panchina,0,0,
30,13981717,SSC Napoli,Giovane,F,Panchina,0,0,
30,13981717,SSC Napoli,Romelu Lukaku,F,Panchina,0,0,
30,13981718,Como,Jean Butez,G,Titolare,0,0,
30,13981718,Como,Ignace Van der Brempt,D,Titolare,0,0,
30,13981718,Como,Diego Carlos,D,Titolare,0,0,
30,13981718,Como,Marc Kempf,D,Titolare,0,0,
30,13981718,Como,Alberto Moreno,D,Titolare,0,0,
30,13981718,Como,Máximo Perrone,M,Titolare,0,0,
30,13981718,Como,Lucas Da Cunha,M,Titolare,0,0,
30,13981718,Como,Assane Diao,M,Titolare,0,0,
30,13981718,Como,Nico Paz,M,Titolare,0,0,
30,13981718,Como,Jesús Rodriguez,M,Titolare,0,0,
30,13981718,Como,Anastasios Douvikas,F,Titolare,0,0,
30,13981718,Como,Martin Baturina,M,Panchina,0,0,
30,13981718,Como,Maxence Caqueret,M,Panchina,0,0,
30,13981718,Como,Álvaro Morata,F,Panchina,0,0,
30,13981718,Como,Edoardo Goldaniga,D,Panchina,0,0,
30,13981718,Como,Nicolas-Gerrit Kühn,F,Panchina,0,0,
30,13981718,Como,Mauro Vigorito,G,Panchina,0,0,
30,13981718,Como,Noel Törnqvist,G,Panchina,0,0,
30,13981718,Como,Nikola Čavlina,G,Panchina,0,0,
30,13981718,Como,Ivan Smolčić,D,Panchina,0,0,
30,13981718,Como,Álex Valle,D,Panchina,0,0,
30,13981718,Como,Mërgim Vojvoda,D,Panchina,0,0,
30,13981718,Como,Cristiano De Paoli,D,Panchina,0,0,
30,13981718,Como,Sergi Roberto,M,Panchina,0,0,
30,13981718,Como,Adrian Lahdo,M,Panchina,0,0,
30,13981718,Pisa,Nícolas,G,Titolare,0,0,
30,13981718,Pisa,Antonio Caracciolo,D,Titolare,0,0,
30,13981718,Pisa,Raúl Albiol,D,Titolare,0,0,
30,13981718,Pisa,Simone Canestrelli,D,Titolare,0,0,
30,13981718,Pisa,Mehdi Léris,M,Titolare,0,0,
30,13981718,Pisa,Felipe Loyola,M,Titolare,0,0,
30,13981718,Pisa,Malthe Højholt,M,Titolare,0,0,
30,13981718,Pisa,Ebenezer Akinsanmiro,M,Titolare,0,0,
30,13981718,Pisa,Samuele Angori,M,Titolare,0,0,
30,13981718,Pisa,Stefano Moreo,F,Titolare,0,0,
30,13981718,Pisa,Matteo Tramoni,F,Titolare,0,0,
30,13981718,Pisa,Henrik Wendel Meister,F,Panchina,0,0,
30,13981718,Pisa,Filip Stojilković,F,Panchina,0,0,
30,13981718,Pisa,Calvin Stengs,M,Panchina,0,0,
30,13981718,Pisa,Samuel Iling Junior,M,Panchina,0,0,
30,13981718,Pisa,Gabriele Piccinini,M,Panchina,0,0,
30,13981718,Pisa,Adrian Šemper,G,Panchina,0,0,
30,13981718,Pisa,Matteo Luppichini,G,Panchina,0,0,
30,13981718,Pisa,Francesco Coppola,D,Panchina,0,0,
30,13981718,Pisa,Arturo Calabresi,D,Panchina,0,0,
30,13981718,Pisa,Rosen Bozhinov,D,Panchina,0,0,
30,13981718,Pisa,Idrissa Touré,M,Panchina,0,0,
30,13981718,Pisa,Brando Bettazzi,M,Panchina,0,0,
30,13981718,Pisa,Lorran,M,Panchina,0,0,
30,13981719,Juventus,Mattia Perin,G,Titolare,0,0,
30,13981719,Juventus,Pierre Kalulu,D,Titolare,0,0,
30,13981719,Juventus,Bremer,D,Titolare,0,0,
30,13981719,Juventus,Lloyd Kelly,D,Titolare,0,0,
30,13981719,Juventus,Andrea Cambiaso,M,Titolare,0,0,
30,13981719,Juventus,Manuel Locatelli,M,Titolare,0,0,
30,13981719,Juventus,Francisco Conceição,F,Titolare,0,0,
30,13981719,Juventus,Weston McKennie,M,Titolare,0,0,
30,13981719,Juventus,Khéphren Thuram,M,Titolare,0,0,
30,13981719,Juventus,Kenan Yıldız,F,Titolare,0,0,
30,13981719,Juventus,Jérémie Boga,F,Titolare,0,0,
30,13981719,Juventus,Teun Koopmeiners,M,Panchina,0,0,
30,13981719,Juventus,Fabio Miretti,M,Panchina,0,0,
30,13981719,Juventus,Arkadiusz Milik,F,Panchina,0,0,
30,13981719,Juventus,Dušan Vlahović,F,Panchina,0,0,
30,13981719,Juventus,Edon Zhegrova,F,Panchina,0,0,
30,13981719,Juventus,Carlo Pinsoglio,G,Panchina,0,0,
30,13981719,Juventus,Michele Di Gregorio,G,Panchina,0,0,
30,13981719,Juventus,Juan Cabal,D,Panchina,0,0,
30,13981719,Juventus,Federico Gatti,D,Panchina,0,0,
30,13981719,Juventus,Vasilije Adžić,M,Panchina,0,0,
30,13981719,Juventus,Filip Kostić,M,Panchina,0,0,
30,13981719,Juventus,Jonathan David,F,Panchina,0,0,
30,13981719,Juventus,Loïs Openda,F,Panchina,0,0,
30,13981719,Sassuolo,Arijanet Murić,G,Titolare,0,0,
30,13981719,Sassuolo,Sebastian Walukiewicz,D,Titolare,0,0,
30,13981719,Sassuolo,Jay Idzes,D,Titolare,0,0,
30,13981719,Sassuolo,Tarik Muharemović,D,Titolare,0,0,
30,13981719,Sassuolo,Ulisses Garcia,D,Titolare,0,0,
30,13981719,Sassuolo,Domenico Berardi,F,Titolare,0,0,
30,13981719,Sassuolo,Aster Vranckx,M,Titolare,0,0,
30,13981719,Sassuolo,Ismael Koné,M,Titolare,0,0,
30,13981719,Sassuolo,Darryl Bakola,M,Titolare,0,0,
30,13981719,Sassuolo,Cristian Volpato,M,Titolare,0,0,
30,13981719,Sassuolo,Andrea Pinamonti,F,Titolare,0,0,
30,13981719,Sassuolo,Luca Lipani,M,Panchina,0,0,
30,13981719,Sassuolo,Armand Laurienté,F,Panchina,0,0,
30,13981719,Sassuolo,Edoardo Iannoni,M,Panchina,0,0,
30,13981719,Sassuolo,M'bala Nzola,F,Panchina,0,0,
30,13981719,Sassuolo,Josh Doig,D,Panchina,0,0,
30,13981719,Sassuolo,Giacomo Satalino,G,Panchina,0,0,
30,13981719,Sassuolo,Gioele Zacchi,G,Panchina,0,0,
30,13981719,Sassuolo,Filippo Romagna,D,Panchina,0,0,
30,13981719,Sassuolo,Pedro Felipe,D,Panchina,0,0,
30,13981719,Sassuolo,Christian Frangella,M,Panchina,0,0,
30,13981719,Sassuolo,Luca Moro,F,Panchina,0,0,
30,13981721,Parma,Zion Suzuki,G,Titolare,0,0,
30,13981721,Parma,Alessandro Circati,D,Titolare,0,0,
30,13981721,Parma,Mariano Troilo,D,Titolare,0,0,
30,13981721,Parma,Lautaro Valenti,D,Titolare,0,0,
30,13981721,Parma,Sascha Britschgi,D,Titolare,0,0,
30,13981721,Parma,Oliver Sørensen,M,Titolare,0,0,
30,13981721,Parma,Mandela Keita,M,Titolare,0,0,
30,13981721,Parma,Emanuele Valeri,M,Titolare,0,0,
30,13981721,Parma,Gabriel Strefezza,F,Titolare,0,0,
30,13981721,Parma,Mateo Pellegrino,F,Titolare,0,0,
30,13981721,Parma,Jacob Ondrejka,F,Titolare,0,0,
30,13981721,Parma,Hans Nicolussi Caviglia,M,Panchina,0,0,
30,13981721,Parma,Gaetano Oristanio,M,Panchina,0,0,
30,13981721,Parma,Nahuel Estévez,M,Panchina,0,0,
30,13981721,Parma,Nesta Elphege,F,Panchina,0,0,
30,13981721,Parma,Edoardo Corvi,G,Panchina,0,0,
30,13981721,Parma,Filippo Rinaldi,G,Panchina,0,0,
30,13981721,Parma,Marlon Mena,D,Panchina,0,0,
30,13981721,Parma,Abdoulaye Ndiaye,D,Panchina,0,0,
30,13981721,Parma,Christian Ordoñez,M,Panchina,0,0,
30,13981721,Parma,Franco Carboni,M,Panchina,0,0,
30,13981721,Cremonese,Emil Audero,G,Titolare,0,0,
30,13981721,Cremonese,Filippo Terracciano,D,Titolare,0,0,
30,13981721,Cremonese,Matteo Bianchetti,D,Titolare,0,0,
30,13981721,Cremonese,Sebastiano Luperto,D,Titolare,0,0,
30,13981721,Cremonese,Giuseppe Pezzella,M,Titolare,0,0,
30,13981721,Cremonese,Alessio Zerbin,M,Titolare,0,0,
30,13981721,Cremonese,Alberto Grassi,M,Titolare,0,0,
30,13981721,Cremonese,Youssef Maleh,M,Titolare,0,0,
30,13981721,Cremonese,Jari Vandeputte,M,Titolare,0,0,
30,13981721,Cremonese,Federico Bonazzoli,F,Titolare,0,0,
30,13981721,Cremonese,Antonio Sanabria,F,Titolare,0,0,
30,13981721,Cremonese,Tommaso Barbieri,M,Panchina,0,0,
30,13981721,Cremonese,Martín Payero,M,Panchina,0,0,
30,13981721,Cremonese,Jamie Vardy,F,Panchina,0,0,
30,13981721,Cremonese,Morten Thorsby,M,Panchina,0,0,
30,13981721,Cremonese,Francesco Folino,D,Panchina,0,0,
30,13981721,Cremonese,Lapo Nava,G,Panchina,0,0,
30,13981721,Cremonese,Marco Silvestri,G,Panchina,0,0,
30,13981721,Cremonese,Mikayil Faye,D,Panchina,0,0,
30,13981721,Cremonese,Federico Ceccherini,D,Panchina,0,0,
30,13981721,Cremonese,Romano Floriani Mussolini,M,Panchina,0,0,
30,13981721,Cremonese,Milan Đurić,F,Panchina,0,0,
30,13981721,Cremonese,David Okereke,F,Panchina,0,0,
30,13981722,AS Roma,Mile Svilar,G,Titolare,0,0,
30,13981722,AS Roma,Gianluca Mancini,D,Titolare,0,0,
30,13981722,AS Roma,Evan Ndicka,D,Titolare,0,0,
30,13981722,AS Roma,Mario Hermoso,D,Titolare,0,0,
30,13981722,AS Roma,Devyne Rensch,M,Titolare,0,0,
30,13981722,AS Roma,Bryan Cristante,M,Titolare,0,0,
30,13981722,AS Roma,Neil El Aynaoui,M,Titolare,0,0,
30,13981722,AS Roma,Kostas Tsimikas,D,Titolare,0,0,
30,13981722,AS Roma,Niccolò Pisilli,M,Titolare,0,0,
30,13981722,AS Roma,Lorenzo Pellegrini,F,Titolare,0,0,
30,13981722,AS Roma,Donyell Malen,F,Titolare,0,0,
30,13981722,AS Roma,Daniele Ghilardi,D,Panchina,0,0,
30,13981722,AS Roma,Robinio Vaz,F,Panchina,0,0,
30,13981722,AS Roma,Angeliño,M,Panchina,0,0,
30,13981722,AS Roma,Antonio Arena,F,Panchina,0,0,
30,13981722,AS Roma,Lorenzo Venturino,F,Panchina,0,0,
30,13981722,AS Roma,Pierluigi Gollini,G,Panchina,0,0,
30,13981722,AS Roma,Giorgio De Marzi,G,Panchina,0,0,
30,13981722,AS Roma,Jan Ziółkowski,D,Panchina,0,0,
30,13981722,AS Roma,Stephan El Shaarawy,F,Panchina,0,0,
30,13981722,AS Roma,Bryan Zaragoza,F,Panchina,0,0,
30,13981722,Lecce,Wladimiro Falcone,G,Titolare,0,0,
30,13981722,Lecce,Danilo Veiga,D,Titolare,0,0,
30,13981722,Lecce,Jamil Siebert,D,Titolare,0,0,
30,13981722,Lecce,Tiago Gabriel,D,Titolare,0,0,
30,13981722,Lecce,Antonino Gallo,D,Titolare,0,0,
30,13981722,Lecce,Ylber Ramadani,M,Titolare,0,0,
30,13981722,Lecce,Oumar Ngom,M,Titolare,0,0,
30,13981722,Lecce,Santiago Pierotti,F,Titolare,0,0,
30,13981722,Lecce,Omri Gandelman,M,Titolare,0,0,
30,13981722,Lecce,Lameck Banda,M,Titolare,0,0,
30,13981722,Lecce,Nikola Štulić,F,Titolare,0,0,
30,13981722,Lecce,Sadik Fofana,M,Panchina,0,0,
30,13981722,Lecce,Walid Cheddira,F,Panchina,0,0,
30,13981722,Lecce,N'Dri Konan,F,Panchina,0,0,
30,13981722,Lecce,Þórir Jóhann Helgason,M,Panchina,0,0,
30,13981722,Lecce,Alex Sala,M,Panchina,0,0,
30,13981722,Lecce,Christian Früchtl,G,Panchina,0,0,
30,13981722,Lecce,Jasper Samooja,G,Panchina,0,0,
30,13981722,Lecce,Corrie Ndaba,D,Panchina,0,0,
30,13981722,Lecce,Matías Pérez,D,Panchina,0,0,
30,13981722,Lecce,Gaby Jean,D,Panchina,0,0,
30,13981722,Lecce,Filip Marchwiński,M,Panchina,0,0,
30,13981724,AC Milan,Mike Maignan,G,Titolare,0,0,
30,13981724,AC Milan,Fikayo Tomori,D,Titolare,0,0,
30,13981724,AC Milan,Koni De Winter,D,Titolare,0,0,
30,13981724,AC Milan,Strahinja Pavlović,D,Titolare,0,0,
30,13981724,AC Milan,Alexis Saelemaekers,M,Titolare,0,0,
30,13981724,AC Milan,Youssouf Fofana,M,Titolare,0,0,
30,13981724,AC Milan,Luka Modrić,M,Titolare,0,0,
30,13981724,AC Milan,Adrien Rabiot,M,Titolare,0,0,
30,13981724,AC Milan,Davide Bartesaghi,M,Titolare,0,0,
30,13981724,AC Milan,Niclas Füllkrug,F,Titolare,0,0,
30,13981724,AC Milan,Christian Pulišić,F,Titolare,0,0,
30,13981724,AC Milan,Zachary Athekame,D,Panchina,0,0,
30,13981724,AC Milan,Samuele Ricci,M,Panchina,0,0,
30,13981724,AC Milan,Christopher Nkunku,F,Panchina,0,0,
30,13981724,AC Milan,Santiago Giménez,F,Panchina,0,0,
30,13981724,AC Milan,David Odogu,D,Panchina,0,0,
30,13981724,AC Milan,Pietro Terracciano,G,Panchina,0,0,
30,13981724,AC Milan,Matteo Pittarella,G,Panchina,0,0,
30,13981724,AC Milan,Pervis Estupiñán,M,Panchina,0,0,
30,13981724,AC Milan,Ardon Jashari,M,Panchina,0,0,
30,13981724,Torino,Alberto Paleari,G,Titolare,0,0,
30,13981724,Torino,Saúl Coco,D,Titolare,0,0,
30,13981724,Torino,Ardian Ismajli,D,Titolare,0,0,
30,13981724,Torino,Enzo Ebosse,D,Titolare,0,0,
30,13981724,Torino,Marcus Pedersen,M,Titolare,0,0,
30,13981724,Torino,Nikola Vlašić,M,Titolare,0,0,
30,13981724,Torino,Matteo Prati,M,Titolare,0,0,
30,13981724,Torino,Gvidas Gineitis,M,Titolare,0,0,
30,13981724,Torino,Rafael Obrador,M,Titolare,0,0,
30,13981724,Torino,Giovanni Simeone,F,Titolare,0,0,
30,13981724,Torino,Duván Zapata,F,Titolare,0,0,
30,13981724,Torino,Emirhan İlkhan,M,Panchina,0,0,
30,13981724,Torino,Che Adams,F,Panchina,0,0,
30,13981724,Torino,Cesare Casadei,M,Panchina,0,0,
30,13981724,Torino,Niels Nkounkou,D,Panchina,0,0,
30,13981724,Torino,Sandro Kulenović,F,Panchina,0,0,
30,13981724,Torino,Lapo Siviero,G,Panchina,0,0,
30,13981724,Torino,Franco Israel,G,Panchina,0,0,
30,13981724,Torino,Adrien Tameze,D,Panchina,0,0,
30,13981724,Torino,Luca Marianucci,D,Panchina,0,0,
30,13981724,Torino,Guillermo Maripán,D,Panchina,0,0,
30,13981724,Torino,Cristiano Biraghi,D,Panchina,0,0,
30,13981724,Torino,Valentino Lazaro,M,Panchina,0,0,
30,13981724,Torino,Tino Anjorin,M,Panchina,0,0,
30,13981724,Torino,Ivan Ilić,M,Panchina,0,0,
31,13981720,Inter,Yann Sommer,G,Titolare,0,0,
31,13981720,Inter,Manuel Akanji,D,Titolare,0,0,
31,13981720,Inter,Francesco Acerbi,D,Titolare,0,0,
31,13981720,Inter,Alessandro Bastoni,D,Titolare,0,0,
31,13981720,Inter,Denzel Dumfries,M,Titolare,0,0,
31,13981720,Inter,Nicolò Barella,M,Titolare,0,0,
31,13981720,Inter,Hakan Çalhanoğlu,M,Titolare,0,0,
31,13981720,Inter,Piotr Zieliński,M,Titolare,0,0,
31,13981720,Inter,Federico Dimarco,M,Titolare,0,0,
31,13981720,Inter,Marcus Thuram,F,Titolare,0,0,
31,13981720,Inter,Lautaro Martínez,F,Titolare,0,0,
31,13981720,Inter,Matteo Darmian,D,Panchina,0,0,
31,13981720,Inter,Ange-Yoan Bonny,F,Panchina,0,0,
31,13981720,Inter,Francesco Pio Esposito,F,Panchina,0,0,
31,13981720,Inter,Petar Sučić,M,Panchina,0,0,
31,13981720,Inter,Henrikh Mkhitaryan,M,Panchina,0,0,
31,13981720,Inter,Josep Martínez,G,Panchina,0,0,
31,13981720,Inter,Raffaele Di Gennaro,G,Panchina,0,0,
31,13981720,Inter,Stefan de Vrij,D,Panchina,0,0,
31,13981720,Inter,Andy Diouf,M,Panchina,0,0,
31,13981720,Inter,Davide Frattesi,M,Panchina,0,0,
31,13981720,Inter,Luís Henrique,M,Panchina,0,0,
31,13981720,Inter,Matteo Cocchi,M,Panchina,0,0,
31,13981720,AS Roma,Mile Svilar,G,Titolare,0,0,
31,13981720,AS Roma,Gianluca Mancini,D,Titolare,0,0,
31,13981720,AS Roma,Evan Ndicka,D,Titolare,0,0,
31,13981720,AS Roma,Mario Hermoso,D,Titolare,0,0,
31,13981720,AS Roma,Zeki Çelik,D,Titolare,0,0,
31,13981720,AS Roma,Bryan Cristante,M,Titolare,0,0,
31,13981720,AS Roma,Niccolò Pisilli,M,Titolare,0,0,
31,13981720,AS Roma,Devyne Rensch,M,Titolare,0,0,
31,13981720,AS Roma,Matías Soulé,F,Titolare,0,0,
31,13981720,AS Roma,Lorenzo Pellegrini,F,Titolare,0,0,
31,13981720,AS Roma,Donyell Malen,F,Titolare,0,0,
31,13981720,AS Roma,Daniele Ghilardi,D,Panchina,0,0,
31,13981720,AS Roma,Kostas Tsimikas,D,Panchina,0,0,
31,13981720,AS Roma,Stephan El Shaarawy,F,Panchina,0,0,
31,13981720,AS Roma,Jan Ziółkowski,D,Panchina,0,0,
31,13981720,AS Roma,Pierluigi Gollini,G,Panchina,0,0,
31,13981720,AS Roma,Giorgio De Marzi,G,Panchina,0,0,
31,13981720,AS Roma,Neil El Aynaoui,M,Panchina,0,0,
31,13981720,AS Roma,Angeliño,M,Panchina,0,0,
31,13981720,AS Roma,Bryan Zaragoza,F,Panchina,0,0,
31,13981720,AS Roma,Lorenzo Venturino,F,Panchina,0,0,
31,13981720,AS Roma,Robinio Vaz,F,Panchina,0,0,
31,13981723,Juventus,Mattia Perin,G,Titolare,0,0,
31,13981723,Juventus,Pierre Kalulu,D,Titolare,0,0,
31,13981723,Juventus,Bremer,D,Titolare,0,0,
31,13981723,Juventus,Lloyd Kelly,D,Titolare,0,0,
31,13981723,Juventus,Andrea Cambiaso,M,Titolare,0,0,
31,13981723,Juventus,Manuel Locatelli,M,Titolare,0,0,
31,13981723,Juventus,Francisco Conceição,F,Titolare,0,0,
31,13981723,Juventus,Weston McKennie,M,Titolare,0,0,
31,13981723,Juventus,Khéphren Thuram,M,Titolare,0,0,
31,13981723,Juventus,Kenan Yıldız,F,Titolare,0,0,
31,13981723,Juventus,Jonathan David,F,Titolare,0,0,
31,13981723,Juventus,Michele Di Gregorio,G,Panchina,0,0,
31,13981723,Juventus,Arkadiusz Milik,F,Panchina,0,0,
31,13981723,Juventus,Emil Holm,D,Panchina,0,0,
31,13981723,Juventus,Fabio Miretti,M,Panchina,0,0,
31,13981723,Juventus,Jérémie Boga,F,Panchina,0,0,
31,13981723,Juventus,Carlo Pinsoglio,G,Panchina,0,0,
31,13981723,Juventus,Juan Cabal,D,Panchina,0,0,
31,13981723,Juventus,Federico Gatti,D,Panchina,0,0,
31,13981723,Juventus,Teun Koopmeiners,M,Panchina,0,0,
31,13981723,Juventus,Filip Kostić,M,Panchina,0,0,
31,13981723,Juventus,Dušan Vlahović,F,Panchina,0,0,
31,13981723,Juventus,Edon Zhegrova,F,Panchina,0,0,
31,13981723,Juventus,Loïs Openda,F,Panchina,0,0,
31,13981723,Genoa,Justin Bijlow,G,Titolare,0,0,
31,13981723,Genoa,Mikael Ellertsson,M,Titolare,0,0,
31,13981723,Genoa,Alessandro Marcandalli,D,Titolare,0,0,
31,13981723,Genoa,Leo Østigård,D,Titolare,0,0,
31,13981723,Genoa,Johan Vásquez,D,Titolare,0,0,
31,13981723,Genoa,Aarón Martín,M,Titolare,0,0,
31,13981723,Genoa,Junior Messias,F,Titolare,0,0,
31,13981723,Genoa,Morten Frendrup,M,Titolare,0,0,
31,13981723,Genoa,Ruslan Malinovskyi,M,Titolare,0,0,
31,13981723,Genoa,Vitinha,F,Titolare,0,0,
31,13981723,Genoa,Lorenzo Colombo,F,Titolare,0,0,
31,13981723,Genoa,Tommaso Baldanzi,M,Panchina,0,0,
31,13981723,Genoa,Patrizio Masini,M,Panchina,0,0,
31,13981723,Genoa,Caleb Ekuban,F,Panchina,0,0,
31,13981723,Genoa,Jeff Ekhator,F,Panchina,0,0,
31,13981723,Genoa,Daniele Sommariva,G,Panchina,0,0,
31,13981723,Genoa,Nicola Leali,G,Panchina,0,0,
31,13981723,Genoa,Sebastian Otoa,D,Panchina,0,0,
31,13981723,Genoa,Nils Zätterström,D,Panchina,0,0,
31,13981723,Genoa,Wedtoin Latif Ouedraogo,D,Panchina,0,0,
31,13981723,Genoa,Alexsandro Amorim,M,Panchina,0,0,
31,13981723,Genoa,Stefano Sabelli,M,Panchina,0,0,
31,13981723,Genoa,Jacopo Grossi,M,Panchina,0,0,
31,13981725,Cremonese,Emil Audero,G,Titolare,0,0,
31,13981725,Cremonese,Filippo Terracciano,D,Titolare,0,0,
31,13981725,Cremonese,Matteo Bianchetti,D,Titolare,0,0,
31,13981725,Cremonese,Sebastiano Luperto,D,Titolare,0,0,
31,13981725,Cremonese,Giuseppe Pezzella,M,Titolare,0,0,
31,13981725,Cremonese,Alberto Grassi,M,Titolare,0,0,
31,13981725,Cremonese,Alessio Zerbin,M,Titolare,0,0,
31,13981725,Cremonese,Jari Vandeputte,M,Titolare,0,0,
31,13981725,Cremonese,Youssef Maleh,M,Titolare,0,0,
31,13981725,Cremonese,Federico Bonazzoli,F,Titolare,0,0,
31,13981725,Cremonese,Milan Đurić,F,Titolare,0,0,
31,13981725,Cremonese,Morten Thorsby,M,Panchina,0,0,
31,13981725,Cremonese,Warren Bondo,M,Panchina,0,0,
31,13981725,Cremonese,David Okereke,F,Panchina,0,0,
31,13981725,Cremonese,Martín Payero,M,Panchina,0,0,
31,13981725,Cremonese,Romano Floriani Mussolini,M,Panchina,0,0,
31,13981725,Cremonese,Marco Silvestri,G,Panchina,0,0,
31,13981725,Cremonese,Lapo Nava,G,Panchina,0,0,
31,13981725,Cremonese,Francesco Folino,D,Panchina,0,0,
31,13981725,Cremonese,Mikayil Faye,D,Panchina,0,0,
31,13981725,Cremonese,Federico Ceccherini,D,Panchina,0,0,
31,13981725,Cremonese,Federico Baschirotto,D,Panchina,0,0,
31,13981725,Cremonese,Tommaso Barbieri,M,Panchina,0,0,
31,13981725,Cremonese,Nouroudine Faye,F,Panchina,0,0,
31,13981725,Bologna,Federico Ravaglia,G,Titolare,0,0,
31,13981725,Bologna,João Mário,D,Titolare,0,0,
31,13981725,Bologna,Martin Vitík,D,Titolare,0,0,
31,13981725,Bologna,Jhon Lucumí,D,Titolare,0,0,
31,13981725,Bologna,Juan Miranda,D,Titolare,0,0,
31,13981725,Bologna,Remo Freuler,M,Titolare,0,0,
31,13981725,Bologna,Federico Bernardeschi,F,Titolare,0,0,
31,13981725,Bologna,Nikola Moro,M,Titolare,0,0,
31,13981725,Bologna,Simon Sohm,M,Titolare,0,0,
31,13981725,Bologna,Jonathan Rowe,F,Titolare,0,0,
31,13981725,Bologna,Santiago Castro,F,Titolare,0,0,
31,13981725,Bologna,Riccardo Orsolini,M,Panchina,0,0,
31,13981725,Bologna,Lewis Ferguson,M,Panchina,0,0,
31,13981725,Bologna,Nicolò Cambiaghi,F,Panchina,0,0,
31,13981725,Bologna,Nadir Zortea,D,Panchina,0,0,
31,13981725,Bologna,Tommaso Pobega,M,Panchina,0,0,
31,13981725,Bologna,Massimo Pessina,G,Panchina,0,0,
31,13981725,Bologna,Matteo Franceschelli,G,Panchina,0,0,
31,13981725,Bologna,Nicolò Casale,D,Panchina,0,0,
31,13981725,Bologna,Eivind Helland,D,Panchina,0,0,
31,13981725,Bologna,Lorenzo De Silvestri,D,Panchina,0,0,
31,13981725,Bologna,Torbjørn Heggem,D,Panchina,0,0,
31,13981725,Bologna,Francesco Castaldo,F,Panchina,0,0,
31,13981726,Lecce,Wladimiro Falcone,G,Titolare,0,0,
31,13981726,Lecce,Danilo Veiga,D,Titolare,0,0,
31,13981726,Lecce,Jamil Siebert,D,Titolare,0,0,
31,13981726,Lecce,Tiago Gabriel,D,Titolare,0,0,
31,13981726,Lecce,Corrie Ndaba,D,Titolare,0,0,
31,13981726,Lecce,Ylber Ramadani,M,Titolare,0,0,
31,13981726,Lecce,Oumar Ngom,M,Titolare,0,0,
31,13981726,Lecce,Santiago Pierotti,F,Titolare,0,0,
31,13981726,Lecce,Sadik Fofana,M,Titolare,0,0,
31,13981726,Lecce,Lameck Banda,M,Titolare,0,0,
31,13981726,Lecce,Walid Cheddira,F,Titolare,0,0,
31,13981726,Lecce,Omri Gandelman,M,Panchina,0,0,
31,13981726,Lecce,N'Dri Konan,F,Panchina,0,0,
31,13981726,Lecce,Lassana Coulibaly,M,Panchina,0,0,
31,13981726,Lecce,Nikola Štulić,F,Panchina,0,0,
31,13981726,Lecce,Christian Früchtl,G,Panchina,0,0,
31,13981726,Lecce,Jasper Samooja,G,Panchina,0,0,
31,13981726,Lecce,Matías Pérez,D,Panchina,0,0,
31,13981726,Lecce,Gaby Jean,D,Panchina,0,0,
31,13981726,Lecce,Olaf Gorter,M,Panchina,0,0,
31,13981726,Lecce,Filip Marchwiński,M,Panchina,0,0,
31,13981726,Lecce,Þórir Jóhann Helgason,M,Panchina,0,0,
31,13981726,Lecce,Alex Sala,M,Panchina,0,0,
31,13981726,Atalanta,Marco Carnesecchi,G,Titolare,0,0,
31,13981726,Atalanta,Giorgio Scalvini,D,Titolare,0,0,
31,13981726,Atalanta,Berat Djimsiti,D,Titolare,0,0,
31,13981726,Atalanta,Sead Kolašinac,D,Titolare,0,0,
31,13981726,Atalanta,Davide Zappacosta,M,Titolare,0,0,
31,13981726,Atalanta,Marten de Roon,M,Titolare,0,0,
31,13981726,Atalanta,Éderson,M,Titolare,0,0,
31,13981726,Atalanta,Lorenzo Bernasconi,M,Titolare,0,0,
31,13981726,Atalanta,Charles De Ketelaere,F,Titolare,0,0,
31,13981726,Atalanta,Nicola Zalewski,M,Titolare,0,0,
31,13981726,Atalanta,Nikola Krstović,F,Titolare,0,0,
31,13981726,Atalanta,Mario Pašalić,M,Panchina,0,0,
31,13981726,Atalanta,Giacomo Raspadori,F,Panchina,0,0,
31,13981726,Atalanta,Odilon Kossounou,D,Panchina,0,0,
31,13981726,Atalanta,Raoul Bellanova,M,Panchina,0,0,
31,13981726,Atalanta,Kamaldeen Sulemana,F,Panchina,0,0,
31,13981726,Atalanta,Marco Sportiello,G,Panchina,0,0,
31,13981726,Atalanta,Piotr Pardel,G,Panchina,0,0,
31,13981726,Atalanta,Honest Ahanor,D,Panchina,0,0,
31,13981726,Atalanta,Mitchel Bakker,D,Panchina,0,0,
31,13981726,Atalanta,Albert Navarro,D,Panchina,0,0,
31,13981726,Atalanta,Lazar Samardžić,M,Panchina,0,0,
31,13981726,Atalanta,Yunus Musah,M,Panchina,0,0,
31,13981727,SSC Napoli,Vanja Milinković-Savić,G,Titolare,0,0,
31,13981727,SSC Napoli,Juan Jesus,D,Titolare,0,0,
31,13981727,SSC Napoli,Alessandro Buongiorno,D,Titolare,0,0,
31,13981727,SSC Napoli,Mathías Olivera,D,Titolare,0,0,
31,13981727,SSC Napoli,Miguel Gutiérrez,D,Titolare,0,0,
31,13981727,SSC Napoli,Frank Anguissa,M,Titolare,0,0,
31,13981727,SSC Napoli,Stanislav Lobotka,M,Titolare,0,0,
31,13981727,SSC Napoli,Leonardo Spinazzola,D,Titolare,0,0,
31,13981727,SSC Napoli,Kevin De Bruyne,M,Titolare,0,0,
31,13981727,SSC Napoli,Scott McTominay,M,Titolare,0,0,
31,13981727,SSC Napoli,Giovane,F,Titolare,0,0,
31,13981727,SSC Napoli,Alisson Santos,F,Panchina,0,0,
31,13981727,SSC Napoli,Matteo Politano,M,Panchina,0,0,
31,13981727,SSC Napoli,Sam Beukema,D,Panchina,0,0,
31,13981727,SSC Napoli,Eljif Elmas,M,Panchina,0,0,
31,13981727,SSC Napoli,Alex Meret,G,Panchina,0,0,
31,13981727,SSC Napoli,Nikita Contini,G,Panchina,0,0,
31,13981727,SSC Napoli,Pasquale Mazzocchi,M,Panchina,0,0,
31,13981727,SSC Napoli,Billy Gilmour,M,Panchina,0,0,
31,13981727,AC Milan,Mike Maignan,G,Titolare,0,0,
31,13981727,AC Milan,Fikayo Tomori,D,Titolare,0,0,
31,13981727,AC Milan,Koni De Winter,D,Titolare,0,0,
31,13981727,AC Milan,Strahinja Pavlović,D,Titolare,0,0,
31,13981727,AC Milan,Alexis Saelemaekers,M,Titolare,0,0,
31,13981727,AC Milan,Youssouf Fofana,M,Titolare,0,0,
31,13981727,AC Milan,Luka Modrić,M,Titolare,0,0,
31,13981727,AC Milan,Adrien Rabiot,M,Titolare,0,0,
31,13981727,AC Milan,Davide Bartesaghi,M,Titolare,0,0,
31,13981727,AC Milan,Niclas Füllkrug,F,Titolare,0,0,
31,13981727,AC Milan,Christopher Nkunku,F,Titolare,0,0,
31,13981727,AC Milan,Zachary Athekame,D,Panchina,0,0,
31,13981727,AC Milan,Santiago Giménez,F,Panchina,0,0,
31,13981727,AC Milan,Christian Pulišić,F,Panchina,0,0,
31,13981727,AC Milan,Ruben Loftus-Cheek,M,Panchina,0,0,
31,13981727,AC Milan,Rafael Leão,F,Panchina,0,0,
31,13981727,AC Milan,Lorenzo Torriani,G,Panchina,0,0,
31,13981727,AC Milan,Pietro Terracciano,G,Panchina,0,0,
31,13981727,AC Milan,David Odogu,D,Panchina,0,0,
31,13981727,AC Milan,Ardon Jashari,M,Panchina,0,0,
31,13981727,AC Milan,Pervis Estupiñán,M,Panchina,0,0,
31,13981727,AC Milan,Samuele Ricci,M,Panchina,0,0,
31,13981728,Pisa,Adrian Šemper,G,Titolare,0,0,
31,13981728,Pisa,Arturo Calabresi,D,Titolare,0,0,
31,13981728,Pisa,Antonio Caracciolo,D,Titolare,0,0,
31,13981728,Pisa,Simone Canestrelli,D,Titolare,0,0,
31,13981728,Pisa,Mehdi Léris,M,Titolare,0,0,
31,13981728,Pisa,Michel Aebischer,M,Titolare,0,0,
31,13981728,Pisa,Malthe Højholt,M,Titolare,0,0,
31,13981728,Pisa,Matteo Tramoni,F,Titolare,0,0,
31,13981728,Pisa,Samuele Angori,M,Titolare,0,0,
31,13981728,Pisa,Stefano Moreo,F,Titolare,0,0,
31,13981728,Pisa,Henrik Wendel Meister,F,Titolare,0,0,
31,13981728,Pisa,Felipe Loyola,M,Panchina,0,0,
31,13981728,Pisa,Filip Stojilković,F,Panchina,0,0,
31,13981728,Pisa,Ebenezer Akinsanmiro,M,Panchina,0,0,
31,13981728,Pisa,Idrissa Touré,M,Panchina,0,0,
31,13981728,Pisa,Juan Cuadrado,M,Panchina,0,0,
31,13981728,Pisa,Simone Scuffet,G,Panchina,0,0,
31,13981728,Pisa,Nícolas,G,Panchina,0,0,
31,13981728,Pisa,Raúl Albiol,D,Panchina,0,0,
31,13981728,Pisa,Rosen Bozhinov,D,Panchina,0,0,
31,13981728,Pisa,Francesco Coppola,D,Panchina,0,0,
31,13981728,Pisa,Calvin Stengs,M,Panchina,0,0,
31,13981728,Pisa,Gabriele Piccinini,M,Panchina,0,0,
31,13981728,Pisa,Brando Bettazzi,M,Panchina,0,0,
31,13981728,Torino,Alberto Paleari,G,Titolare,0,0,
31,13981728,Torino,Saúl Coco,D,Titolare,0,0,
31,13981728,Torino,Ardian Ismajli,D,Titolare,0,0,
31,13981728,Torino,Enzo Ebosse,D,Titolare,0,0,
31,13981728,Torino,Marcus Pedersen,M,Titolare,0,0,
31,13981728,Torino,Matteo Prati,M,Titolare,0,0,
31,13981728,Torino,Gvidas Gineitis,M,Titolare,0,0,
31,13981728,Torino,Rafael Obrador,M,Titolare,0,0,
31,13981728,Torino,Nikola Vlašić,M,Titolare,0,0,
31,13981728,Torino,Giovanni Simeone,F,Titolare,0,0,
31,13981728,Torino,Sandro Kulenović,F,Titolare,0,0,
31,13981728,Torino,Cesare Casadei,M,Panchina,0,0,
31,13981728,Torino,Che Adams,F,Panchina,0,0,
31,13981728,Torino,Tino Anjorin,M,Panchina,0,0,
31,13981728,Torino,Adrien Tameze,D,Panchina,0,0,
31,13981728,Torino,Valentino Lazaro,M,Panchina,0,0,
31,13981728,Torino,Franco Israel,G,Panchina,0,0,
31,13981728,Torino,Lapo Siviero,G,Panchina,0,0,
31,13981728,Torino,Niels Nkounkou,D,Panchina,0,0,
31,13981728,Torino,Guillermo Maripán,D,Panchina,0,0,
31,13981728,Torino,Luca Marianucci,D,Panchina,0,0,
31,13981728,Torino,Cristiano Biraghi,D,Panchina,0,0,
31,13981728,Torino,Emirhan İlkhan,M,Panchina,0,0,
31,13981728,Torino,Ivan Ilić,M,Panchina,0,0,
31,13981728,Torino,Alieu Njie,F,Panchina,0,0,
31,13981729,Lazio,Edoardo Motta,G,Titolare,0,0,
31,13981729,Lazio,Adam Marušić,D,Titolare,0,0,
31,13981729,Lazio,Alessio Romagnoli,D,Titolare,0,0,
31,13981729,Lazio,Oliver Provstgaard,D,Titolare,0,0,
31,13981729,Lazio,Nuno Tavares,D,Titolare,0,0,
31,13981729,Lazio,Fisayo Dele-Bashiru,M,Titolare,0,0,
31,13981729,Lazio,Danilo Cataldi,M,Titolare,0,0,
31,13981729,Lazio,Kenneth Taylor,M,Titolare,0,0,
31,13981729,Lazio,Gustav Isaksen,F,Titolare,0,0,
31,13981729,Lazio,Daniel Maldini,F,Titolare,0,0,
31,13981729,Lazio,Pedro,F,Titolare,0,0,
31,13981729,Lazio,Manuel Lazzari,D,Panchina,0,0,
31,13981729,Lazio,Matteo Cancellieri,F,Panchina,0,0,
31,13981729,Lazio,Tijjani Noslin,F,Panchina,0,0,
31,13981729,Lazio,Boulaye Dia,F,Panchina,0,0,
31,13981729,Lazio,Giacomo Giacomone,G,Panchina,0,0,
31,13981729,Lazio,Alessio Furlanetto,G,Panchina,0,0,
31,13981729,Lazio,Elseid Hysaj,D,Panchina,0,0,
31,13981729,Lazio,Toma Bašić,M,Panchina,0,0,
31,13981729,Lazio,Valerio Farcomeni,M,Panchina,0,0,
31,13981729,Lazio,Reda Belahyane,M,Panchina,0,0,
31,13981729,Lazio,Adrian Przyborek,M,Panchina,0,0,
31,13981729,Lazio,Petar Ratkov,F,Panchina,0,0,
31,13981729,Parma,Zion Suzuki,G,Titolare,0,0,
31,13981729,Parma,Enrico Delprato,D,Titolare,0,0,
31,13981729,Parma,Alessandro Circati,D,Titolare,0,0,
31,13981729,Parma,Lautaro Valenti,D,Titolare,0,0,
31,13981729,Parma,Sascha Britschgi,D,Titolare,0,0,
31,13981729,Parma,Adrián Bernabé,M,Titolare,0,0,
31,13981729,Parma,Hans Nicolussi Caviglia,M,Titolare,0,0,
31,13981729,Parma,Mandela Keita,M,Titolare,0,0,
31,13981729,Parma,Emanuele Valeri,M,Titolare,0,0,
31,13981729,Parma,Mateo Pellegrino,F,Titolare,0,0,
31,13981729,Parma,Gabriel Strefezza,F,Titolare,0,0,
31,13981729,Parma,Nahuel Estévez,M,Panchina,0,0,
31,13981729,Parma,Christian Ordoñez,M,Panchina,0,0,
31,13981729,Parma,Gaetano Oristanio,M,Panchina,0,0,
31,13981729,Parma,Franco Carboni,M,Panchina,0,0,
31,13981729,Parma,Oliver Sørensen,M,Panchina,0,0,
31,13981729,Parma,Filippo Rinaldi,G,Panchina,0,0,
31,13981729,Parma,Edoardo Corvi,G,Panchina,0,0,
31,13981729,Parma,Marlon Mena,D,Panchina,0,0,
31,13981729,Parma,Abdoulaye Ndiaye,D,Panchina,0,0,
31,13981729,Parma,Nesta Elphege,F,Panchina,0,0,
31,13981729,Parma,Jacob Ondrejka,F,Panchina,0,0,
31,13981730,Sassuolo,Arijanet Murić,G,Titolare,0,0,
31,13981730,Sassuolo,Sebastian Walukiewicz,D,Titolare,0,0,
31,13981730,Sassuolo,Filippo Romagna,D,Titolare,0,0,
31,13981730,Sassuolo,Jay Idzes,D,Titolare,0,0,
31,13981730,Sassuolo,Ulisses Garcia,D,Titolare,0,0,
31,13981730,Sassuolo,Ismael Koné,M,Titolare,0,0,
31,13981730,Sassuolo,Kristian Thorstvedt,M,Titolare,0,0,
31,13981730,Sassuolo,Domenico Berardi,F,Titolare,0,0,
31,13981730,Sassuolo,Cristian Volpato,M,Titolare,0,0,
31,13981730,Sassuolo,Armand Laurienté,F,Titolare,0,0,
31,13981730,Sassuolo,Andrea Pinamonti,F,Titolare,0,0,
31,13981730,Sassuolo,Woyo Coulibaly,D,Panchina,0,0,
31,13981730,Sassuolo,Nemanja Matić,M,Panchina,0,0,
31,13981730,Sassuolo,Darryl Bakola,M,Panchina,0,0,
31,13981730,Sassuolo,Luca Lipani,M,Panchina,0,0,
31,13981730,Sassuolo,M'bala Nzola,F,Panchina,0,0,
31,13981730,Sassuolo,Stefano Turati,G,Panchina,0,0,
31,13981730,Sassuolo,Gioele Zacchi,G,Panchina,0,0,
31,13981730,Sassuolo,Giacomo Satalino,G,Panchina,0,0,
31,13981730,Sassuolo,Tarik Muharemović,D,Panchina,0,0,
31,13981730,Sassuolo,Pedro Felipe,D,Panchina,0,0,
31,13981730,Sassuolo,Josh Doig,D,Panchina,0,0,
31,13981730,Sassuolo,Aster Vranckx,M,Panchina,0,0,
31,13981730,Sassuolo,Edoardo Iannoni,M,Panchina,0,0,
31,13981730,Sassuolo,Alieu Fadera,F,Panchina,0,0,
31,13981730,Sassuolo,Luca Moro,F,Panchina,0,0,
31,13981730,Cagliari,Elia Caprile,G,Titolare,0,0,
31,13981730,Cagliari,Zé Pedro,D,Titolare,0,0,
31,13981730,Cagliari,Yerry Mina,D,Titolare,0,0,
31,13981730,Cagliari,Juan Rodríguez,D,Titolare,0,0,
31,13981730,Cagliari,Marco Palestra,M,Titolare,0,0,
31,13981730,Cagliari,Michel Adopo,M,Titolare,0,0,
31,13981730,Cagliari,Gianluca Gaetano,M,Titolare,0,0,
31,13981730,Cagliari,Alessandro Deiola,M,Titolare,0,0,
31,13981730,Cagliari,Adam Obert,D,Titolare,0,0,
31,13981730,Cagliari,Sebastiano Esposito,F,Titolare,0,0,
31,13981730,Cagliari,Michael Folorunsho,M,Titolare,0,0,
31,13981730,Cagliari,Gennaro Borrelli,F,Panchina,0,0,
31,13981730,Cagliari,Sulemana,M,Panchina,0,0,
31,13981730,Cagliari,Semih Kılıçsoy,F,Panchina,0,0,
31,13981730,Cagliari,Paul Mendy,F,Panchina,0,0,
31,13981730,Cagliari,Gabriele Zappa,D,Panchina,0,0,
31,13981730,Cagliari,Alen Sherri,G,Panchina,0,0,
31,13981730,Cagliari,Giuseppe Ciocci,G,Panchina,0,0,
31,13981730,Cagliari,Othniël Raterink,D,Panchina,0,0,
31,13981730,Cagliari,Agustín Albarracín,M,Panchina,0,0,
31,13981730,Cagliari,Luca Mazzitelli,M,Panchina,0,0,
31,13981730,Cagliari,Joseph Liteta,M,Panchina,0,0,
31,13981730,Cagliari,Andrea Belotti,F,Panchina,0,0,
31,13981731,Udinese,Maduka Okoye,G,Titolare,0,0,
31,13981731,Udinese,Thomas Kristensen,D,Titolare,0,0,
31,13981731,Udinese,Christian Kabasele,D,Titolare,0,0,
31,13981731,Udinese,Oumar Solet,D,Titolare,0,0,
31,13981731,Udinese,Kingsley Ehizibue,M,Titolare,0,0,
31,13981731,Udinese,Jakub Piotrowski,M,Titolare,0,0,
31,13981731,Udinese,Jesper Karlström,M,Titolare,0,0,
31,13981731,Udinese,Hassane Kamara,M,Titolare,0,0,
31,13981731,Udinese,Jürgen Ekkelenkamp,M,Titolare,0,0,
31,13981731,Udinese,Arthur Atta,M,Titolare,0,0,
31,13981731,Udinese,Nicolò Zaniolo,F,Titolare,0,0,
31,13981731,Udinese,Lennon Miller,M,Panchina,0,0,
31,13981731,Udinese,Juan Arizala,M,Panchina,0,0,
31,13981731,Udinese,Idrissa Gueye,F,Panchina,0,0,
31,13981731,Udinese,Nicolò Bertola,D,Panchina,0,0,
31,13981731,Udinese,Oier Zarraga,M,Panchina,0,0,
31,13981731,Udinese,Daniele Padelli,G,Panchina,0,0,
31,13981731,Udinese,Răzvan Sava,G,Panchina,0,0,
31,13981731,Udinese,Branimir Mlačić,D,Panchina,0,0,
31,13981731,Udinese,Abdoulaye Camara,M,Panchina,0,0,
31,13981731,Udinese,Vakoun Issouf Bayo,F,Panchina,0,0,
31,13981731,Como,Jean Butez,G,Titolare,0,0,
31,13981731,Como,Ivan Smolčić,D,Titolare,0,0,
31,13981731,Como,Diego Carlos,D,Titolare,0,0,
31,13981731,Como,Marc Kempf,D,Titolare,0,0,
31,13981731,Como,Álex Valle,D,Titolare,0,0,
31,13981731,Como,Máximo Perrone,M,Titolare,0,0,
31,13981731,Como,Lucas Da Cunha,M,Titolare,0,0,
31,13981731,Como,Assane Diao,M,Titolare,0,0,
31,13981731,Como,Nico Paz,M,Titolare,0,0,
31,13981731,Como,Maxence Caqueret,M,Titolare,0,0,
31,13981731,Como,Anastasios Douvikas,F,Titolare,0,0,
31,13981731,Como,Mërgim Vojvoda,D,Panchina,0,0,
31,13981731,Como,Sergi Roberto,M,Panchina,0,0,
31,13981731,Como,Martin Baturina,M,Panchina,0,0,
31,13981731,Como,Álvaro Morata,F,Panchina,0,0,
31,13981731,Como,Ignace Van der Brempt,D,Panchina,0,0,
31,13981731,Como,Mauro Vigorito,G,Panchina,0,0,
31,13981731,Como,Nikola Čavlina,G,Panchina,0,0,
31,13981731,Como,Noel Törnqvist,G,Panchina,0,0,
31,13981731,Como,Cristiano De Paoli,D,Panchina,0,0,
31,13981731,Como,Edoardo Goldaniga,D,Panchina,0,0,
31,13981731,Como,Alberto Moreno,D,Panchina,0,0,
31,13981731,Como,Nicolas-Gerrit Kühn,F,Panchina,0,0,
31,13981732,Hellas Verona,Lorenzo Montipò,G,Titolare,0,0,
31,13981732,Hellas Verona,Victor Nelsson,D,Titolare,0,0,
31,13981732,Hellas Verona,Andrias Edmundsson,D,Titolare,0,0,
31,13981732,Hellas Verona,Martin Frese,D,Titolare,0,0,
31,13981732,Hellas Verona,Daniel Oyegoke,M,Titolare,0,0,
31,13981732,Hellas Verona,Jean Daniel Akpa-Akpro,M,Titolare,0,0,
31,13981732,Hellas Verona,Roberto Gagliardini,M,Titolare,0,0,
31,13981732,Hellas Verona,Antoine Bernede,M,Titolare,0,0,
31,13981732,Hellas Verona,Rafik Belghali,M,Titolare,0,0,
31,13981732,Hellas Verona,Kieron Bowie,F,Titolare,0,0,
31,13981732,Hellas Verona,Gift Orban,F,Titolare,0,0,
31,13981732,Hellas Verona,Amin Sarr,F,Panchina,0,0,
31,13981732,Hellas Verona,Domagoj Bradarić,M,Panchina,0,0,
31,13981732,Hellas Verona,Tomáš Suslov,F,Panchina,0,0,
31,13981732,Hellas Verona,Daniel Mosquera,F,Panchina,0,0,
31,13981732,Hellas Verona,Giacomo Toniolo,G,Panchina,0,0,
31,13981732,Hellas Verona,Simone Perilli,G,Panchina,0,0,
31,13981732,Hellas Verona,Fallou Cham,D,Panchina,0,0,
31,13981732,Hellas Verona,Pol Lirola,D,Panchina,0,0,
31,13981732,Hellas Verona,Tobias Slotsager,D,Panchina,0,0,
31,13981732,Hellas Verona,Nicolás Valentini,D,Panchina,0,0,
31,13981732,Hellas Verona,Moatasem Al-Musrati,M,Panchina,0,0,
31,13981732,Hellas Verona,Cheikh Niasse,M,Panchina,0,0,
31,13981732,Hellas Verona,Abdou Harroui,M,Panchina,0,0,
31,13981732,Hellas Verona,Isaac,F,Panchina,0,0,
31,13981732,Fiorentina,David De Gea,G,Titolare,0,0,
31,13981732,Fiorentina,Pietro Comuzzo,D,Titolare,0,0,
31,13981732,Fiorentina,Marin Pongračić,D,Titolare,0,0,
31,13981732,Fiorentina,Luca Ranieri,D,Titolare,0,0,
31,13981732,Fiorentina,Robin Gosens,D,Titolare,0,0,
31,13981732,Fiorentina,Giovanni Fabbian,M,Titolare,0,0,
31,13981732,Fiorentina,Nicolò Fagioli,M,Titolare,0,0,
31,13981732,Fiorentina,Cher Ndour,M,Titolare,0,0,
31,13981732,Fiorentina,Jack Harrison,F,Titolare,0,0,
31,13981732,Fiorentina,Moise Kean,F,Titolare,0,0,
31,13981732,Fiorentina,Albert Guðmundsson,F,Titolare,0,0,
31,13981732,Fiorentina,Roberto Piccoli,F,Panchina,0,0,
31,13981732,Fiorentina,Luís Balbo,D,Panchina,0,0,
31,13981732,Fiorentina,Jacopo Fazzini,F,Panchina,0,0,
31,13981732,Fiorentina,Daniele Rugani,D,Panchina,0,0,
31,13981732,Fiorentina,Marco Brescianini,M,Panchina,0,0,
31,13981732,Fiorentina,Luca Lezzerini,G,Panchina,0,0,
31,13981732,Fiorentina,Oliver Christensen,G,Panchina,0,0,
31,13981732,Fiorentina,Eman Košpo,D,Panchina,0,0,
31,13981732,Fiorentina,Edoardo Sadotti,D,Panchina,0,0,
31,13981732,Fiorentina,Eddy Kouadio,D,Panchina,0,0,
31,13981732,Fiorentina,Lapo Deli,M,Panchina,0,0,
31,13981732,Fiorentina,Piergiorgio Bonanno,M,Panchina,0,0,
31,13981732,Fiorentina,Riccardo Braschi,F,Panchina,0,0,
32,13981733,Atalanta,Marco Carnesecchi,G,Titolare,0,0,
32,13981733,Atalanta,Giorgio Scalvini,D,Titolare,0,0,
32,13981733,Atalanta,Berat Djimsiti,D,Titolare,0,0,
32,13981733,Atalanta,Sead Kolašinac,D,Titolare,0,0,
32,13981733,Atalanta,Davide Zappacosta,M,Titolare,0,0,
32,13981733,Atalanta,Marten de Roon,M,Titolare,0,0,
32,13981733,Atalanta,Éderson,M,Titolare,0,0,
32,13981733,Atalanta,Lorenzo Bernasconi,M,Titolare,0,0,
32,13981733,Atalanta,Charles De Ketelaere,F,Titolare,0,0,
32,13981733,Atalanta,Nicola Zalewski,M,Titolare,0,0,
32,13981733,Atalanta,Nikola Krstović,F,Titolare,0,0,
32,13981733,Atalanta,Giacomo Raspadori,F,Panchina,0,0,
32,13981733,Atalanta,Honest Ahanor,D,Panchina,0,0,
32,13981733,Atalanta,Mario Pašalić,M,Panchina,0,0,
32,13981733,Atalanta,Gianluca Scamacca,F,Panchina,0,0,
32,13981733,Atalanta,Raoul Bellanova,M,Panchina,0,0,
32,13981733,Atalanta,Piotr Pardel,G,Panchina,0,0,
32,13981733,Atalanta,Marco Sportiello,G,Panchina,0,0,
32,13981733,Atalanta,Mitchel Bakker,D,Panchina,0,0,
32,13981733,Atalanta,Relja Obrić,D,Panchina,0,0,
32,13981733,Atalanta,Odilon Kossounou,D,Panchina,0,0,
32,13981733,Atalanta,Yunus Musah,M,Panchina,0,0,
32,13981733,Atalanta,Sergej Levak,M,Panchina,0,0,
32,13981733,Atalanta,Lazar Samardžić,M,Panchina,0,0,
32,13981733,Juventus,Michele Di Gregorio,G,Titolare,0,0,
32,13981733,Juventus,Pierre Kalulu,D,Titolare,0,0,
32,13981733,Juventus,Bremer,D,Titolare,0,0,
32,13981733,Juventus,Lloyd Kelly,D,Titolare,0,0,
32,13981733,Juventus,Emil Holm,D,Titolare,0,0,
32,13981733,Juventus,Manuel Locatelli,M,Titolare,0,0,
32,13981733,Juventus,Khéphren Thuram,M,Titolare,0,0,
32,13981733,Juventus,Andrea Cambiaso,M,Titolare,0,0,
32,13981733,Juventus,Francisco Conceição,F,Titolare,0,0,
32,13981733,Juventus,Kenan Yıldız,F,Titolare,0,0,
32,13981733,Juventus,Jérémie Boga,F,Titolare,0,0,
32,13981733,Juventus,Jonathan David,F,Panchina,0,0,
32,13981733,Juventus,Federico Gatti,D,Panchina,0,0,
32,13981733,Juventus,Teun Koopmeiners,M,Panchina,0,0,
32,13981733,Juventus,Fabio Miretti,M,Panchina,0,0,
32,13981733,Juventus,Filip Kostić,M,Panchina,0,0,
32,13981733,Juventus,Carlo Pinsoglio,G,Panchina,0,0,
32,13981733,Juventus,Riccardo Radu,G,Panchina,0,0,
32,13981733,Juventus,Arkadiusz Milik,F,Panchina,0,0,
32,13981733,Juventus,Edon Zhegrova,F,Panchina,0,0,
32,13981733,Juventus,Loïs Openda,F,Panchina,0,0,
32,13981734,Bologna,Massimo Pessina,G,Titolare,0,0,
32,13981734,Bologna,João Mário,D,Titolare,0,0,
32,13981734,Bologna,Nicolò Casale,D,Titolare,0,0,
32,13981734,Bologna,Jhon Lucumí,D,Titolare,0,0,
32,13981734,Bologna,Juan Miranda,D,Titolare,0,0,
32,13981734,Bologna,Nikola Moro,M,Titolare,0,0,
32,13981734,Bologna,Remo Freuler,M,Titolare,0,0,
32,13981734,Bologna,Riccardo Orsolini,M,Titolare,0,0,
32,13981734,Bologna,Simon Sohm,M,Titolare,0,0,
32,13981734,Bologna,Nicolò Cambiaghi,F,Titolare,0,0,
32,13981734,Bologna,Santiago Castro,F,Titolare,0,0,
32,13981734,Bologna,Nadir Zortea,D,Panchina,0,0,
32,13981734,Bologna,Tommaso Pobega,M,Panchina,0,0,
32,13981734,Bologna,Jonathan Rowe,F,Panchina,0,0,
32,13981734,Bologna,Jens Odgaard,M,Panchina,0,0,
32,13981734,Bologna,Federico Bernardeschi,F,Panchina,0,0,
32,13981734,Bologna,Federico Ravaglia,G,Panchina,0,0,
32,13981734,Bologna,Matteo Franceschelli,G,Panchina,0,0,
32,13981734,Bologna,Torbjørn Heggem,D,Panchina,0,0,
32,13981734,Bologna,Martin Vitík,D,Panchina,0,0,
32,13981734,Bologna,Lorenzo De Silvestri,D,Panchina,0,0,
32,13981734,Bologna,Francesco Castaldo,F,Panchina,0,0,
32,13981734,Lecce,Wladimiro Falcone,G,Titolare,0,0,
32,13981734,Lecce,Danilo Veiga,D,Titolare,0,0,
32,13981734,Lecce,Tiago Gabriel,D,Titolare,0,0,
32,13981734,Lecce,Jamil Siebert,D,Titolare,0,0,
32,13981734,Lecce,Corrie Ndaba,D,Titolare,0,0,
32,13981734,Lecce,Ylber Ramadani,M,Titolare,0,0,
32,13981734,Lecce,Oumar Ngom,M,Titolare,0,0,
32,13981734,Lecce,Santiago Pierotti,F,Titolare,0,0,
32,13981734,Lecce,Lassana Coulibaly,M,Titolare,0,0,
32,13981734,Lecce,Lameck Banda,M,Titolare,0,0,
32,13981734,Lecce,Nikola Štulić,F,Titolare,0,0,
32,13981734,Lecce,Antonino Gallo,D,Panchina,0,0,
32,13981734,Lecce,Omri Gandelman,M,Panchina,0,0,
32,13981734,Lecce,N'Dri Konan,F,Panchina,0,0,
32,13981734,Lecce,Walid Cheddira,F,Panchina,0,0,
32,13981734,Lecce,Alex Sala,M,Panchina,0,0,
32,13981734,Lecce,Christian Früchtl,G,Panchina,0,0,
32,13981734,Lecce,Jasper Samooja,G,Panchina,0,0,
32,13981734,Lecce,Gaby Jean,D,Panchina,0,0,
32,13981734,Lecce,Matías Pérez,D,Panchina,0,0,
32,13981734,Lecce,Sadik Fofana,M,Panchina,0,0,
32,13981734,Lecce,Filip Marchwiński,M,Panchina,0,0,
32,13981734,Lecce,Þórir Jóhann Helgason,M,Panchina,0,0,
32,13981734,Lecce,Niko Kovač,M,Panchina,0,0,
32,13981735,Cagliari,Elia Caprile,G,Titolare,0,0,
32,13981735,Cagliari,Marco Palestra,M,Titolare,0,0,
32,13981735,Cagliari,Yerry Mina,D,Titolare,0,0,
32,13981735,Cagliari,Juan Rodríguez,D,Titolare,0,0,
32,13981735,Cagliari,Adam Obert,D,Titolare,0,0,
32,13981735,Cagliari,Luca Mazzitelli,M,Titolare,0,0,
32,13981735,Cagliari,Gianluca Gaetano,M,Titolare,0,0,
32,13981735,Cagliari,Sebastiano Esposito,F,Titolare,0,0,
32,13981735,Cagliari,Alessandro Deiola,M,Titolare,0,0,
32,13981735,Cagliari,Michael Folorunsho,M,Titolare,0,0,
32,13981735,Cagliari,Gennaro Borrelli,F,Titolare,0,0,
32,13981735,Cagliari,Michel Adopo,M,Panchina,0,0,
32,13981735,Cagliari,Zé Pedro,D,Panchina,0,0,
32,13981735,Cagliari,Paul Mendy,F,Panchina,0,0,
32,13981735,Cagliari,Andrea Belotti,F,Panchina,0,0,
32,13981735,Cagliari,Alberto Dossena,D,Panchina,0,0,
32,13981735,Cagliari,Giuseppe Ciocci,G,Panchina,0,0,
32,13981735,Cagliari,Alen Sherri,G,Panchina,0,0,
32,13981735,Cagliari,Othniël Raterink,D,Panchina,0,0,
32,13981735,Cagliari,Gabriele Zappa,D,Panchina,0,0,
32,13981735,Cagliari,Agustín Albarracín,M,Panchina,0,0,
32,13981735,Cagliari,Sulemana,M,Panchina,0,0,
32,13981735,Cagliari,Joseph Liteta,M,Panchina,0,0,
32,13981735,Cagliari,Yael Trepy,F,Panchina,0,0,
32,13981735,Cagliari,Semih Kılıçsoy,F,Panchina,0,0,
32,13981735,Cremonese,Emil Audero,G,Titolare,0,0,
32,13981735,Cremonese,Filippo Terracciano,D,Titolare,0,0,
32,13981735,Cremonese,Federico Baschirotto,D,Titolare,0,0,
32,13981735,Cremonese,Sebastiano Luperto,D,Titolare,0,0,
32,13981735,Cremonese,Giuseppe Pezzella,M,Titolare,0,0,
32,13981735,Cremonese,Romano Floriani Mussolini,M,Titolare,0,0,
32,13981735,Cremonese,Warren Bondo,M,Titolare,0,0,
32,13981735,Cremonese,Alberto Grassi,M,Titolare,0,0,
32,13981735,Cremonese,Jari Vandeputte,M,Titolare,0,0,
32,13981735,Cremonese,Federico Bonazzoli,F,Titolare,0,0,
32,13981735,Cremonese,David Okereke,F,Titolare,0,0,
32,13981735,Cremonese,Martín Payero,M,Panchina,0,0,
32,13981735,Cremonese,Antonio Sanabria,F,Panchina,0,0,
32,13981735,Cremonese,Tommaso Barbieri,M,Panchina,0,0,
32,13981735,Cremonese,Alessio Zerbin,M,Panchina,0,0,
32,13981735,Cremonese,Milan Đurić,F,Panchina,0,0,
32,13981735,Cremonese,Marco Silvestri,G,Panchina,0,0,
32,13981735,Cremonese,Lapo Nava,G,Panchina,0,0,
32,13981735,Cremonese,Federico Ceccherini,D,Panchina,0,0,
32,13981735,Cremonese,Francesco Folino,D,Panchina,0,0,
32,13981735,Cremonese,Matteo Bianchetti,D,Panchina,0,0,
32,13981735,Cremonese,Mikayil Faye,D,Panchina,0,0,
32,13981735,Cremonese,Simone Lottici Tessadri,M,Panchina,0,0,
32,13981736,Como,Jean Butez,G,Titolare,0,0,
32,13981736,Como,Ignace Van der Brempt,D,Titolare,0,0,
32,13981736,Como,Diego Carlos,D,Titolare,0,0,
32,13981736,Como,Marc Kempf,D,Titolare,0,0,
32,13981736,Como,Álex Valle,D,Titolare,0,0,
32,13981736,Como,Sergi Roberto,M,Titolare,0,0,
32,13981736,Como,Máximo Perrone,M,Titolare,0,0,
32,13981736,Como,Assane Diao,M,Titolare,0,0,
32,13981736,Como,Nico Paz,M,Titolare,0,0,
32,13981736,Como,Martin Baturina,M,Titolare,0,0,
32,13981736,Como,Anastasios Douvikas,F,Titolare,0,0,
32,13981736,Como,Jacobo Ramón,D,Panchina,0,0,
32,13981736,Como,Lucas Da Cunha,M,Panchina,0,0,
32,13981736,Como,Ivan Smolčić,D,Panchina,0,0,
32,13981736,Como,Álvaro Morata,F,Panchina,0,0,
32,13981736,Como,Alberto Moreno,D,Panchina,0,0,
32,13981736,Como,Noel Törnqvist,G,Panchina,0,0,
32,13981736,Como,Mauro Vigorito,G,Panchina,0,0,
32,13981736,Como,Nikola Čavlina,G,Panchina,0,0,
32,13981736,Como,Cristiano De Paoli,D,Panchina,0,0,
32,13981736,Como,Mërgim Vojvoda,D,Panchina,0,0,
32,13981736,Como,Edoardo Goldaniga,D,Panchina,0,0,
32,13981736,Como,Maxence Caqueret,M,Panchina,0,0,
32,13981736,Como,Jesús Rodriguez,M,Panchina,0,0,
32,13981736,Como,Nicolas-Gerrit Kühn,F,Panchina,0,0,
32,13981736,Inter,Yann Sommer,G,Titolare,0,0,
32,13981736,Inter,Manuel Akanji,D,Titolare,0,0,
32,13981736,Inter,Francesco Acerbi,D,Titolare,0,0,
32,13981736,Inter,Alessandro Bastoni,D,Titolare,0,0,
32,13981736,Inter,Denzel Dumfries,M,Titolare,0,0,
32,13981736,Inter,Nicolò Barella,M,Titolare,0,0,
32,13981736,Inter,Hakan Çalhanoğlu,M,Titolare,0,0,
32,13981736,Inter,Piotr Zieliński,M,Titolare,0,0,
32,13981736,Inter,Federico Dimarco,M,Titolare,0,0,
32,13981736,Inter,Francesco Pio Esposito,F,Titolare,0,0,
32,13981736,Inter,Marcus Thuram,F,Titolare,0,0,
32,13981736,Inter,Carlos Augusto,D,Panchina,0,0,
32,13981736,Inter,Luís Henrique,M,Panchina,0,0,
32,13981736,Inter,Petar Sučić,M,Panchina,0,0,
32,13981736,Inter,Ange-Yoan Bonny,F,Panchina,0,0,
32,13981736,Inter,Henrikh Mkhitaryan,M,Panchina,0,0,
32,13981736,Inter,Raffaele Di Gennaro,G,Panchina,0,0,
32,13981736,Inter,Josep Martínez,G,Panchina,0,0,
32,13981736,Inter,Stefan de Vrij,D,Panchina,0,0,
32,13981736,Inter,Matteo Darmian,D,Panchina,0,0,
32,13981736,Inter,Davide Frattesi,M,Panchina,0,0,
32,13981736,Inter,Andy Diouf,M,Panchina,0,0,
32,13981736,Inter,Lautaro Martínez,F,Panchina,0,0,
32,13981736,Inter,Mattia Mosconi,F,Panchina,0,0,
32,13981737,Genoa,Justin Bijlow,G,Titolare,0,0,
32,13981737,Genoa,Alessandro Marcandalli,D,Titolare,0,0,
32,13981737,Genoa,Leo Østigård,D,Titolare,0,0,
32,13981737,Genoa,Johan Vásquez,D,Titolare,0,0,
32,13981737,Genoa,Stefano Sabelli,M,Titolare,0,0,
32,13981737,Genoa,Morten Frendrup,M,Titolare,0,0,
32,13981737,Genoa,Ruslan Malinovskyi,M,Titolare,0,0,
32,13981737,Genoa,Mikael Ellertsson,M,Titolare,0,0,
32,13981737,Genoa,Tommaso Baldanzi,M,Titolare,0,0,
32,13981737,Genoa,Vitinha,F,Titolare,0,0,
32,13981737,Genoa,Lorenzo Colombo,F,Titolare,0,0,
32,13981737,Genoa,Aarón Martín,M,Panchina,0,0,
32,13981737,Genoa,Patrizio Masini,M,Panchina,0,0,
32,13981737,Genoa,Caleb Ekuban,F,Panchina,0,0,
32,13981737,Genoa,Junior Messias,F,Panchina,0,0,
32,13981737,Genoa,Sebastian Otoa,D,Panchina,0,0,
32,13981737,Genoa,Nicola Leali,G,Panchina,0,0,
32,13981737,Genoa,Daniele Sommariva,G,Panchina,0,0,
32,13981737,Genoa,Nils Zätterström,D,Panchina,0,0,
32,13981737,Genoa,Wedtoin Latif Ouedraogo,D,Panchina,0,0,
32,13981737,Genoa,Lukas Klisys,D,Panchina,0,0,
32,13981737,Genoa,Jacopo Grossi,M,Panchina,0,0,
32,13981737,Genoa,Alexsandro Amorim,M,Panchina,0,0,
32,13981737,Genoa,Jeff Ekhator,F,Panchina,0,0,
32,13981737,Sassuolo,Arijanet Murić,G,Titolare,0,0,
32,13981737,Sassuolo,Sebastian Walukiewicz,D,Titolare,0,0,
32,13981737,Sassuolo,Jay Idzes,D,Titolare,0,0,
32,13981737,Sassuolo,Tarik Muharemović,D,Titolare,0,0,
32,13981737,Sassuolo,Josh Doig,D,Titolare,0,0,
32,13981737,Sassuolo,Ismael Koné,M,Titolare,0,0,
32,13981737,Sassuolo,Nemanja Matić,M,Titolare,0,0,
32,13981737,Sassuolo,Kristian Thorstvedt,M,Titolare,0,0,
32,13981737,Sassuolo,Domenico Berardi,F,Titolare,0,0,
32,13981737,Sassuolo,Andrea Pinamonti,F,Titolare,0,0,
32,13981737,Sassuolo,Armand Laurienté,F,Titolare,0,0,
32,13981737,Sassuolo,Woyo Coulibaly,D,Panchina,0,0,
32,13981737,Sassuolo,Cristian Volpato,M,Panchina,0,0,
32,13981737,Sassuolo,Edoardo Iannoni,M,Panchina,0,0,
32,13981737,Sassuolo,Luca Lipani,M,Panchina,0,0,
32,13981737,Sassuolo,Luca Moro,F,Panchina,0,0,
32,13981737,Sassuolo,Gioele Zacchi,G,Panchina,0,0,
32,13981737,Sassuolo,Giacomo Satalino,G,Panchina,0,0,
32,13981737,Sassuolo,Stefano Turati,G,Panchina,0,0,
32,13981737,Sassuolo,Pedro Felipe,D,Panchina,0,0,
32,13981737,Sassuolo,Christian Frangella,M,Panchina,0,0,
32,13981737,Sassuolo,M'bala Nzola,F,Panchina,0,0,
32,13981737,Sassuolo,Alieu Fadera,F,Panchina,0,0,
32,13981738,Fiorentina,David De Gea,G,Titolare,0,0,
32,13981738,Fiorentina,Dodô,M,Titolare,0,0,
32,13981738,Fiorentina,Daniele Rugani,D,Titolare,0,0,
32,13981738,Fiorentina,Luca Ranieri,D,Titolare,0,0,
32,13981738,Fiorentina,Robin Gosens,D,Titolare,0,0,
32,13981738,Fiorentina,Giovanni Fabbian,M,Titolare,0,0,
32,13981738,Fiorentina,Rolando Mandragora,M,Titolare,0,0,
32,13981738,Fiorentina,Cher Ndour,M,Titolare,0,0,
32,13981738,Fiorentina,Jack Harrison,F,Titolare,0,0,
32,13981738,Fiorentina,Roberto Piccoli,F,Titolare,0,0,
32,13981738,Fiorentina,Jacopo Fazzini,F,Titolare,0,0,
32,13981738,Fiorentina,Marin Pongračić,D,Panchina,0,0,
32,13981738,Fiorentina,Luís Balbo,D,Panchina,0,0,
32,13981738,Fiorentina,Manor Solomon,F,Panchina,0,0,
32,13981738,Fiorentina,Luca Lezzerini,G,Panchina,0,0,
32,13981738,Fiorentina,Oliver Christensen,G,Panchina,0,0,
32,13981738,Fiorentina,Eddy Kouadio,D,Panchina,0,0,
32,13981738,Fiorentina,Pietro Comuzzo,D,Panchina,0,0,
32,13981738,Fiorentina,Eman Košpo,D,Panchina,0,0,
32,13981738,Fiorentina,Lapo Deli,M,Panchina,0,0,
32,13981738,Fiorentina,Giorgio Puzzoli,M,Panchina,0,0,
32,13981738,Fiorentina,Salvatore Cianciulli,M,Panchina,0,0,
32,13981738,Fiorentina,Riccardo Braschi,F,Panchina,0,0,
32,13981738,Lazio,Edoardo Motta,G,Titolare,0,0,
32,13981738,Lazio,Manuel Lazzari,D,Titolare,0,0,
32,13981738,Lazio,Alessio Romagnoli,D,Titolare,0,0,
32,13981738,Lazio,Oliver Provstgaard,D,Titolare,0,0,
32,13981738,Lazio,Nuno Tavares,D,Titolare,0,0,
32,13981738,Lazio,Toma Bašić,M,Titolare,0,0,
32,13981738,Lazio,Patric,D,Titolare,0,0,
32,13981738,Lazio,Kenneth Taylor,M,Titolare,0,0,
32,13981738,Lazio,Matteo Cancellieri,F,Titolare,0,0,
32,13981738,Lazio,Boulaye Dia,F,Titolare,0,0,
32,13981738,Lazio,Mattia Zaccagni,F,Titolare,0,0,
32,13981738,Lazio,Fisayo Dele-Bashiru,M,Panchina,0,0,
32,13981738,Lazio,Tijjani Noslin,F,Panchina,0,0,
32,13981738,Lazio,Gustav Isaksen,F,Panchina,0,0,
32,13981738,Lazio,Pedro,F,Panchina,0,0,
32,13981738,Lazio,Petar Ratkov,F,Panchina,0,0,
32,13981738,Lazio,Giacomo Giacomone,G,Panchina,0,0,
32,13981738,Lazio,Alessio Furlanetto,G,Panchina,0,0,
32,13981738,Lazio,Luca Pellegrini,D,Panchina,0,0,
32,13981738,Lazio,Elseid Hysaj,D,Panchina,0,0,
32,13981738,Lazio,Danilo Cataldi,M,Panchina,0,0,
32,13981738,Lazio,Reda Belahyane,M,Panchina,0,0,
32,13981738,Lazio,Adrian Przyborek,M,Panchina,0,0,
32,13981739,AC Milan,Mike Maignan,G,Titolare,0,0,
32,13981739,AC Milan,Zachary Athekame,D,Titolare,0,0,
32,13981739,AC Milan,Koni De Winter,D,Titolare,0,0,
32,13981739,AC Milan,Strahinja Pavlović,D,Titolare,0,0,
32,13981739,AC Milan,Davide Bartesaghi,M,Titolare,0,0,
32,13981739,AC Milan,Samuele Ricci,M,Titolare,0,0,
32,13981739,AC Milan,Luka Modrić,M,Titolare,0,0,
32,13981739,AC Milan,Adrien Rabiot,M,Titolare,0,0,
32,13981739,AC Milan,Alexis Saelemaekers,M,Titolare,0,0,
32,13981739,AC Milan,Rafael Leão,F,Titolare,0,0,
32,13981739,AC Milan,Christian Pulišić,F,Titolare,0,0,
32,13981739,AC Milan,Niclas Füllkrug,F,Panchina,0,0,
32,13981739,AC Milan,Youssouf Fofana,M,Panchina,0,0,
32,13981739,AC Milan,Ardon Jashari,M,Panchina,0,0,
32,13981739,AC Milan,Christopher Nkunku,F,Panchina,0,0,
32,13981739,AC Milan,Ruben Loftus-Cheek,M,Panchina,0,0,
32,13981739,AC Milan,Pietro Terracciano,G,Panchina,0,0,
32,13981739,AC Milan,Matteo Pittarella,G,Panchina,0,0,
32,13981739,AC Milan,Matteo Gabbia,D,Panchina,0,0,
32,13981739,AC Milan,Fikayo Tomori,D,Panchina,0,0,
32,13981739,AC Milan,David Odogu,D,Panchina,0,0,
32,13981739,AC Milan,Pervis Estupiñán,M,Panchina,0,0,
32,13981739,AC Milan,Santiago Giménez,F,Panchina,0,0,
32,13981739,Udinese,Maduka Okoye,G,Titolare,0,0,
32,13981739,Udinese,Kingsley Ehizibue,M,Titolare,0,0,
32,13981739,Udinese,Thomas Kristensen,D,Titolare,0,0,
32,13981739,Udinese,Christian Kabasele,D,Titolare,0,0,
32,13981739,Udinese,Oumar Solet,D,Titolare,0,0,
32,13981739,Udinese,Hassane Kamara,M,Titolare,0,0,
32,13981739,Udinese,Nicolò Zaniolo,F,Titolare,0,0,
32,13981739,Udinese,Jesper Karlström,M,Titolare,0,0,
32,13981739,Udinese,Arthur Atta,M,Titolare,0,0,
32,13981739,Udinese,Jürgen Ekkelenkamp,M,Titolare,0,0,
32,13981739,Udinese,Keinan Davis,F,Titolare,0,0,
32,13981739,Udinese,Jakub Piotrowski,M,Panchina,0,0,
32,13981739,Udinese,Idrissa Gueye,F,Panchina,0,0,
32,13981739,Udinese,Oier Zarraga,M,Panchina,0,0,
32,13981739,Udinese,Lennon Miller,M,Panchina,0,0,
32,13981739,Udinese,Răzvan Sava,G,Panchina,0,0,
32,13981739,Udinese,Daniele Padelli,G,Panchina,0,0,
32,13981739,Udinese,Alessandro Nunziante,G,Panchina,0,0,
32,13981739,Udinese,Branimir Mlačić,D,Panchina,0,0,
32,13981739,Udinese,Nicolò Bertola,D,Panchina,0,0,
32,13981739,Udinese,Abdoulaye Camara,M,Panchina,0,0,
32,13981739,Udinese,Juan Arizala,M,Panchina,0,0,
32,13981739,Udinese,Adam Buksa,F,Panchina,0,0,
32,13981739,Udinese,Vakoun Issouf Bayo,F,Panchina,0,0,
32,13981740,Parma,Zion Suzuki,G,Titolare,0,0,
32,13981740,Parma,Alessandro Circati,D,Titolare,0,0,
32,13981740,Parma,Mariano Troilo,D,Titolare,0,0,
32,13981740,Parma,Lautaro Valenti,D,Titolare,0,0,
32,13981740,Parma,Enrico Delprato,D,Titolare,0,0,
32,13981740,Parma,Adrián Bernabé,M,Titolare,0,0,
32,13981740,Parma,Hans Nicolussi Caviglia,M,Titolare,0,0,
32,13981740,Parma,Mandela Keita,M,Titolare,0,0,
32,13981740,Parma,Emanuele Valeri,M,Titolare,0,0,
32,13981740,Parma,Nesta Elphege,F,Titolare,0,0,
32,13981740,Parma,Gabriel Strefezza,F,Titolare,0,0,
32,13981740,Parma,Oliver Sørensen,M,Panchina,0,0,
32,13981740,Parma,Nahuel Estévez,M,Panchina,0,0,
32,13981740,Parma,Christian Ordoñez,M,Panchina,0,0,
32,13981740,Parma,Daniel Mikołajewski,F,Panchina,0,0,
32,13981740,Parma,Edoardo Corvi,G,Panchina,0,0,
32,13981740,Parma,Filippo Rinaldi,G,Panchina,0,0,
32,13981740,Parma,Sascha Britschgi,D,Panchina,0,0,
32,13981740,Parma,Abdoulaye Ndiaye,D,Panchina,0,0,
32,13981740,Parma,Gaetano Oristanio,M,Panchina,0,0,
32,13981740,Parma,Franco Carboni,M,Panchina,0,0,
32,13981740,Parma,Jacob Ondrejka,F,Panchina,0,0,
32,13981740,Parma,Pontus Almqvist,F,Panchina,0,0,
32,13981740,SSC Napoli,Vanja Milinković-Savić,G,Titolare,0,0,
32,13981740,SSC Napoli,Juan Jesus,D,Titolare,0,0,
32,13981740,SSC Napoli,Alessandro Buongiorno,D,Titolare,0,0,
32,13981740,SSC Napoli,Mathías Olivera,D,Titolare,0,0,
32,13981740,SSC Napoli,Matteo Politano,M,Titolare,0,0,
32,13981740,SSC Napoli,Frank Anguissa,M,Titolare,0,0,
32,13981740,SSC Napoli,Stanislav Lobotka,M,Titolare,0,0,
32,13981740,SSC Napoli,Leonardo Spinazzola,D,Titolare,0,0,
32,13981740,SSC Napoli,Kevin De Bruyne,M,Titolare,0,0,
32,13981740,SSC Napoli,Scott McTominay,M,Titolare,0,0,
32,13981740,SSC Napoli,Rasmus Højlund,F,Titolare,0,0,
32,13981740,SSC Napoli,Sam Beukema,D,Panchina,0,0,
32,13981740,SSC Napoli,Alisson Santos,F,Panchina,0,0,
32,13981740,SSC Napoli,Giovane,F,Panchina,0,0,
32,13981740,SSC Napoli,Eljif Elmas,M,Panchina,0,0,
32,13981740,SSC Napoli,Miguel Gutiérrez,D,Panchina,0,0,
32,13981740,SSC Napoli,Nikita Contini,G,Panchina,0,0,
32,13981740,SSC Napoli,Alex Meret,G,Panchina,0,0,
32,13981740,SSC Napoli,Billy Gilmour,M,Panchina,0,0,
32,13981740,SSC Napoli,Pasquale Mazzocchi,M,Panchina,0,0,
32,13981741,Torino,Alberto Paleari,G,Titolare,0,0,
32,13981741,Torino,Saúl Coco,D,Titolare,0,0,
32,13981741,Torino,Ardian Ismajli,D,Titolare,0,0,
32,13981741,Torino,Enzo Ebosse,D,Titolare,0,0,
32,13981741,Torino,Marcus Pedersen,M,Titolare,0,0,
32,13981741,Torino,Cesare Casadei,M,Titolare,0,0,
32,13981741,Torino,Gvidas Gineitis,M,Titolare,0,0,
32,13981741,Torino,Nikola Vlašić,M,Titolare,0,0,
32,13981741,Torino,Rafael Obrador,M,Titolare,0,0,
32,13981741,Torino,Giovanni Simeone,F,Titolare,0,0,
32,13981741,Torino,Che Adams,F,Titolare,0,0,
32,13981741,Torino,Luca Marianucci,D,Panchina,0,0,
32,13981741,Torino,Matteo Prati,M,Panchina,0,0,
32,13981741,Torino,Sandro Kulenović,F,Panchina,0,0,
32,13981741,Torino,Guillermo Maripán,D,Panchina,0,0,
32,13981741,Torino,Cristiano Biraghi,D,Panchina,0,0,
32,13981741,Torino,Franco Israel,G,Panchina,0,0,
32,13981741,Torino,Lapo Siviero,G,Panchina,0,0,
32,13981741,Torino,Adrien Tameze,D,Panchina,0,0,
32,13981741,Torino,Valentino Lazaro,M,Panchina,0,0,
32,13981741,Torino,Emirhan İlkhan,M,Panchina,0,0,
32,13981741,Torino,Tino Anjorin,M,Panchina,0,0,
32,13981741,Torino,Ivan Ilić,M,Panchina,0,0,
32,13981741,Torino,Alieu Njie,F,Panchina,0,0,
32,13981741,Hellas Verona,Lorenzo Montipò,G,Titolare,0,0,
32,13981741,Hellas Verona,Victor Nelsson,D,Titolare,0,0,
32,13981741,Hellas Verona,Andrias Edmundsson,D,Titolare,0,0,
32,13981741,Hellas Verona,Martin Frese,D,Titolare,0,0,
32,13981741,Hellas Verona,Daniel Oyegoke,M,Titolare,0,0,
32,13981741,Hellas Verona,Jean Daniel Akpa-Akpro,M,Titolare,0,0,
32,13981741,Hellas Verona,Roberto Gagliardini,M,Titolare,0,0,
32,13981741,Hellas Verona,Antoine Bernede,M,Titolare,0,0,
32,13981741,Hellas Verona,Rafik Belghali,M,Titolare,0,0,
32,13981741,Hellas Verona,Abdou Harroui,M,Titolare,0,0,
32,13981741,Hellas Verona,Kieron Bowie,F,Titolare,0,0,
32,13981741,Hellas Verona,Nicolás Valentini,D,Panchina,0,0,
32,13981741,Hellas Verona,Gift Orban,F,Panchina,0,0,
32,13981741,Hellas Verona,Domagoj Bradarić,M,Panchina,0,0,
32,13981741,Hellas Verona,Amin Sarr,F,Panchina,0,0,
32,13981741,Hellas Verona,Daniel Mosquera,F,Panchina,0,0,
32,13981741,Hellas Verona,Giacomo Toniolo,G,Panchina,0,0,
32,13981741,Hellas Verona,Simone Perilli,G,Panchina,0,0,
32,13981741,Hellas Verona,Fallou Cham,D,Panchina,0,0,
32,13981741,Hellas Verona,Tobias Slotsager,D,Panchina,0,0,
32,13981741,Hellas Verona,Pol Lirola,D,Panchina,0,0,
32,13981741,Hellas Verona,Moatasem Al-Musrati,M,Panchina,0,0,
32,13981741,Hellas Verona,Cheikh Niasse,M,Panchina,0,0,
32,13981741,Hellas Verona,Junior Ajayi,F,Panchina,0,0,
32,13981741,Hellas Verona,Isaac,F,Panchina,0,0,
32,13981742,AS Roma,Mile Svilar,G,Titolare,0,0,
32,13981742,AS Roma,Daniele Ghilardi,D,Titolare,0,0,
32,13981742,AS Roma,Evan Ndicka,D,Titolare,0,0,
32,13981742,AS Roma,Mario Hermoso,D,Titolare,0,0,
32,13981742,AS Roma,Zeki Çelik,D,Titolare,0,0,
32,13981742,AS Roma,Bryan Cristante,M,Titolare,0,0,
32,13981742,AS Roma,Niccolò Pisilli,M,Titolare,0,0,
32,13981742,AS Roma,Devyne Rensch,M,Titolare,0,0,
32,13981742,AS Roma,Matías Soulé,F,Titolare,0,0,
32,13981742,AS Roma,Lorenzo Pellegrini,F,Titolare,0,0,
32,13981742,AS Roma,Donyell Malen,F,Titolare,0,0,
32,13981742,AS Roma,Stephan El Shaarawy,F,Panchina,0,0,
32,13981742,AS Roma,Neil El Aynaoui,M,Panchina,0,0,
32,13981742,AS Roma,Angeliño,M,Panchina,0,0,
32,13981742,AS Roma,Robinio Vaz,F,Panchina,0,0,
32,13981742,AS Roma,Lorenzo Venturino,F,Panchina,0,0,
32,13981742,AS Roma,Giorgio De Marzi,G,Panchina,0,0,
32,13981742,AS Roma,Pierluigi Gollini,G,Panchina,0,0,
32,13981742,AS Roma,Jan Ziółkowski,D,Panchina,0,0,
32,13981742,AS Roma,Jacopo Mirra,D,Panchina,0,0,
32,13981742,AS Roma,Mohamed Seck,D,Panchina,0,0,
32,13981742,AS Roma,Kostas Tsimikas,D,Panchina,0,0,
32,13981742,AS Roma,Bryan Zaragoza,F,Panchina,0,0,
32,13981742,Pisa,Adrian Šemper,G,Titolare,0,0,
32,13981742,Pisa,Arturo Calabresi,D,Titolare,0,0,
32,13981742,Pisa,Antonio Caracciolo,D,Titolare,0,0,
32,13981742,Pisa,Simone Canestrelli,D,Titolare,0,0,
32,13981742,Pisa,Idrissa Touré,M,Titolare,0,0,
32,13981742,Pisa,Michel Aebischer,M,Titolare,0,0,
32,13981742,Pisa,Malthe Højholt,M,Titolare,0,0,
32,13981742,Pisa,Samuele Angori,M,Titolare,0,0,
32,13981742,Pisa,Mehdi Léris,M,Titolare,0,0,
32,13981742,Pisa,Matteo Tramoni,F,Titolare,0,0,
32,13981742,Pisa,Stefano Moreo,F,Titolare,0,0,
32,13981742,Pisa,Ebenezer Akinsanmiro,M,Panchina,0,0,
32,13981742,Pisa,Gabriele Piccinini,M,Panchina,0,0,
32,13981742,Pisa,Felipe Loyola,M,Panchina,0,0,
32,13981742,Pisa,Rafiu Durosinmi,F,Panchina,0,0,
32,13981742,Pisa,Francesco Coppola,D,Panchina,0,0,
32,13981742,Pisa,Simone Scuffet,G,Panchina,0,0,
32,13981742,Pisa,Nícolas,G,Panchina,0,0,
32,13981742,Pisa,Raúl Albiol,D,Panchina,0,0,
32,13981742,Pisa,Rosen Bozhinov,D,Panchina,0,0,
32,13981742,Pisa,Isak Vural,M,Panchina,0,0,
32,13981742,Pisa,Juan Cuadrado,M,Panchina,0,0,
32,13981742,Pisa,Calvin Stengs,M,Panchina,0,0,
32,13981742,Pisa,Filip Stojilković,F,Panchina,0,0,
32,13981742,Pisa,Henrik Wendel Meister,F,Panchina,0,0,
33,13980098,Juventus,Michele Di Gregorio,G,Titolare,0,0,
33,13980098,Juventus,Pierre Kalulu,D,Titolare,0,0,
33,13980098,Juventus,Bremer,D,Titolare,0,0,
33,13980098,Juventus,Lloyd Kelly,D,Titolare,0,0,
33,13980098,Juventus,Emil Holm,D,Titolare,0,0,
33,13980098,Juventus,Manuel Locatelli,M,Titolare,0,0,
33,13980098,Juventus,Weston McKennie,M,Titolare,0,0,
33,13980098,Juventus,Andrea Cambiaso,M,Titolare,0,0,
33,13980098,Juventus,Francisco Conceição,F,Titolare,0,0,
33,13980098,Juventus,Jérémie Boga,F,Titolare,0,0,
33,13980098,Juventus,Jonathan David,F,Titolare,0,0,
33,13980098,Juventus,Khéphren Thuram,M,Panchina,0,0,
33,13980098,Juventus,Kenan Yıldız,F,Panchina,0,0,
33,13980098,Juventus,Edon Zhegrova,F,Panchina,0,0,
33,13980098,Juventus,Federico Gatti,D,Panchina,0,0,
33,13980098,Juventus,Loïs Openda,F,Panchina,0,0,
33,13980098,Juventus,Simone Scaglia,G,Panchina,0,0,
33,13980098,Juventus,Carlo Pinsoglio,G,Panchina,0,0,
33,13980098,Juventus,Fabio Miretti,M,Panchina,0,0,
33,13980098,Juventus,Filip Kostić,M,Panchina,0,0,
33,13980098,Juventus,Teun Koopmeiners,M,Panchina,0,0,
33,13980098,Bologna,Federico Ravaglia,G,Titolare,0,0,
33,13980098,Bologna,Nadir Zortea,D,Titolare,0,0,
33,13980098,Bologna,Eivind Helland,D,Titolare,0,0,
33,13980098,Bologna,Jhon Lucumí,D,Titolare,0,0,
33,13980098,Bologna,Juan Miranda,D,Titolare,0,0,
33,13980098,Bologna,Simon Sohm,M,Titolare,0,0,
33,13980098,Bologna,Remo Freuler,M,Titolare,0,0,
33,13980098,Bologna,Tommaso Pobega,M,Titolare,0,0,
33,13980098,Bologna,Riccardo Orsolini,M,Titolare,0,0,
33,13980098,Bologna,Santiago Castro,F,Titolare,0,0,
33,13980098,Bologna,Nicolò Cambiaghi,F,Titolare,0,0,
33,13980098,Bologna,Nikola Moro,M,Panchina,0,0,
33,13980098,Bologna,Lewis Ferguson,M,Panchina,0,0,
33,13980098,Bologna,Jonathan Rowe,F,Panchina,0,0,
33,13980098,Bologna,Torbjørn Heggem,D,Panchina,0,0,
33,13980098,Bologna,Federico Bernardeschi,F,Panchina,0,0,
33,13980098,Bologna,Matteo Franceschelli,G,Panchina,0,0,
33,13980098,Bologna,Massimo Pessina,G,Panchina,0,0,
33,13980098,Bologna,João Mário,D,Panchina,0,0,
33,13980098,Bologna,Martin Vitík,D,Panchina,0,0,
33,13980098,Bologna,Lorenzo De Silvestri,D,Panchina,0,0,
33,13980098,Bologna,Charalampos Lykogiannis,D,Panchina,0,0,
33,13980098,Bologna,Jens Odgaard,M,Panchina,0,0,
33,13980098,Bologna,Francesco Castaldo,F,Panchina,0,0,
33,13980099,Lecce,Wladimiro Falcone,G,Titolare,0,0,
33,13980099,Lecce,Danilo Veiga,D,Titolare,0,0,
33,13980099,Lecce,Jamil Siebert,D,Titolare,0,0,
33,13980099,Lecce,Tiago Gabriel,D,Titolare,0,0,
33,13980099,Lecce,Antonino Gallo,D,Titolare,0,0,
33,13980099,Lecce,Ylber Ramadani,M,Titolare,0,0,
33,13980099,Lecce,Oumar Ngom,M,Titolare,0,0,
33,13980099,Lecce,Santiago Pierotti,F,Titolare,0,0,
33,13980099,Lecce,Lassana Coulibaly,M,Titolare,0,0,
33,13980099,Lecce,N'Dri Konan,F,Titolare,0,0,
33,13980099,Lecce,Walid Cheddira,F,Titolare,0,0,
33,13980099,Lecce,Lameck Banda,M,Panchina,0,0,
33,13980099,Lecce,Omri Gandelman,M,Panchina,0,0,
33,13980099,Lecce,Nikola Štulić,F,Panchina,0,0,
33,13980099,Lecce,Corrie Ndaba,D,Panchina,0,0,
33,13980099,Lecce,Christian Früchtl,G,Panchina,0,0,
33,13980099,Lecce,Jasper Samooja,G,Panchina,0,0,
33,13980099,Lecce,Matías Pérez,D,Panchina,0,0,
33,13980099,Lecce,Gaby Jean,D,Panchina,0,0,
33,13980099,Lecce,Þórir Jóhann Helgason,M,Panchina,0,0,
33,13980099,Lecce,Filip Marchwiński,M,Panchina,0,0,
33,13980099,Lecce,Olaf Gorter,M,Panchina,0,0,
33,13980099,Lecce,Alex Sala,M,Panchina,0,0,
33,13980099,Lecce,Niko Kovač,M,Panchina,0,0,
33,13980099,Fiorentina,David De Gea,G,Titolare,0,0,
33,13980099,Fiorentina,Dodô,M,Titolare,0,0,
33,13980099,Fiorentina,Marin Pongračić,D,Titolare,0,0,
33,13980099,Fiorentina,Luca Ranieri,D,Titolare,0,0,
33,13980099,Fiorentina,Robin Gosens,D,Titolare,0,0,
33,13980099,Fiorentina,Rolando Mandragora,M,Titolare,0,0,
33,13980099,Fiorentina,Nicolò Fagioli,M,Titolare,0,0,
33,13980099,Fiorentina,Cher Ndour,M,Titolare,0,0,
33,13980099,Fiorentina,Jack Harrison,F,Titolare,0,0,
33,13980099,Fiorentina,Roberto Piccoli,F,Titolare,0,0,
33,13980099,Fiorentina,Albert Guðmundsson,F,Titolare,0,0,
33,13980099,Fiorentina,Luís Balbo,D,Panchina,0,0,
33,13980099,Fiorentina,Manor Solomon,F,Panchina,0,0,
33,13980099,Fiorentina,Marco Brescianini,M,Panchina,0,0,
33,13980099,Fiorentina,Giovanni Fabbian,M,Panchina,0,0,
33,13980099,Fiorentina,Jacopo Fazzini,F,Panchina,0,0,
33,13980099,Fiorentina,Luca Lezzerini,G,Panchina,0,0,
33,13980099,Fiorentina,Oliver Christensen,G,Panchina,0,0,
33,13980099,Fiorentina,Daniele Rugani,D,Panchina,0,0,
33,13980099,Fiorentina,Eddy Kouadio,D,Panchina,0,0,
33,13980099,Fiorentina,Pietro Comuzzo,D,Panchina,0,0,
33,13980099,Fiorentina,Eman Košpo,D,Panchina,0,0,
33,13980099,Fiorentina,Giorgio Puzzoli,M,Panchina,0,0,
33,13980099,Fiorentina,Riccardo Braschi,F,Panchina,0,0,
33,13980100,Pisa,Adrian Šemper,G,Titolare,0,0,
33,13980100,Pisa,Arturo Calabresi,D,Titolare,0,0,
33,13980100,Pisa,Antonio Caracciolo,D,Titolare,0,0,
33,13980100,Pisa,Simone Canestrelli,D,Titolare,0,0,
33,13980100,Pisa,Idrissa Touré,M,Titolare,0,0,
33,13980100,Pisa,Michel Aebischer,M,Titolare,0,0,
33,13980100,Pisa,Ebenezer Akinsanmiro,M,Titolare,0,0,
33,13980100,Pisa,Samuele Angori,M,Titolare,0,0,
33,13980100,Pisa,Felipe Loyola,M,Titolare,0,0,
33,13980100,Pisa,Matteo Tramoni,F,Titolare,0,0,
33,13980100,Pisa,Stefano Moreo,F,Titolare,0,0,
33,13980100,Pisa,Henrik Wendel Meister,F,Panchina,0,0,
33,13980100,Pisa,Isak Vural,M,Panchina,0,0,
33,13980100,Pisa,Juan Cuadrado,M,Panchina,0,0,
33,13980100,Pisa,Gabriele Piccinini,M,Panchina,0,0,
33,13980100,Pisa,Rafiu Durosinmi,F,Panchina,0,0,
33,13980100,Pisa,Simone Scuffet,G,Panchina,0,0,
33,13980100,Pisa,Nícolas,G,Panchina,0,0,
33,13980100,Pisa,Rosen Bozhinov,D,Panchina,0,0,
33,13980100,Pisa,Francesco Coppola,D,Panchina,0,0,
33,13980100,Pisa,Raúl Albiol,D,Panchina,0,0,
33,13980100,Pisa,Malthe Højholt,M,Panchina,0,0,
33,13980100,Pisa,Calvin Stengs,M,Panchina,0,0,
33,13980100,Pisa,Filip Stojilković,F,Panchina,0,0,
33,13980100,Genoa,Justin Bijlow,G,Titolare,0,0,
33,13980100,Genoa,Alessandro Marcandalli,D,Titolare,0,0,
33,13980100,Genoa,Leo Østigård,D,Titolare,0,0,
33,13980100,Genoa,Johan Vásquez,D,Titolare,0,0,
33,13980100,Genoa,Aarón Martín,M,Titolare,0,0,
33,13980100,Genoa,Alexsandro Amorim,M,Titolare,0,0,
33,13980100,Genoa,Patrizio Masini,M,Titolare,0,0,
33,13980100,Genoa,Stefano Sabelli,M,Titolare,0,0,
33,13980100,Genoa,Tommaso Baldanzi,M,Titolare,0,0,
33,13980100,Genoa,Lorenzo Colombo,F,Titolare,0,0,
33,13980100,Genoa,Jeff Ekhator,F,Titolare,0,0,
33,13980100,Genoa,Jean Onana,M,Panchina,0,0,
33,13980100,Genoa,Junior Messias,F,Panchina,0,0,
33,13980100,Genoa,Vitinha,F,Panchina,0,0,
33,13980100,Genoa,Caleb Ekuban,F,Panchina,0,0,
33,13980100,Genoa,Sebastian Otoa,D,Panchina,0,0,
33,13980100,Genoa,Nicola Leali,G,Panchina,0,0,
33,13980100,Genoa,Daniele Sommariva,G,Panchina,0,0,
33,13980100,Genoa,Wedtoin Latif Ouedraogo,D,Panchina,0,0,
33,13980100,Genoa,Nils Zätterström,D,Panchina,0,0,
33,13980100,Genoa,Jacopo Grossi,M,Panchina,0,0,
33,13980100,Genoa,Gael Lafont,M,Panchina,0,0,
33,13980101,SSC Napoli,Vanja Milinković-Savić,G,Titolare,0,0,
33,13980101,SSC Napoli,Sam Beukema,D,Titolare,0,0,
33,13980101,SSC Napoli,Alessandro Buongiorno,D,Titolare,0,0,
33,13980101,SSC Napoli,Mathías Olivera,D,Titolare,0,0,
33,13980101,SSC Napoli,Matteo Politano,M,Titolare,0,0,
33,13980101,SSC Napoli,Frank Anguissa,M,Titolare,0,0,
33,13980101,SSC Napoli,Stanislav Lobotka,M,Titolare,0,0,
33,13980101,SSC Napoli,Leonardo Spinazzola,D,Titolare,0,0,
33,13980101,SSC Napoli,Kevin De Bruyne,M,Titolare,0,0,
33,13980101,SSC Napoli,Scott McTominay,M,Titolare,0,0,
33,13980101,SSC Napoli,Rasmus Højlund,F,Titolare,0,0,
33,13980101,SSC Napoli,Eljif Elmas,M,Panchina,0,0,
33,13980101,SSC Napoli,Alisson Santos,F,Panchina,0,0,
33,13980101,SSC Napoli,Miguel Gutiérrez,D,Panchina,0,0,
33,13980101,SSC Napoli,Giovane,F,Panchina,0,0,
33,13980101,SSC Napoli,Pasquale Mazzocchi,M,Panchina,0,0,
33,13980101,SSC Napoli,Nikita Contini,G,Panchina,0,0,
33,13980101,SSC Napoli,Alex Meret,G,Panchina,0,0,
33,13980101,SSC Napoli,Amir Rrahmani,D,Panchina,0,0,
33,13980101,SSC Napoli,Juan Jesus,D,Panchina,0,0,
33,13980101,SSC Napoli,Billy Gilmour,M,Panchina,0,0,
33,13980101,Lazio,Edoardo Motta,G,Titolare,0,0,
33,13980101,Lazio,Manuel Lazzari,D,Titolare,0,0,
33,13980101,Lazio,Mario Gila,D,Titolare,0,0,
33,13980101,Lazio,Alessio Romagnoli,D,Titolare,0,0,
33,13980101,Lazio,Nuno Tavares,D,Titolare,0,0,
33,13980101,Lazio,Toma Bašić,M,Titolare,0,0,
33,13980101,Lazio,Danilo Cataldi,M,Titolare,0,0,
33,13980101,Lazio,Kenneth Taylor,M,Titolare,0,0,
33,13980101,Lazio,Matteo Cancellieri,F,Titolare,0,0,
33,13980101,Lazio,Tijjani Noslin,F,Titolare,0,0,
33,13980101,Lazio,Mattia Zaccagni,F,Titolare,0,0,
33,13980101,Lazio,Patric,D,Panchina,0,0,
33,13980101,Lazio,Oliver Provstgaard,D,Panchina,0,0,
33,13980101,Lazio,Boulaye Dia,F,Panchina,0,0,
33,13980101,Lazio,Fisayo Dele-Bashiru,M,Panchina,0,0,
33,13980101,Lazio,Elseid Hysaj,D,Panchina,0,0,
33,13980101,Lazio,Nicolo Pannozzo,G,Panchina,0,0,
33,13980101,Lazio,Giacomo Giacomone,G,Panchina,0,0,
33,13980101,Lazio,Luca Pellegrini,D,Panchina,0,0,
33,13980101,Lazio,Adrian Przyborek,M,Panchina,0,0,
33,13980101,Lazio,Reda Belahyane,M,Panchina,0,0,
33,13980101,Lazio,Gustav Isaksen,F,Panchina,0,0,
33,13980101,Lazio,Petar Ratkov,F,Panchina,0,0,
33,13980101,Lazio,Pedro,F,Panchina,0,0,
33,13980101,Lazio,Daniel Maldini,F,Panchina,0,0,
33,13980102,AS Roma,Mile Svilar,G,Titolare,0,0,
33,13980102,AS Roma,Gianluca Mancini,D,Titolare,0,0,
33,13980102,AS Roma,Evan Ndicka,D,Titolare,0,0,
33,13980102,AS Roma,Mario Hermoso,D,Titolare,0,0,
33,13980102,AS Roma,Zeki Çelik,D,Titolare,0,0,
33,13980102,AS Roma,Neil El Aynaoui,M,Titolare,0,0,
33,13980102,AS Roma,Bryan Cristante,M,Titolare,0,0,
33,13980102,AS Roma,Devyne Rensch,M,Titolare,0,0,
33,13980102,AS Roma,Matías Soulé,F,Titolare,0,0,
33,13980102,AS Roma,Stephan El Shaarawy,F,Titolare,0,0,
33,13980102,AS Roma,Donyell Malen,F,Titolare,0,0,
33,13980102,AS Roma,Daniele Ghilardi,D,Panchina,0,0,
33,13980102,AS Roma,Niccolò Pisilli,M,Panchina,0,0,
33,13980102,AS Roma,Lorenzo Venturino,F,Panchina,0,0,
33,13980102,AS Roma,Robinio Vaz,F,Panchina,0,0,
33,13980102,AS Roma,Kostas Tsimikas,D,Panchina,0,0,
33,13980102,AS Roma,Pierluigi Gollini,G,Panchina,0,0,
33,13980102,AS Roma,Giorgio De Marzi,G,Panchina,0,0,
33,13980102,AS Roma,Jan Ziółkowski,D,Panchina,0,0,
33,13980102,AS Roma,Angeliño,M,Panchina,0,0,
33,13980102,AS Roma,Bryan Zaragoza,F,Panchina,0,0,
33,13980102,Atalanta,Marco Carnesecchi,G,Titolare,0,0,
33,13980102,Atalanta,Giorgio Scalvini,D,Titolare,0,0,
33,13980102,Atalanta,Berat Djimsiti,D,Titolare,0,0,
33,13980102,Atalanta,Sead Kolašinac,D,Titolare,0,0,
33,13980102,Atalanta,Raoul Bellanova,M,Titolare,0,0,
33,13980102,Atalanta,Marten de Roon,M,Titolare,0,0,
33,13980102,Atalanta,Éderson,M,Titolare,0,0,
33,13980102,Atalanta,Davide Zappacosta,M,Titolare,0,0,
33,13980102,Atalanta,Charles De Ketelaere,F,Titolare,0,0,
33,13980102,Atalanta,Giacomo Raspadori,F,Titolare,0,0,
33,13980102,Atalanta,Nikola Krstović,F,Titolare,0,0,
33,13980102,Atalanta,Odilon Kossounou,D,Panchina,0,0,
33,13980102,Atalanta,Honest Ahanor,D,Panchina,0,0,
33,13980102,Atalanta,Nicola Zalewski,M,Panchina,0,0,
33,13980102,Atalanta,Lorenzo Bernasconi,M,Panchina,0,0,
33,13980102,Atalanta,Mario Pašalić,M,Panchina,0,0,
33,13980102,Atalanta,Marco Sportiello,G,Panchina,0,0,
33,13980102,Atalanta,Piotr Pardel,G,Panchina,0,0,
33,13980102,Atalanta,Mitchel Bakker,D,Panchina,0,0,
33,13980102,Atalanta,Relja Obrić,D,Panchina,0,0,
33,13980102,Atalanta,Yunus Musah,M,Panchina,0,0,
33,13980102,Atalanta,Lazar Samardžić,M,Panchina,0,0,
33,13980102,Atalanta,Gianluca Scamacca,F,Panchina,0,0,
33,13980103,Sassuolo,Stefano Turati,G,Titolare,0,0,
33,13980103,Sassuolo,Sebastian Walukiewicz,D,Titolare,0,0,
33,13980103,Sassuolo,Jay Idzes,D,Titolare,0,0,
33,13980103,Sassuolo,Tarik Muharemović,D,Titolare,0,0,
33,13980103,Sassuolo,Woyo Coulibaly,D,Titolare,0,0,
33,13980103,Sassuolo,Ismael Koné,M,Titolare,0,0,
33,13980103,Sassuolo,Nemanja Matić,M,Titolare,0,0,
33,13980103,Sassuolo,Kristian Thorstvedt,M,Titolare,0,0,
33,13980103,Sassuolo,Cristian Volpato,M,Titolare,0,0,
33,13980103,Sassuolo,M'bala Nzola,F,Titolare,0,0,
33,13980103,Sassuolo,Armand Laurienté,F,Titolare,0,0,
33,13980103,Sassuolo,Alieu Fadera,F,Panchina,0,0,
33,13980103,Sassuolo,Luca Lipani,M,Panchina,0,0,
33,13980103,Sassuolo,Andrea Pinamonti,F,Panchina,0,0,
33,13980103,Sassuolo,Arijanet Murić,G,Panchina,0,0,
33,13980103,Sassuolo,Giacomo Satalino,G,Panchina,0,0,
33,13980103,Sassuolo,Gioele Zacchi,G,Panchina,0,0,
33,13980103,Sassuolo,Ulisses Garcia,D,Panchina,0,0,
33,13980103,Sassuolo,Pedro Felipe,D,Panchina,0,0,
33,13980103,Sassuolo,Christian Frangella,M,Panchina,0,0,
33,13980103,Sassuolo,Edoardo Iannoni,M,Panchina,0,0,
33,13980103,Sassuolo,Aster Vranckx,M,Panchina,0,0,
33,13980103,Sassuolo,Luca Moro,F,Panchina,0,0,
33,13980103,Como,Jean Butez,G,Titolare,0,0,
33,13980103,Como,Ivan Smolčić,D,Titolare,0,0,
33,13980103,Como,Jacobo Ramón,D,Titolare,0,0,
33,13980103,Como,Marc Kempf,D,Titolare,0,0,
33,13980103,Como,Alberto Moreno,D,Titolare,0,0,
33,13980103,Como,Lucas Da Cunha,M,Titolare,0,0,
33,13980103,Como,Maxence Caqueret,M,Titolare,0,0,
33,13980103,Como,Assane Diao,M,Titolare,0,0,
33,13980103,Como,Nico Paz,M,Titolare,0,0,
33,13980103,Como,Martin Baturina,M,Titolare,0,0,
33,13980103,Como,Álvaro Morata,F,Titolare,0,0,
33,13980103,Como,Mërgim Vojvoda,D,Panchina,0,0,
33,13980103,Como,Máximo Perrone,M,Panchina,0,0,
33,13980103,Como,Anastasios Douvikas,F,Panchina,0,0,
33,13980103,Como,Jesús Rodriguez,M,Panchina,0,0,
33,13980103,Como,Nicolas-Gerrit Kühn,F,Panchina,0,0,
33,13980103,Como,Mauro Vigorito,G,Panchina,0,0,
33,13980103,Como,Nikola Čavlina,G,Panchina,0,0,
33,13980103,Como,Noel Törnqvist,G,Panchina,0,0,
33,13980103,Como,Álex Valle,D,Panchina,0,0,
33,13980103,Como,Edoardo Goldaniga,D,Panchina,0,0,
33,13980103,Como,Ignace Van der Brempt,D,Panchina,0,0,
33,13980103,Como,Diego Carlos,D,Panchina,0,0,
33,13980108,Udinese,Maduka Okoye,G,Titolare,0,0,
33,13980108,Udinese,Thomas Kristensen,D,Titolare,0,0,
33,13980108,Udinese,Christian Kabasele,D,Titolare,0,0,
33,13980108,Udinese,Oumar Solet,D,Titolare,0,0,
33,13980108,Udinese,Kingsley Ehizibue,M,Titolare,0,0,
33,13980108,Udinese,Jesper Karlström,M,Titolare,0,0,
33,13980108,Udinese,Jakub Piotrowski,M,Titolare,0,0,
33,13980108,Udinese,Hassane Kamara,M,Titolare,0,0,
33,13980108,Udinese,Nicolò Zaniolo,F,Titolare,0,0,
33,13980108,Udinese,Jürgen Ekkelenkamp,M,Titolare,0,0,
33,13980108,Udinese,Arthur Atta,M,Titolare,0,0,
33,13980108,Udinese,Juan Arizala,M,Panchina,0,0,
33,13980108,Udinese,Idrissa Gueye,F,Panchina,0,0,
33,13980108,Udinese,Oier Zarraga,M,Panchina,0,0,
33,13980108,Udinese,Adam Buksa,F,Panchina,0,0,
33,13980108,Udinese,Branimir Mlačić,D,Panchina,0,0,
33,13980108,Udinese,Răzvan Sava,G,Panchina,0,0,
33,13980108,Udinese,Daniele Padelli,G,Panchina,0,0,
33,13980108,Udinese,Lennon Miller,M,Panchina,0,0,
33,13980108,Udinese,Abdoulaye Camara,M,Panchina,0,0,
33,13980108,Udinese,Vakoun Issouf Bayo,F,Panchina,0,0,
33,13980108,Parma,Zion Suzuki,G,Titolare,0,0,
33,13980108,Parma,Alessandro Circati,D,Titolare,0,0,
33,13980108,Parma,Mariano Troilo,D,Titolare,0,0,
33,13980108,Parma,Abdoulaye Ndiaye,D,Titolare,0,0,
33,13980108,Parma,Enrico Delprato,D,Titolare,0,0,
33,13980108,Parma,Hans Nicolussi Caviglia,M,Titolare,0,0,
33,13980108,Parma,Mandela Keita,M,Titolare,0,0,
33,13980108,Parma,Emanuele Valeri,M,Titolare,0,0,
33,13980108,Parma,Adrián Bernabé,M,Titolare,0,0,
33,13980108,Parma,Gabriel Strefezza,F,Titolare,0,0,
33,13980108,Parma,Mateo Pellegrino,F,Titolare,0,0,
33,13980108,Parma,Nesta Elphege,F,Panchina,0,0,
33,13980108,Parma,Christian Ordoñez,M,Panchina,0,0,
33,13980108,Parma,Jacob Ondrejka,F,Panchina,0,0,
33,13980108,Parma,Nahuel Estévez,M,Panchina,0,0,
33,13980108,Parma,Sascha Britschgi,D,Panchina,0,0,
33,13980108,Parma,Edoardo Corvi,G,Panchina,0,0,
33,13980108,Parma,Filippo Rinaldi,G,Panchina,0,0,
33,13980108,Parma,Lautaro Valenti,D,Panchina,0,0,
33,13980108,Parma,Gaetano Oristanio,M,Panchina,0,0,
33,13980108,Parma,Oliver Sørensen,M,Panchina,0,0,
33,13980108,Parma,Franco Carboni,M,Panchina,0,0,
33,13980108,Parma,Pontus Almqvist,F,Panchina,0,0,
33,13980115,Hellas Verona,Lorenzo Montipò,G,Titolare,0,0,
33,13980115,Hellas Verona,Victor Nelsson,D,Titolare,0,0,
33,13980115,Hellas Verona,Andrias Edmundsson,D,Titolare,0,0,
33,13980115,Hellas Verona,Nicolás Valentini,D,Titolare,0,0,
33,13980115,Hellas Verona,Daniel Oyegoke,M,Titolare,0,0,
33,13980115,Hellas Verona,Jean Daniel Akpa-Akpro,M,Titolare,0,0,
33,13980115,Hellas Verona,Roberto Gagliardini,M,Titolare,0,0,
33,13980115,Hellas Verona,Domagoj Bradarić,M,Titolare,0,0,
33,13980115,Hellas Verona,Rafik Belghali,M,Titolare,0,0,
33,13980115,Hellas Verona,Antoine Bernede,M,Titolare,0,0,
33,13980115,Hellas Verona,Gift Orban,F,Titolare,0,0,
33,13980115,Hellas Verona,Pol Lirola,D,Panchina,0,0,
33,13980115,Hellas Verona,Ioan Vermesan,F,Panchina,0,0,
33,13980115,Hellas Verona,Moatasem Al-Musrati,M,Panchina,0,0,
33,13980115,Hellas Verona,Isaac,F,Panchina,0,0,
33,13980115,Hellas Verona,Sandi Lovrić,M,Panchina,0,0,
33,13980115,Hellas Verona,Giacomo Toniolo,G,Panchina,0,0,
33,13980115,Hellas Verona,Simone Perilli,G,Panchina,0,0,
33,13980115,Hellas Verona,Fallou Cham,D,Panchina,0,0,
33,13980115,Hellas Verona,Armel Bella-Kotchap,D,Panchina,0,0,
33,13980115,Hellas Verona,Tobias Slotsager,D,Panchina,0,0,
33,13980115,Hellas Verona,Martin Frese,D,Panchina,0,0,
33,13980115,Hellas Verona,Abdou Harroui,M,Panchina,0,0,
33,13980115,Hellas Verona,Junior Ajayi,F,Panchina,0,0,
33,13980115,AC Milan,Mike Maignan,G,Titolare,0,0,
33,13980115,AC Milan,Fikayo Tomori,D,Titolare,0,0,
33,13980115,AC Milan,Matteo Gabbia,D,Titolare,0,0,
33,13980115,AC Milan,Strahinja Pavlović,D,Titolare,0,0,
33,13980115,AC Milan,Zachary Athekame,D,Titolare,0,0,
33,13980115,AC Milan,Youssouf Fofana,M,Titolare,0,0,
33,13980115,AC Milan,Luka Modrić,M,Titolare,0,0,
33,13980115,AC Milan,Adrien Rabiot,M,Titolare,0,0,
33,13980115,AC Milan,Davide Bartesaghi,M,Titolare,0,0,
33,13980115,AC Milan,Rafael Leão,F,Titolare,0,0,
33,13980115,AC Milan,Christian Pulišić,F,Titolare,0,0,
33,13980115,AC Milan,Alexis Saelemaekers,M,Panchina,0,0,
33,13980115,AC Milan,Santiago Giménez,F,Panchina,0,0,
33,13980115,AC Milan,Samuele Ricci,M,Panchina,0,0,
33,13980115,AC Milan,Christopher Nkunku,F,Panchina,0,0,
33,13980115,AC Milan,Pietro Terracciano,G,Panchina,0,0,
33,13980115,AC Milan,Matteo Pittarella,G,Panchina,0,0,
33,13980115,AC Milan,David Odogu,D,Panchina,0,0,
33,13980115,AC Milan,Koni De Winter,D,Panchina,0,0,
33,13980115,AC Milan,Ruben Loftus-Cheek,M,Panchina,0,0,
33,13980115,AC Milan,Ardon Jashari,M,Panchina,0,0,
33,13980115,AC Milan,Pervis Estupiñán,M,Panchina,0,0,
33,13980115,AC Milan,Niclas Füllkrug,F,Panchina,0,0,
33,13981743,Cremonese,Emil Audero,G,Titolare,0,0,
33,13981743,Cremonese,Filippo Terracciano,D,Titolare,0,0,
33,13981743,Cremonese,Federico Baschirotto,D,Titolare,0,0,
33,13981743,Cremonese,Sebastiano Luperto,D,Titolare,0,0,
33,13981743,Cremonese,Giuseppe Pezzella,M,Titolare,0,0,
33,13981743,Cremonese,Romano Floriani Mussolini,M,Titolare,0,0,
33,13981743,Cremonese,Warren Bondo,M,Titolare,0,0,
33,13981743,Cremonese,Alberto Grassi,M,Titolare,0,0,
33,13981743,Cremonese,Jari Vandeputte,M,Titolare,0,0,
33,13981743,Cremonese,Federico Bonazzoli,F,Titolare,0,0,
33,13981743,Cremonese,Antonio Sanabria,F,Titolare,0,0,
33,13981743,Cremonese,Alessio Zerbin,M,Panchina,0,0,
33,13981743,Cremonese,David Okereke,F,Panchina,0,0,
33,13981743,Cremonese,Martín Payero,M,Panchina,0,0,
33,13981743,Cremonese,Tommaso Barbieri,M,Panchina,0,0,
33,13981743,Cremonese,Milan Đurić,F,Panchina,0,0,
33,13981743,Cremonese,Marco Silvestri,G,Panchina,0,0,
33,13981743,Cremonese,Lapo Nava,G,Panchina,0,0,
33,13981743,Cremonese,Matteo Bianchetti,D,Panchina,0,0,
33,13981743,Cremonese,Federico Ceccherini,D,Panchina,0,0,
33,13981743,Cremonese,Francesco Folino,D,Panchina,0,0,
33,13981743,Cremonese,Mikayil Faye,D,Panchina,0,0,
33,13981743,Cremonese,Simone Lottici Tessadri,M,Panchina,0,0,
33,13981743,Torino,Alberto Paleari,G,Titolare,0,0,
33,13981743,Torino,Saúl Coco,D,Titolare,0,0,
33,13981743,Torino,Guillermo Maripán,D,Titolare,0,0,
33,13981743,Torino,Enzo Ebosse,D,Titolare,0,0,
33,13981743,Torino,Marcus Pedersen,M,Titolare,0,0,
33,13981743,Torino,Cesare Casadei,M,Titolare,0,0,
33,13981743,Torino,Gvidas Gineitis,M,Titolare,0,0,
33,13981743,Torino,Rafael Obrador,M,Titolare,0,0,
33,13981743,Torino,Nikola Vlašić,M,Titolare,0,0,
33,13981743,Torino,Giovanni Simeone,F,Titolare,0,0,
33,13981743,Torino,Che Adams,F,Titolare,0,0,
33,13981743,Torino,Luca Marianucci,D,Panchina,0,0,
33,13981743,Torino,Alieu Njie,F,Panchina,0,0,
33,13981743,Torino,Cristiano Biraghi,D,Panchina,0,0,
33,13981743,Torino,Tino Anjorin,M,Panchina,0,0,
33,13981743,Torino,Sandro Kulenović,F,Panchina,0,0,
33,13981743,Torino,Franco Israel,G,Panchina,0,0,
33,13981743,Torino,Lapo Siviero,G,Panchina,0,0,
33,13981743,Torino,Adrien Tameze,D,Panchina,0,0,
33,13981743,Torino,Matteo Prati,M,Panchina,0,0,
33,13981743,Torino,Emirhan İlkhan,M,Panchina,0,0,
33,13981743,Torino,Valentino Lazaro,M,Panchina,0,0,
33,13981743,Torino,Ivan Ilić,M,Panchina,0,0,
33,13981744,Inter,Josep Martínez,G,Titolare,0,0,
33,13981744,Inter,Manuel Akanji,D,Titolare,0,0,
33,13981744,Inter,Stefan de Vrij,D,Titolare,0,0,
33,13981744,Inter,Carlos Augusto,D,Titolare,0,0,
33,13981744,Inter,Denzel Dumfries,M,Titolare,0,0,
33,13981744,Inter,Nicolò Barella,M,Titolare,0,0,
33,13981744,Inter,Hakan Çalhanoğlu,M,Titolare,0,0,
33,13981744,Inter,Henrikh Mkhitaryan,M,Titolare,0,0,
33,13981744,Inter,Federico Dimarco,M,Titolare,0,0,
33,13981744,Inter,Francesco Pio Esposito,F,Titolare,0,0,
33,13981744,Inter,Marcus Thuram,F,Titolare,0,0,
33,13981744,Inter,Piotr Zieliński,M,Panchina,0,0,
33,13981744,Inter,Luís Henrique,M,Panchina,0,0,
33,13981744,Inter,Ange-Yoan Bonny,F,Panchina,0,0,
33,13981744,Inter,Davide Frattesi,M,Panchina,0,0,
33,13981744,Inter,Andy Diouf,M,Panchina,0,0,
33,13981744,Inter,Yann Sommer,G,Panchina,0,0,
33,13981744,Inter,Raffaele Di Gennaro,G,Panchina,0,0,
33,13981744,Inter,Francesco Acerbi,D,Panchina,0,0,
33,13981744,Inter,Matteo Darmian,D,Panchina,0,0,
33,13981744,Inter,Christos Alexiou,D,Panchina,0,0,
33,13981744,Inter,Mattia Mosconi,F,Panchina,0,0,
33,13981744,Cagliari,Elia Caprile,G,Titolare,0,0,
33,13981744,Cagliari,Zé Pedro,D,Titolare,0,0,
33,13981744,Cagliari,Yerry Mina,D,Titolare,0,0,
33,13981744,Cagliari,Juan Rodríguez,D,Titolare,0,0,
33,13981744,Cagliari,Marco Palestra,M,Titolare,0,0,
33,13981744,Cagliari,Michel Adopo,M,Titolare,0,0,
33,13981744,Cagliari,Gianluca Gaetano,M,Titolare,0,0,
33,13981744,Cagliari,Sulemana,M,Titolare,0,0,
33,13981744,Cagliari,Adam Obert,D,Titolare,0,0,
33,13981744,Cagliari,Sebastiano Esposito,F,Titolare,0,0,
33,13981744,Cagliari,Gennaro Borrelli,F,Titolare,0,0,
33,13981744,Cagliari,Alessandro Deiola,M,Panchina,0,0,
33,13981744,Cagliari,Paul Mendy,F,Panchina,0,0,
33,13981744,Cagliari,Gabriele Zappa,D,Panchina,0,0,
33,13981744,Cagliari,Michael Folorunsho,M,Panchina,0,0,
33,13981744,Cagliari,Andrea Belotti,F,Panchina,0,0,
33,13981744,Cagliari,Giuseppe Ciocci,G,Panchina,0,0,
33,13981744,Cagliari,Alen Sherri,G,Panchina,0,0,
33,13981744,Cagliari,Alberto Dossena,D,Panchina,0,0,
33,13981744,Cagliari,Othniël Raterink,D,Panchina,0,0,
33,13981744,Cagliari,Agustín Albarracín,M,Panchina,0,0,
33,13981744,Cagliari,Joseph Liteta,M,Panchina,0,0,
33,13981744,Cagliari,Semih Kılıçsoy,F,Panchina,0,0,
33,13981744,Cagliari,Yael Trepy,F,Panchina,0,0,
34,13980104,Torino,Alberto Paleari,G,Titolare,0,0,
34,13980104,Torino,Saúl Coco,D,Titolare,0,0,
34,13980104,Torino,Ardian Ismajli,D,Titolare,0,0,
34,13980104,Torino,Enzo Ebosse,D,Titolare,0,0,
34,13980104,Torino,Valentino Lazaro,M,Titolare,0,0,
34,13980104,Torino,Emirhan İlkhan,M,Titolare,0,0,
34,13980104,Torino,Gvidas Gineitis,M,Titolare,0,0,
34,13980104,Torino,Rafael Obrador,M,Titolare,0,0,
34,13980104,Torino,Nikola Vlašić,M,Titolare,0,0,
34,13980104,Torino,Che Adams,F,Titolare,0,0,
34,13980104,Torino,Giovanni Simeone,F,Titolare,0,0,
34,13980104,Torino,Luca Marianucci,D,Panchina,0,0,
34,13980104,Torino,Alieu Njie,F,Panchina,0,0,
34,13980104,Torino,Cesare Casadei,M,Panchina,0,0,
34,13980104,Torino,Duván Zapata,F,Panchina,0,0,
34,13980104,Torino,Adrien Tameze,D,Panchina,0,0,
34,13980104,Torino,Lapo Siviero,G,Panchina,0,0,
34,13980104,Torino,Franco Israel,G,Panchina,0,0,
34,13980104,Torino,Cristiano Biraghi,D,Panchina,0,0,
34,13980104,Torino,Guillermo Maripán,D,Panchina,0,0,
34,13980104,Torino,Ivan Ilić,M,Panchina,0,0,
34,13980104,Torino,Matteo Prati,M,Panchina,0,0,
34,13980104,Torino,Sandro Kulenović,F,Panchina,0,0,
34,13980104,Inter,Yann Sommer,G,Titolare,0,0,
34,13980104,Inter,Yann Bisseck,D,Titolare,0,0,
34,13980104,Inter,Manuel Akanji,D,Titolare,0,0,
34,13980104,Inter,Carlos Augusto,D,Titolare,0,0,
34,13980104,Inter,Matteo Darmian,D,Titolare,0,0,
34,13980104,Inter,Nicolò Barella,M,Titolare,0,0,
34,13980104,Inter,Piotr Zieliński,M,Titolare,0,0,
34,13980104,Inter,Petar Sučić,M,Titolare,0,0,
34,13980104,Inter,Federico Dimarco,M,Titolare,0,0,
34,13980104,Inter,Marcus Thuram,F,Titolare,0,0,
34,13980104,Inter,Ange-Yoan Bonny,F,Titolare,0,0,
34,13980104,Inter,Francesco Pio Esposito,F,Panchina,0,0,
34,13980104,Inter,Denzel Dumfries,M,Panchina,0,0,
34,13980104,Inter,Andy Diouf,M,Panchina,0,0,
34,13980104,Inter,Henrikh Mkhitaryan,M,Panchina,0,0,
34,13980104,Inter,Davide Frattesi,M,Panchina,0,0,
34,13980104,Inter,Josep Martínez,G,Panchina,0,0,
34,13980104,Inter,Raffaele Di Gennaro,G,Panchina,0,0,
34,13980104,Inter,Alessandro Bastoni,D,Panchina,0,0,
34,13980104,Inter,Stefan de Vrij,D,Panchina,0,0,
34,13980104,Inter,Francesco Acerbi,D,Panchina,0,0,
34,13980104,Inter,Matteo Cocchi,M,Panchina,0,0,
34,13980104,Inter,Hakan Çalhanoğlu,M,Panchina,0,0,
34,13980104,Inter,Lautaro Martínez,F,Panchina,0,0,
34,13980104,Inter,Mattia Mosconi,F,Panchina,0,0,
34,13980105,SSC Napoli,Vanja Milinković-Savić,G,Titolare,0,0,
34,13980105,SSC Napoli,Mathías Olivera,D,Titolare,0,0,
34,13980105,SSC Napoli,Amir Rrahmani,D,Titolare,0,0,
34,13980105,SSC Napoli,Alessandro Buongiorno,D,Titolare,0,0,
34,13980105,SSC Napoli,Matteo Politano,M,Titolare,0,0,
34,13980105,SSC Napoli,Stanislav Lobotka,M,Titolare,0,0,
34,13980105,SSC Napoli,Scott McTominay,M,Titolare,0,0,
34,13980105,SSC Napoli,Miguel Gutiérrez,D,Titolare,0,0,
34,13980105,SSC Napoli,Kevin De Bruyne,M,Titolare,0,0,
34,13980105,SSC Napoli,Alisson Santos,F,Titolare,0,0,
34,13980105,SSC Napoli,Rasmus Højlund,F,Titolare,0,0,
34,13980105,SSC Napoli,Sam Beukema,D,Panchina,0,0,
34,13980105,SSC Napoli,Pasquale Mazzocchi,M,Panchina,0,0,
34,13980105,SSC Napoli,Billy Gilmour,M,Panchina,0,0,
34,13980105,SSC Napoli,Giovane,F,Panchina,0,0,
34,13980105,SSC Napoli,Eljif Elmas,M,Panchina,0,0,
34,13980105,SSC Napoli,Alex Meret,G,Panchina,0,0,
34,13980105,SSC Napoli,Nikita Contini,G,Panchina,0,0,
34,13980105,SSC Napoli,Juan Jesus,D,Panchina,0,0,
34,13980105,SSC Napoli,Leonardo Spinazzola,D,Panchina,0,0,
34,13980105,SSC Napoli,Frank Anguissa,M,Panchina,0,0,
34,13980105,Cremonese,Emil Audero,G,Titolare,0,0,
34,13980105,Cremonese,Filippo Terracciano,D,Titolare,0,0,
34,13980105,Cremonese,Federico Baschirotto,D,Titolare,0,0,
34,13980105,Cremonese,Sebastiano Luperto,D,Titolare,0,0,
34,13980105,Cremonese,Giuseppe Pezzella,M,Titolare,0,0,
34,13980105,Cremonese,Romano Floriani Mussolini,M,Titolare,0,0,
34,13980105,Cremonese,Warren Bondo,M,Titolare,0,0,
34,13980105,Cremonese,Youssef Maleh,M,Titolare,0,0,
34,13980105,Cremonese,David Okereke,F,Titolare,0,0,
34,13980105,Cremonese,Martín Payero,M,Titolare,0,0,
34,13980105,Cremonese,Federico Bonazzoli,F,Titolare,0,0,
34,13980105,Cremonese,Alessio Zerbin,M,Panchina,0,0,
34,13980105,Cremonese,Alberto Grassi,M,Panchina,0,0,
34,13980105,Cremonese,Jari Vandeputte,M,Panchina,0,0,
34,13980105,Cremonese,Francesco Folino,D,Panchina,0,0,
34,13980105,Cremonese,Tommaso Barbieri,M,Panchina,0,0,
34,13980105,Cremonese,Marco Silvestri,G,Panchina,0,0,
34,13980105,Cremonese,Lapo Nava,G,Panchina,0,0,
34,13980105,Cremonese,Matteo Bianchetti,D,Panchina,0,0,
34,13980105,Cremonese,Federico Ceccherini,D,Panchina,0,0,
34,13980105,Cremonese,Mikayil Faye,D,Panchina,0,0,
34,13980105,Cremonese,Michele Collocolo,M,Panchina,0,0,
34,13980105,Cremonese,Morten Thorsby,M,Panchina,0,0,
34,13980105,Cremonese,Milan Đurić,F,Panchina,0,0,
34,13980105,Cremonese,Antonio Sanabria,F,Panchina,0,0,
34,13980106,AC Milan,Mike Maignan,G,Titolare,0,0,
34,13980106,AC Milan,Fikayo Tomori,D,Titolare,0,0,
34,13980106,AC Milan,Matteo Gabbia,D,Titolare,0,0,
34,13980106,AC Milan,Strahinja Pavlović,D,Titolare,0,0,
34,13980106,AC Milan,Alexis Saelemaekers,M,Titolare,0,0,
34,13980106,AC Milan,Youssouf Fofana,M,Titolare,0,0,
34,13980106,AC Milan,Luka Modrić,M,Titolare,0,0,
34,13980106,AC Milan,Adrien Rabiot,M,Titolare,0,0,
34,13980106,AC Milan,Davide Bartesaghi,M,Titolare,0,0,
34,13980106,AC Milan,Christian Pulišić,F,Titolare,0,0,
34,13980106,AC Milan,Rafael Leão,F,Titolare,0,0,
34,13980106,AC Milan,Pervis Estupiñán,M,Panchina,0,0,
34,13980106,AC Milan,Niclas Füllkrug,F,Panchina,0,0,
34,13980106,AC Milan,Samuele Ricci,M,Panchina,0,0,
34,13980106,AC Milan,Ardon Jashari,M,Panchina,0,0,
34,13980106,AC Milan,Christopher Nkunku,F,Panchina,0,0,
34,13980106,AC Milan,Pietro Terracciano,G,Panchina,0,0,
34,13980106,AC Milan,Matteo Pittarella,G,Panchina,0,0,
34,13980106,AC Milan,Zachary Athekame,D,Panchina,0,0,
34,13980106,AC Milan,Koni De Winter,D,Panchina,0,0,
34,13980106,AC Milan,David Odogu,D,Panchina,0,0,
34,13980106,AC Milan,Ruben Loftus-Cheek,M,Panchina,0,0,
34,13980106,AC Milan,Santiago Giménez,F,Panchina,0,0,
34,13980106,Juventus,Michele Di Gregorio,G,Titolare,0,0,
34,13980106,Juventus,Pierre Kalulu,D,Titolare,0,0,
34,13980106,Juventus,Bremer,D,Titolare,0,0,
34,13980106,Juventus,Lloyd Kelly,D,Titolare,0,0,
34,13980106,Juventus,Weston McKennie,M,Titolare,0,0,
34,13980106,Juventus,Manuel Locatelli,M,Titolare,0,0,
34,13980106,Juventus,Khéphren Thuram,M,Titolare,0,0,
34,13980106,Juventus,Andrea Cambiaso,M,Titolare,0,0,
34,13980106,Juventus,Francisco Conceição,F,Titolare,0,0,
34,13980106,Juventus,Jérémie Boga,F,Titolare,0,0,
34,13980106,Juventus,Jonathan David,F,Titolare,0,0,
34,13980106,Juventus,Emil Holm,D,Panchina,0,0,
34,13980106,Juventus,Teun Koopmeiners,M,Panchina,0,0,
34,13980106,Juventus,Kenan Yıldız,F,Panchina,0,0,
34,13980106,Juventus,Edon Zhegrova,F,Panchina,0,0,
34,13980106,Juventus,Dušan Vlahović,F,Panchina,0,0,
34,13980106,Juventus,Carlo Pinsoglio,G,Panchina,0,0,
34,13980106,Juventus,Mattia Perin,G,Panchina,0,0,
34,13980106,Juventus,Federico Gatti,D,Panchina,0,0,
34,13980106,Juventus,Filip Kostić,M,Panchina,0,0,
34,13980106,Juventus,Fabio Miretti,M,Panchina,0,0,
34,13980106,Juventus,Vasilije Adžić,M,Panchina,0,0,
34,13980106,Juventus,Loïs Openda,F,Panchina,0,0,
34,13980107,Parma,Zion Suzuki,G,Titolare,0,0,
34,13980107,Parma,Alessandro Circati,D,Titolare,0,0,
34,13980107,Parma,Mariano Troilo,D,Titolare,0,0,
34,13980107,Parma,Abdoulaye Ndiaye,D,Titolare,0,0,
34,13980107,Parma,Enrico Delprato,D,Titolare,0,0,
34,13980107,Parma,Adrián Bernabé,M,Titolare,0,0,
34,13980107,Parma,Hans Nicolussi Caviglia,M,Titolare,0,0,
34,13980107,Parma,Mandela Keita,M,Titolare,0,0,
34,13980107,Parma,Emanuele Valeri,M,Titolare,0,0,
34,13980107,Parma,Mateo Pellegrino,F,Titolare,0,0,
34,13980107,Parma,Gabriel Strefezza,F,Titolare,0,0,
34,13980107,Parma,Christian Ordoñez,M,Panchina,0,0,
34,13980107,Parma,Nesta Elphege,F,Panchina,0,0,
34,13980107,Parma,Oliver Sørensen,M,Panchina,0,0,
34,13980107,Parma,Nahuel Estévez,M,Panchina,0,0,
34,13980107,Parma,Pontus Almqvist,F,Panchina,0,0,
34,13980107,Parma,Edoardo Corvi,G,Panchina,0,0,
34,13980107,Parma,Filippo Rinaldi,G,Panchina,0,0,
34,13980107,Parma,Lautaro Valenti,D,Panchina,0,0,
34,13980107,Parma,Sascha Britschgi,D,Panchina,0,0,
34,13980107,Parma,Franco Carboni,M,Panchina,0,0,
34,13980107,Parma,Gaetano Oristanio,M,Panchina,0,0,
34,13980107,Parma,Jacob Ondrejka,F,Panchina,0,0,
34,13980107,Pisa,Adrian Šemper,G,Titolare,0,0,
34,13980107,Pisa,Simone Canestrelli,D,Titolare,0,0,
34,13980107,Pisa,Antonio Caracciolo,D,Titolare,0,0,
34,13980107,Pisa,Rosen Bozhinov,D,Titolare,0,0,
34,13980107,Pisa,Mehdi Léris,M,Titolare,0,0,
34,13980107,Pisa,Isak Vural,M,Titolare,0,0,
34,13980107,Pisa,Ebenezer Akinsanmiro,M,Titolare,0,0,
34,13980107,Pisa,Michel Aebischer,M,Titolare,0,0,
34,13980107,Pisa,Samuele Angori,M,Titolare,0,0,
34,13980107,Pisa,Filip Stojilković,F,Titolare,0,0,
34,13980107,Pisa,Stefano Moreo,F,Titolare,0,0,
34,13980107,Pisa,Gabriele Piccinini,M,Panchina,0,0,
34,13980107,Pisa,Idrissa Touré,M,Panchina,0,0,
34,13980107,Pisa,Henrik Wendel Meister,F,Panchina,0,0,
34,13980107,Pisa,Juan Cuadrado,M,Panchina,0,0,
34,13980107,Pisa,Lorran,M,Panchina,0,0,
34,13980107,Pisa,Nícolas,G,Panchina,0,0,
34,13980107,Pisa,Simone Scuffet,G,Panchina,0,0,
34,13980107,Pisa,Raúl Albiol,D,Panchina,0,0,
34,13980107,Pisa,Francesco Coppola,D,Panchina,0,0,
34,13980107,Pisa,Arturo Calabresi,D,Panchina,0,0,
34,13980107,Pisa,Samuel Iling Junior,M,Panchina,0,0,
34,13980107,Pisa,Malthe Højholt,M,Panchina,0,0,
34,13980107,Pisa,Calvin Stengs,M,Panchina,0,0,
34,13980107,Pisa,Felipe Loyola,M,Panchina,0,0,
34,13980109,Genoa,Justin Bijlow,G,Titolare,0,0,
34,13980109,Genoa,Alessandro Marcandalli,D,Titolare,0,0,
34,13980109,Genoa,Leo Østigård,D,Titolare,0,0,
34,13980109,Genoa,Sebastian Otoa,D,Titolare,0,0,
34,13980109,Genoa,Stefano Sabelli,M,Titolare,0,0,
34,13980109,Genoa,Morten Frendrup,M,Titolare,0,0,
34,13980109,Genoa,Alexsandro Amorim,M,Titolare,0,0,
34,13980109,Genoa,Mikael Ellertsson,M,Titolare,0,0,
34,13980109,Genoa,Johan Vásquez,D,Titolare,0,0,
34,13980109,Genoa,Jeff Ekhator,F,Titolare,0,0,
34,13980109,Genoa,Vitinha,F,Titolare,0,0,
34,13980109,Genoa,Nicola Leali,G,Panchina,0,0,
34,13980109,Genoa,Junior Messias,F,Panchina,0,0,
34,13980109,Genoa,Ruslan Malinovskyi,M,Panchina,0,0,
34,13980109,Genoa,Lorenzo Colombo,F,Panchina,0,0,
34,13980109,Genoa,Maxwel Cornet,F,Panchina,0,0,
34,13980109,Genoa,Daniele Sommariva,G,Panchina,0,0,
34,13980109,Genoa,Wedtoin Latif Ouedraogo,D,Panchina,0,0,
34,13980109,Genoa,Mamedi Doucoure,D,Panchina,0,0,
34,13980109,Genoa,Nils Zätterström,D,Panchina,0,0,
34,13980109,Genoa,Aarón Martín,M,Panchina,0,0,
34,13980109,Genoa,Patrizio Masini,M,Panchina,0,0,
34,13980109,Genoa,Jean Onana,M,Panchina,0,0,
34,13980109,Genoa,Jacopo Grossi,M,Panchina,0,0,
34,13980109,Genoa,Daniel Ndulue,F,Panchina,0,0,
34,13980109,Como,Jean Butez,G,Titolare,0,0,
34,13980109,Como,Ivan Smolčić,D,Titolare,0,0,
34,13980109,Como,Jacobo Ramón,D,Titolare,0,0,
34,13980109,Como,Diego Carlos,D,Titolare,0,0,
34,13980109,Como,Álex Valle,D,Titolare,0,0,
34,13980109,Como,Máximo Perrone,M,Titolare,0,0,
34,13980109,Como,Lucas Da Cunha,M,Titolare,0,0,
34,13980109,Como,Assane Diao,M,Titolare,0,0,
34,13980109,Como,Nico Paz,M,Titolare,0,0,
34,13980109,Como,Martin Baturina,M,Titolare,0,0,
34,13980109,Como,Anastasios Douvikas,F,Titolare,0,0,
34,13980109,Como,Maxence Caqueret,M,Panchina,0,0,
34,13980109,Como,Marc Kempf,D,Panchina,0,0,
34,13980109,Como,Ignace Van der Brempt,D,Panchina,0,0,
34,13980109,Como,Álvaro Morata,F,Panchina,0,0,
34,13980109,Como,Nicolas-Gerrit Kühn,F,Panchina,0,0,
34,13980109,Como,Mauro Vigorito,G,Panchina,0,0,
34,13980109,Como,Noel Törnqvist,G,Panchina,0,0,
34,13980109,Como,Nikola Čavlina,G,Panchina,0,0,
34,13980109,Como,Alberto Moreno,D,Panchina,0,0,
34,13980109,Como,Edoardo Goldaniga,D,Panchina,0,0,
34,13980109,Como,Jesús Rodriguez,M,Panchina,0,0,
34,13980109,Como,Adrian Lahdo,M,Panchina,0,0,
34,13980110,Fiorentina,David De Gea,G,Titolare,0,0,
34,13980110,Fiorentina,Dodô,M,Titolare,0,0,
34,13980110,Fiorentina,Daniele Rugani,D,Titolare,0,0,
34,13980110,Fiorentina,Luca Ranieri,D,Titolare,0,0,
34,13980110,Fiorentina,Luís Balbo,D,Titolare,0,0,
34,13980110,Fiorentina,Rolando Mandragora,M,Titolare,0,0,
34,13980110,Fiorentina,Nicolò Fagioli,M,Titolare,0,0,
34,13980110,Fiorentina,Cher Ndour,M,Titolare,0,0,
34,13980110,Fiorentina,Jack Harrison,F,Titolare,0,0,
34,13980110,Fiorentina,Albert Guðmundsson,F,Titolare,0,0,
34,13980110,Fiorentina,Manor Solomon,F,Titolare,0,0,
34,13980110,Fiorentina,Jacopo Fazzini,F,Panchina,0,0,
34,13980110,Fiorentina,Giovanni Fabbian,M,Panchina,0,0,
34,13980110,Fiorentina,Pietro Comuzzo,D,Panchina,0,0,
34,13980110,Fiorentina,Luca Lezzerini,G,Panchina,0,0,
34,13980110,Fiorentina,Oliver Christensen,G,Panchina,0,0,
34,13980110,Fiorentina,Eman Košpo,D,Panchina,0,0,
34,13980110,Fiorentina,Eddy Kouadio,D,Panchina,0,0,
34,13980110,Fiorentina,Marco Brescianini,M,Panchina,0,0,
34,13980110,Fiorentina,Giorgio Puzzoli,M,Panchina,0,0,
34,13980110,Fiorentina,Riccardo Braschi,F,Panchina,0,0,
34,13980110,Sassuolo,Stefano Turati,G,Titolare,0,0,
34,13980110,Sassuolo,Sebastian Walukiewicz,D,Titolare,0,0,
34,13980110,Sassuolo,Jay Idzes,D,Titolare,0,0,
34,13980110,Sassuolo,Tarik Muharemović,D,Titolare,0,0,
34,13980110,Sassuolo,Ulisses Garcia,D,Titolare,0,0,
34,13980110,Sassuolo,Ismael Koné,M,Titolare,0,0,
34,13980110,Sassuolo,Nemanja Matić,M,Titolare,0,0,
34,13980110,Sassuolo,Kristian Thorstvedt,M,Titolare,0,0,
34,13980110,Sassuolo,Cristian Volpato,M,Titolare,0,0,
34,13980110,Sassuolo,Andrea Pinamonti,F,Titolare,0,0,
34,13980110,Sassuolo,Armand Laurienté,F,Titolare,0,0,
34,13980110,Sassuolo,Luca Lipani,M,Panchina,0,0,
34,13980110,Sassuolo,M'bala Nzola,F,Panchina,0,0,
34,13980110,Sassuolo,Alieu Fadera,F,Panchina,0,0,
34,13980110,Sassuolo,Aster Vranckx,M,Panchina,0,0,
34,13980110,Sassuolo,Luca Moro,F,Panchina,0,0,
34,13980110,Sassuolo,Arijanet Murić,G,Panchina,0,0,
34,13980110,Sassuolo,Gioele Zacchi,G,Panchina,0,0,
34,13980110,Sassuolo,Giacomo Satalino,G,Panchina,0,0,
34,13980110,Sassuolo,Josh Doig,D,Panchina,0,0,
34,13980110,Sassuolo,Pedro Felipe,D,Panchina,0,0,
34,13980110,Sassuolo,Woyo Coulibaly,D,Panchina,0,0,
34,13980110,Sassuolo,Filippo Romagna,D,Panchina,0,0,
34,13980110,Sassuolo,Christian Frangella,M,Panchina,0,0,
34,13980110,Sassuolo,Edoardo Iannoni,M,Panchina,0,0,
34,13980111,Cagliari,Elia Caprile,G,Titolare,0,0,
34,13980111,Cagliari,Michel Adopo,M,Titolare,0,0,
34,13980111,Cagliari,Zé Pedro,D,Titolare,0,0,
34,13980111,Cagliari,Yerry Mina,D,Titolare,0,0,
34,13980111,Cagliari,Juan Rodríguez,D,Titolare,0,0,
34,13980111,Cagliari,Adam Obert,D,Titolare,0,0,
34,13980111,Cagliari,Gianluca Gaetano,M,Titolare,0,0,
34,13980111,Cagliari,Alessandro Deiola,M,Titolare,0,0,
34,13980111,Cagliari,Michael Folorunsho,M,Titolare,0,0,
34,13980111,Cagliari,Sebastiano Esposito,F,Titolare,0,0,
34,13980111,Cagliari,Paul Mendy,F,Titolare,0,0,
34,13980111,Cagliari,Gennaro Borrelli,F,Panchina,0,0,
34,13980111,Cagliari,Sulemana,M,Panchina,0,0,
34,13980111,Cagliari,Marco Palestra,M,Panchina,0,0,
34,13980111,Cagliari,Alberto Dossena,D,Panchina,0,0,
34,13980111,Cagliari,Andrea Belotti,F,Panchina,0,0,
34,13980111,Cagliari,Alen Sherri,G,Panchina,0,0,
34,13980111,Cagliari,Giuseppe Ciocci,G,Panchina,0,0,
34,13980111,Cagliari,Othniël Raterink,D,Panchina,0,0,
34,13980111,Cagliari,Gabriele Zappa,D,Panchina,0,0,
34,13980111,Cagliari,Joseph Liteta,M,Panchina,0,0,
34,13980111,Cagliari,Agustín Albarracín,M,Panchina,0,0,
34,13980111,Cagliari,Yael Trepy,F,Panchina,0,0,
34,13980111,Cagliari,Semih Kılıçsoy,F,Panchina,0,0,
34,13980111,Atalanta,Marco Carnesecchi,G,Titolare,0,0,
34,13980111,Atalanta,Giorgio Scalvini,D,Titolare,0,0,
34,13980111,Atalanta,Berat Djimsiti,D,Titolare,0,0,
34,13980111,Atalanta,Sead Kolašinac,D,Titolare,0,0,
34,13980111,Atalanta,Raoul Bellanova,M,Titolare,0,0,
34,13980111,Atalanta,Marten de Roon,M,Titolare,0,0,
34,13980111,Atalanta,Mario Pašalić,M,Titolare,0,0,
34,13980111,Atalanta,Davide Zappacosta,M,Titolare,0,0,
34,13980111,Atalanta,Charles De Ketelaere,F,Titolare,0,0,
34,13980111,Atalanta,Giacomo Raspadori,F,Titolare,0,0,
34,13980111,Atalanta,Gianluca Scamacca,F,Titolare,0,0,
34,13980111,Atalanta,Nicola Zalewski,M,Panchina,0,0,
34,13980111,Atalanta,Nikola Krstović,F,Panchina,0,0,
34,13980111,Atalanta,Odilon Kossounou,D,Panchina,0,0,
34,13980111,Atalanta,Éderson,M,Panchina,0,0,
34,13980111,Atalanta,Lazar Samardžić,M,Panchina,0,0,
34,13980111,Atalanta,Piotr Pardel,G,Panchina,0,0,
34,13980111,Atalanta,Marco Sportiello,G,Panchina,0,0,
34,13980111,Atalanta,Mitchel Bakker,D,Panchina,0,0,
34,13980111,Atalanta,Relja Obrić,D,Panchina,0,0,
34,13980111,Atalanta,Honest Ahanor,D,Panchina,0,0,
34,13980111,Atalanta,Isak Hien,D,Panchina,0,0,
34,13980111,Atalanta,Yunus Musah,M,Panchina,0,0,
34,13980111,Atalanta,Kamaldeen Sulemana,F,Panchina,0,0,
34,13980112,Lazio,Edoardo Motta,G,Titolare,0,0,
34,13980112,Lazio,Manuel Lazzari,D,Titolare,0,0,
34,13980112,Lazio,Alessio Romagnoli,D,Titolare,0,0,
34,13980112,Lazio,Oliver Provstgaard,D,Titolare,0,0,
34,13980112,Lazio,Luca Pellegrini,D,Titolare,0,0,
34,13980112,Lazio,Toma Bašić,M,Titolare,0,0,
34,13980112,Lazio,Patric,D,Titolare,0,0,
34,13980112,Lazio,Kenneth Taylor,M,Titolare,0,0,
34,13980112,Lazio,Matteo Cancellieri,F,Titolare,0,0,
34,13980112,Lazio,Boulaye Dia,F,Titolare,0,0,
34,13980112,Lazio,Tijjani Noslin,F,Titolare,0,0,
34,13980112,Lazio,Fisayo Dele-Bashiru,M,Panchina,0,0,
34,13980112,Lazio,Pedro,F,Panchina,0,0,
34,13980112,Lazio,Gustav Isaksen,F,Panchina,0,0,
34,13980112,Lazio,Daniel Maldini,F,Panchina,0,0,
34,13980112,Lazio,Nuno Tavares,D,Panchina,0,0,
34,13980112,Lazio,Giacomo Giacomone,G,Panchina,0,0,
34,13980112,Lazio,Nicolo Pannozzo,G,Panchina,0,0,
34,13980112,Lazio,Adam Marušić,D,Panchina,0,0,
34,13980112,Lazio,Elseid Hysaj,D,Panchina,0,0,
34,13980112,Lazio,Adrian Przyborek,M,Panchina,0,0,
34,13980112,Lazio,Reda Belahyane,M,Panchina,0,0,
34,13980112,Lazio,Nicolò Rovella,M,Panchina,0,0,
34,13980112,Lazio,Petar Ratkov,F,Panchina,0,0,
34,13980112,Udinese,Maduka Okoye,G,Titolare,0,0,
34,13980112,Udinese,Thomas Kristensen,D,Titolare,0,0,
34,13980112,Udinese,Christian Kabasele,D,Titolare,0,0,
34,13980112,Udinese,Oumar Solet,D,Titolare,0,0,
34,13980112,Udinese,Kingsley Ehizibue,M,Titolare,0,0,
34,13980112,Udinese,Jakub Piotrowski,M,Titolare,0,0,
34,13980112,Udinese,Arthur Atta,M,Titolare,0,0,
34,13980112,Udinese,Hassane Kamara,M,Titolare,0,0,
34,13980112,Udinese,Nicolò Zaniolo,F,Titolare,0,0,
34,13980112,Udinese,Jürgen Ekkelenkamp,M,Titolare,0,0,
34,13980112,Udinese,Idrissa Gueye,F,Titolare,0,0,
34,13980112,Udinese,Lennon Miller,M,Panchina,0,0,
34,13980112,Udinese,Adam Buksa,F,Panchina,0,0,
34,13980112,Udinese,Juan Arizala,M,Panchina,0,0,
34,13980112,Udinese,Oier Zarraga,M,Panchina,0,0,
34,13980112,Udinese,Vakoun Issouf Bayo,F,Panchina,0,0,
34,13980112,Udinese,Răzvan Sava,G,Panchina,0,0,
34,13980112,Udinese,Daniele Padelli,G,Panchina,0,0,
34,13980112,Udinese,Alessandro Nunziante,G,Panchina,0,0,
34,13980112,Udinese,Branimir Mlačić,D,Panchina,0,0,
34,13980112,Udinese,Abdoulaye Camara,M,Panchina,0,0,
34,13980112,Udinese,Giulio Vinciati,F,Panchina,0,0,
34,13980113,Bologna,Federico Ravaglia,G,Titolare,0,0,
34,13980113,Bologna,Eivind Helland,D,Titolare,0,0,
34,13980113,Bologna,Jhon Lucumí,D,Titolare,0,0,
34,13980113,Bologna,Torbjørn Heggem,D,Titolare,0,0,
34,13980113,Bologna,João Mário,D,Titolare,0,0,
34,13980113,Bologna,Lewis Ferguson,M,Titolare,0,0,
34,13980113,Bologna,Remo Freuler,M,Titolare,0,0,
34,13980113,Bologna,Juan Miranda,D,Titolare,0,0,
34,13980113,Bologna,Riccardo Orsolini,M,Titolare,0,0,
34,13980113,Bologna,Jonathan Rowe,F,Titolare,0,0,
34,13980113,Bologna,Santiago Castro,F,Titolare,0,0,
34,13980113,Bologna,Nadir Zortea,D,Panchina,0,0,
34,13980113,Bologna,Jens Odgaard,M,Panchina,0,0,
34,13980113,Bologna,Lorenzo De Silvestri,D,Panchina,0,0,
34,13980113,Bologna,Martin Vitík,D,Panchina,0,0,
34,13980113,Bologna,Nicolò Cambiaghi,F,Panchina,0,0,
34,13980113,Bologna,Massimo Pessina,G,Panchina,0,0,
34,13980113,Bologna,Matteo Franceschelli,G,Panchina,0,0,
34,13980113,Bologna,Charalampos Lykogiannis,D,Panchina,0,0,
34,13980113,Bologna,Simon Sohm,M,Panchina,0,0,
34,13980113,Bologna,Tommaso Pobega,M,Panchina,0,0,
34,13980113,Bologna,Benjamín Domínguez,M,Panchina,0,0,
34,13980113,Bologna,Nikola Moro,M,Panchina,0,0,
34,13980113,Bologna,Francesco Castaldo,F,Panchina,0,0,
34,13980113,AS Roma,Mile Svilar,G,Titolare,0,0,
34,13980113,AS Roma,Gianluca Mancini,D,Titolare,0,0,
34,13980113,AS Roma,Evan Ndicka,D,Titolare,0,0,
34,13980113,AS Roma,Mario Hermoso,D,Titolare,0,0,
34,13980113,AS Roma,Zeki Çelik,D,Titolare,0,0,
34,13980113,AS Roma,Neil El Aynaoui,M,Titolare,0,0,
34,13980113,AS Roma,Bryan Cristante,M,Titolare,0,0,
34,13980113,AS Roma,Wesley,M,Titolare,0,0,
34,13980113,AS Roma,Matías Soulé,F,Titolare,0,0,
34,13980113,AS Roma,Niccolò Pisilli,M,Titolare,0,0,
34,13980113,AS Roma,Donyell Malen,F,Titolare,0,0,
34,13980113,AS Roma,Devyne Rensch,M,Panchina,0,0,
34,13980113,AS Roma,Daniele Ghilardi,D,Panchina,0,0,
34,13980113,AS Roma,Robinio Vaz,F,Panchina,0,0,
34,13980113,AS Roma,Paulo Dybala,F,Panchina,0,0,
34,13980113,AS Roma,Jan Ziółkowski,D,Panchina,0,0,
34,13980113,AS Roma,Pierluigi Gollini,G,Panchina,0,0,
34,13980113,AS Roma,Giorgio De Marzi,G,Panchina,0,0,
34,13980113,AS Roma,Kostas Tsimikas,D,Panchina,0,0,
34,13980113,AS Roma,Angeliño,M,Panchina,0,0,
34,13980113,AS Roma,Bryan Zaragoza,F,Panchina,0,0,
34,13980113,AS Roma,Lorenzo Venturino,F,Panchina,0,0,
34,13980113,AS Roma,Stephan El Shaarawy,F,Panchina,0,0,
34,13980114,Hellas Verona,Lorenzo Montipò,G,Titolare,0,0,
34,13980114,Hellas Verona,Victor Nelsson,D,Titolare,0,0,
34,13980114,Hellas Verona,Armel Bella-Kotchap,D,Titolare,0,0,
34,13980114,Hellas Verona,Andrias Edmundsson,D,Titolare,0,0,
34,13980114,Hellas Verona,Rafik Belghali,M,Titolare,0,0,
34,13980114,Hellas Verona,Jean Daniel Akpa-Akpro,M,Titolare,0,0,
34,13980114,Hellas Verona,Roberto Gagliardini,M,Titolare,0,0,
34,13980114,Hellas Verona,Antoine Bernede,M,Titolare,0,0,
34,13980114,Hellas Verona,Martin Frese,D,Titolare,0,0,
34,13980114,Hellas Verona,Tomáš Suslov,F,Titolare,0,0,
34,13980114,Hellas Verona,Kieron Bowie,F,Titolare,0,0,
34,13980114,Hellas Verona,Nicolás Valentini,D,Panchina,0,0,
34,13980114,Hellas Verona,Sandi Lovrić,M,Panchina,0,0,
34,13980114,Hellas Verona,Amin Sarr,F,Panchina,0,0,
34,13980114,Hellas Verona,Pol Lirola,D,Panchina,0,0,
34,13980114,Hellas Verona,Ioan Vermesan,F,Panchina,0,0,
34,13980114,Hellas Verona,Simone Perilli,G,Panchina,0,0,
34,13980114,Hellas Verona,Giacomo Toniolo,G,Panchina,0,0,
34,13980114,Hellas Verona,Fallou Cham,D,Panchina,0,0,
34,13980114,Hellas Verona,Tobias Slotsager,D,Panchina,0,0,
34,13980114,Hellas Verona,Abdou Harroui,M,Panchina,0,0,
34,13980114,Hellas Verona,Moatasem Al-Musrati,M,Panchina,0,0,
34,13980114,Hellas Verona,Domagoj Bradarić,M,Panchina,0,0,
34,13980114,Hellas Verona,Isaac,F,Panchina,0,0,
34,13980114,Hellas Verona,Junior Ajayi,F,Panchina,0,0,
34,13980114,Lecce,Wladimiro Falcone,G,Titolare,0,0,
34,13980114,Lecce,Danilo Veiga,D,Titolare,0,0,
34,13980114,Lecce,Jamil Siebert,D,Titolare,0,0,
34,13980114,Lecce,Gaby Jean,D,Titolare,0,0,
34,13980114,Lecce,Antonino Gallo,D,Titolare,0,0,
34,13980114,Lecce,Ylber Ramadani,M,Titolare,0,0,
34,13980114,Lecce,Lassana Coulibaly,M,Titolare,0,0,
34,13980114,Lecce,Santiago Pierotti,F,Titolare,0,0,
34,13980114,Lecce,Omri Gandelman,M,Titolare,0,0,
34,13980114,Lecce,Lameck Banda,M,Titolare,0,0,
34,13980114,Lecce,Nikola Štulić,F,Titolare,0,0,
34,13980114,Lecce,Oumar Ngom,M,Panchina,0,0,
34,13980114,Lecce,Walid Cheddira,F,Panchina,0,0,
34,13980114,Lecce,N'Dri Konan,F,Panchina,0,0,
34,13980114,Lecce,Francesco Camarda,F,Panchina,0,0,
34,13980114,Lecce,Christian Früchtl,G,Panchina,0,0,
34,13980114,Lecce,Jasper Samooja,G,Panchina,0,0,
34,13980114,Lecce,Corrie Ndaba,D,Panchina,0,0,
34,13980114,Lecce,Matías Pérez,D,Panchina,0,0,
34,13980114,Lecce,Olaf Gorter,M,Panchina,0,0,
34,13980114,Lecce,Þórir Jóhann Helgason,M,Panchina,0,0,
34,13980114,Lecce,Filip Marchwiński,M,Panchina,0,0,
34,13980114,Lecce,Niko Kovač,M,Panchina,0,0,
34,13980114,Lecce,Alex Sala,M,Panchina,0,0,
35,13980081,Como,Jean Butez,G,Titolare,0,0,
35,13980081,Como,Ivan Smolčić,D,Titolare,0,0,
35,13980081,Como,Jacobo Ramón,D,Titolare,0,0,
35,13980081,Como,Diego Carlos,D,Titolare,0,0,
35,13980081,Como,Álex Valle,D,Titolare,0,0,
35,13980081,Como,Máximo Perrone,M,Titolare,0,0,
35,13980081,Como,Lucas Da Cunha,M,Titolare,0,0,
35,13980081,Como,Assane Diao,M,Titolare,0,0,
35,13980081,Como,Nico Paz,M,Titolare,0,0,
35,13980081,Como,Martin Baturina,M,Titolare,0,0,
35,13980081,Como,Anastasios Douvikas,F,Titolare,0,0,
35,13980081,Como,Alberto Moreno,D,Panchina,0,0,
35,13980081,Como,Jesús Rodriguez,M,Panchina,0,0,
35,13980081,Como,Álvaro Morata,F,Panchina,0,0,
35,13980081,Como,Mërgim Vojvoda,D,Panchina,0,0,
35,13980081,Como,Sergi Roberto,M,Panchina,0,0,
35,13980081,Como,Noel Törnqvist,G,Panchina,0,0,
35,13980081,Como,Nikola Čavlina,G,Panchina,0,0,
35,13980081,Como,Mauro Vigorito,G,Panchina,0,0,
35,13980081,Como,Marc Kempf,D,Panchina,0,0,
35,13980081,Como,Edoardo Goldaniga,D,Panchina,0,0,
35,13980081,Como,Ignace Van der Brempt,D,Panchina,0,0,
35,13980081,Como,Adrian Lahdo,M,Panchina,0,0,
35,13980081,Como,Maxence Caqueret,M,Panchina,0,0,
35,13980081,Como,Nicolas-Gerrit Kühn,F,Panchina,0,0,
35,13980081,SSC Napoli,Vanja Milinković-Savić,G,Titolare,0,0,
35,13980081,SSC Napoli,Sam Beukema,D,Titolare,0,0,
35,13980081,SSC Napoli,Amir Rrahmani,D,Titolare,0,0,
35,13980081,SSC Napoli,Alessandro Buongiorno,D,Titolare,0,0,
35,13980081,SSC Napoli,Matteo Politano,M,Titolare,0,0,
35,13980081,SSC Napoli,Stanislav Lobotka,M,Titolare,0,0,
35,13980081,SSC Napoli,Scott McTominay,M,Titolare,0,0,
35,13980081,SSC Napoli,Miguel Gutiérrez,D,Titolare,0,0,
35,13980081,SSC Napoli,Kevin De Bruyne,M,Titolare,0,0,
35,13980081,SSC Napoli,Alisson Santos,F,Titolare,0,0,
35,13980081,SSC Napoli,Rasmus Højlund,F,Titolare,0,0,
35,13980081,SSC Napoli,Frank Anguissa,M,Panchina,0,0,
35,13980081,SSC Napoli,Leonardo Spinazzola,D,Panchina,0,0,
35,13980081,SSC Napoli,Nikita Contini,G,Panchina,0,0,
35,13980081,SSC Napoli,Alex Meret,G,Panchina,0,0,
35,13980081,SSC Napoli,Giovanni Di Lorenzo,D,Panchina,0,0,
35,13980081,SSC Napoli,Billy Gilmour,M,Panchina,0,0,
35,13980081,SSC Napoli,Eljif Elmas,M,Panchina,0,0,
35,13980081,SSC Napoli,Pasquale Mazzocchi,M,Panchina,0,0,
35,13980081,SSC Napoli,Giovane,F,Panchina,0,0,
35,13980082,Bologna,Massimo Pessina,G,Titolare,0,0,
35,13980082,Bologna,Lorenzo De Silvestri,D,Titolare,0,0,
35,13980082,Bologna,Eivind Helland,D,Titolare,0,0,
35,13980082,Bologna,Jhon Lucumí,D,Titolare,0,0,
35,13980082,Bologna,Juan Miranda,D,Titolare,0,0,
35,13980082,Bologna,Remo Freuler,M,Titolare,0,0,
35,13980082,Bologna,Nikola Moro,M,Titolare,0,0,
35,13980082,Bologna,Federico Bernardeschi,F,Titolare,0,0,
35,13980082,Bologna,Simon Sohm,M,Titolare,0,0,
35,13980082,Bologna,Benjamín Domínguez,M,Titolare,0,0,
35,13980082,Bologna,Jens Odgaard,M,Titolare,0,0,
35,13980082,Bologna,Jonathan Rowe,F,Panchina,0,0,
35,13980082,Bologna,Riccardo Orsolini,M,Panchina,0,0,
35,13980082,Bologna,Santiago Castro,F,Panchina,0,0,
35,13980082,Bologna,Lewis Ferguson,M,Panchina,0,0,
35,13980082,Bologna,Nadir Zortea,D,Panchina,0,0,
35,13980082,Bologna,Federico Ravaglia,G,Panchina,0,0,
35,13980082,Bologna,Riccardo Gnudi,G,Panchina,0,0,
35,13980082,Bologna,Torbjørn Heggem,D,Panchina,0,0,
35,13980082,Bologna,Martin Vitík,D,Panchina,0,0,
35,13980082,Bologna,Charalampos Lykogiannis,D,Panchina,0,0,
35,13980082,Bologna,Tommaso Pobega,M,Panchina,0,0,
35,13980082,Cagliari,Elia Caprile,G,Titolare,0,0,
35,13980082,Cagliari,Zé Pedro,D,Titolare,0,0,
35,13980082,Cagliari,Yerry Mina,D,Titolare,0,0,
35,13980082,Cagliari,Alberto Dossena,D,Titolare,0,0,
35,13980082,Cagliari,Adam Obert,D,Titolare,0,0,
35,13980082,Cagliari,Marco Palestra,M,Titolare,0,0,
35,13980082,Cagliari,Michel Adopo,M,Titolare,0,0,
35,13980082,Cagliari,Gianluca Gaetano,M,Titolare,0,0,
35,13980082,Cagliari,Alessandro Deiola,M,Titolare,0,0,
35,13980082,Cagliari,Michael Folorunsho,M,Titolare,0,0,
35,13980082,Cagliari,Sebastiano Esposito,F,Titolare,0,0,
35,13980082,Cagliari,Sulemana,M,Panchina,0,0,
35,13980082,Cagliari,Paul Mendy,F,Panchina,0,0,
35,13980082,Cagliari,Gabriele Zappa,D,Panchina,0,0,
35,13980082,Cagliari,Alen Sherri,G,Panchina,0,0,
35,13980082,Cagliari,Giuseppe Ciocci,G,Panchina,0,0,
35,13980082,Cagliari,Juan Rodríguez,D,Panchina,0,0,
35,13980082,Cagliari,Agustín Albarracín,M,Panchina,0,0,
35,13980082,Cagliari,Yael Trepy,F,Panchina,0,0,
35,13980082,Cagliari,Semih Kılıçsoy,F,Panchina,0,0,
35,13980082,Cagliari,Andrea Belotti,F,Panchina,0,0,
35,13980083,Atalanta,Marco Carnesecchi,G,Titolare,0,0,
35,13980083,Atalanta,Giorgio Scalvini,D,Titolare,0,0,
35,13980083,Atalanta,Berat Djimsiti,D,Titolare,0,0,
35,13980083,Atalanta,Honest Ahanor,D,Titolare,0,0,
35,13980083,Atalanta,Davide Zappacosta,M,Titolare,0,0,
35,13980083,Atalanta,Marten de Roon,M,Titolare,0,0,
35,13980083,Atalanta,Éderson,M,Titolare,0,0,
35,13980083,Atalanta,Nicola Zalewski,M,Titolare,0,0,
35,13980083,Atalanta,Charles De Ketelaere,F,Titolare,0,0,
35,13980083,Atalanta,Gianluca Scamacca,F,Titolare,0,0,
35,13980083,Atalanta,Nikola Krstović,F,Titolare,0,0,
35,13980083,Atalanta,Isak Hien,D,Panchina,0,0,
35,13980083,Atalanta,Giacomo Raspadori,F,Panchina,0,0,
35,13980083,Atalanta,Mario Pašalić,M,Panchina,0,0,
35,13980083,Atalanta,Lazar Samardžić,M,Panchina,0,0,
35,13980083,Atalanta,Yunus Musah,M,Panchina,0,0,
35,13980083,Atalanta,Francesco Rossi,G,Panchina,0,0,
35,13980083,Atalanta,Marco Sportiello,G,Panchina,0,0,
35,13980083,Atalanta,Sead Kolašinac,D,Panchina,0,0,
35,13980083,Atalanta,Mitchel Bakker,D,Panchina,0,0,
35,13980083,Atalanta,Odilon Kossounou,D,Panchina,0,0,
35,13980083,Atalanta,Raoul Bellanova,M,Panchina,0,0,
35,13980083,Atalanta,Kamaldeen Sulemana,F,Panchina,0,0,
35,13980083,Genoa,Justin Bijlow,G,Titolare,0,0,
35,13980083,Genoa,Alessandro Marcandalli,D,Titolare,0,0,
35,13980083,Genoa,Leo Østigård,D,Titolare,0,0,
35,13980083,Genoa,Johan Vásquez,D,Titolare,0,0,
35,13980083,Genoa,Mikael Ellertsson,M,Titolare,0,0,
35,13980083,Genoa,Alexsandro Amorim,M,Titolare,0,0,
35,13980083,Genoa,Morten Frendrup,M,Titolare,0,0,
35,13980083,Genoa,Stefano Sabelli,M,Titolare,0,0,
35,13980083,Genoa,Vitinha,F,Titolare,0,0,
35,13980083,Genoa,Jeff Ekhator,F,Titolare,0,0,
35,13980083,Genoa,Lorenzo Colombo,F,Titolare,0,0,
35,13980083,Genoa,Caleb Ekuban,F,Panchina,0,0,
35,13980083,Genoa,Junior Messias,F,Panchina,0,0,
35,13980083,Genoa,Ruslan Malinovskyi,M,Panchina,0,0,
35,13980083,Genoa,Patrizio Masini,M,Panchina,0,0,
35,13980083,Genoa,Aarón Martín,M,Panchina,0,0,
35,13980083,Genoa,Nicola Leali,G,Panchina,0,0,
35,13980083,Genoa,Daniele Sommariva,G,Panchina,0,0,
35,13980083,Genoa,Nils Zätterström,D,Panchina,0,0,
35,13980083,Genoa,Sebastian Otoa,D,Panchina,0,0,
35,13980083,Genoa,Wedtoin Latif Ouedraogo,D,Panchina,0,0,
35,13980083,Genoa,Jean Onana,M,Panchina,0,0,
35,13980083,Genoa,Maxwel Cornet,F,Panchina,0,0,
35,13980084,Inter,Yann Sommer,G,Titolare,0,0,
35,13980084,Inter,Yann Bisseck,D,Titolare,0,0,
35,13980084,Inter,Manuel Akanji,D,Titolare,0,0,
35,13980084,Inter,Alessandro Bastoni,D,Titolare,0,0,
35,13980084,Inter,Denzel Dumfries,M,Titolare,0,0,
35,13980084,Inter,Nicolò Barella,M,Titolare,0,0,
35,13980084,Inter,Piotr Zieliński,M,Titolare,0,0,
35,13980084,Inter,Petar Sučić,M,Titolare,0,0,
35,13980084,Inter,Federico Dimarco,M,Titolare,0,0,
35,13980084,Inter,Marcus Thuram,F,Titolare,0,0,
35,13980084,Inter,Francesco Pio Esposito,F,Titolare,0,0,
35,13980084,Inter,Ange-Yoan Bonny,F,Panchina,0,0,
35,13980084,Inter,Lautaro Martínez,F,Panchina,0,0,
35,13980084,Inter,Carlos Augusto,D,Panchina,0,0,
35,13980084,Inter,Henrikh Mkhitaryan,M,Panchina,0,0,
35,13980084,Inter,Davide Frattesi,M,Panchina,0,0,
35,13980084,Inter,Josep Martínez,G,Panchina,0,0,
35,13980084,Inter,Raffaele Di Gennaro,G,Panchina,0,0,
35,13980084,Inter,Francesco Acerbi,D,Panchina,0,0,
35,13980084,Inter,Matteo Darmian,D,Panchina,0,0,
35,13980084,Inter,Stefan de Vrij,D,Panchina,0,0,
35,13980084,Inter,Luís Henrique,M,Panchina,0,0,
35,13980084,Inter,Andy Diouf,M,Panchina,0,0,
35,13980084,Inter,Matteo Cocchi,M,Panchina,0,0,
35,13980084,Inter,Hakan Çalhanoğlu,M,Panchina,0,0,
35,13980084,Inter,Mattia Mosconi,F,Panchina,0,0,
35,13980084,Parma,Zion Suzuki,G,Titolare,0,0,
35,13980084,Parma,Alessandro Circati,D,Titolare,0,0,
35,13980084,Parma,Mariano Troilo,D,Titolare,0,0,
35,13980084,Parma,Abdoulaye Ndiaye,D,Titolare,0,0,
35,13980084,Parma,Enrico Delprato,D,Titolare,0,0,
35,13980084,Parma,Adrián Bernabé,M,Titolare,0,0,
35,13980084,Parma,Hans Nicolussi Caviglia,M,Titolare,0,0,
35,13980084,Parma,Mandela Keita,M,Titolare,0,0,
35,13980084,Parma,Emanuele Valeri,M,Titolare,0,0,
35,13980084,Parma,Gabriel Strefezza,F,Titolare,0,0,
35,13980084,Parma,Mateo Pellegrino,F,Titolare,0,0,
35,13980084,Parma,Christian Ordoñez,M,Panchina,0,0,
35,13980084,Parma,Nesta Elphege,F,Panchina,0,0,
35,13980084,Parma,Oliver Sørensen,M,Panchina,0,0,
35,13980084,Parma,Pontus Almqvist,F,Panchina,0,0,
35,13980084,Parma,Franco Carboni,M,Panchina,0,0,
35,13980084,Parma,Edoardo Corvi,G,Panchina,0,0,
35,13980084,Parma,Filippo Rinaldi,G,Panchina,0,0,
35,13980084,Parma,Sascha Britschgi,D,Panchina,0,0,
35,13980084,Parma,Lautaro Valenti,D,Panchina,0,0,
35,13980084,Parma,Gaetano Oristanio,M,Panchina,0,0,
35,13980084,Parma,Nahuel Estévez,M,Panchina,0,0,
35,13980084,Parma,Jacob Ondrejka,F,Panchina,0,0,
35,13980086,AS Roma,Mile Svilar,G,Titolare,0,0,
35,13980086,AS Roma,Gianluca Mancini,D,Titolare,0,0,
35,13980086,AS Roma,Evan Ndicka,D,Titolare,0,0,
35,13980086,AS Roma,Mario Hermoso,D,Titolare,0,0,
35,13980086,AS Roma,Zeki Çelik,D,Titolare,0,0,
35,13980086,AS Roma,Niccolò Pisilli,M,Titolare,0,0,
35,13980086,AS Roma,Manu Koné,M,Titolare,0,0,
35,13980086,AS Roma,Wesley,M,Titolare,0,0,
35,13980086,AS Roma,Matías Soulé,F,Titolare,0,0,
35,13980086,AS Roma,Bryan Cristante,M,Titolare,0,0,
35,13980086,AS Roma,Donyell Malen,F,Titolare,0,0,
35,13980086,AS Roma,Stephan El Shaarawy,F,Panchina,0,0,
35,13980086,AS Roma,Daniele Ghilardi,D,Panchina,0,0,
35,13980086,AS Roma,Paulo Dybala,F,Panchina,0,0,
35,13980086,AS Roma,Jan Ziółkowski,D,Panchina,0,0,
35,13980086,AS Roma,Robinio Vaz,F,Panchina,0,0,
35,13980086,AS Roma,Giorgio De Marzi,G,Panchina,0,0,
35,13980086,AS Roma,Pierluigi Gollini,G,Panchina,0,0,
35,13980086,AS Roma,Kostas Tsimikas,D,Panchina,0,0,
35,13980086,AS Roma,Devyne Rensch,M,Panchina,0,0,
35,13980086,AS Roma,Angeliño,M,Panchina,0,0,
35,13980086,AS Roma,Lorenzo Venturino,F,Panchina,0,0,
35,13980086,Fiorentina,David De Gea,G,Titolare,0,0,
35,13980086,Fiorentina,Dodô,M,Titolare,0,0,
35,13980086,Fiorentina,Marin Pongračić,D,Titolare,0,0,
35,13980086,Fiorentina,Luca Ranieri,D,Titolare,0,0,
35,13980086,Fiorentina,Robin Gosens,D,Titolare,0,0,
35,13980086,Fiorentina,Marco Brescianini,M,Titolare,0,0,
35,13980086,Fiorentina,Nicolò Fagioli,M,Titolare,0,0,
35,13980086,Fiorentina,Cher Ndour,M,Titolare,0,0,
35,13980086,Fiorentina,Jack Harrison,F,Titolare,0,0,
35,13980086,Fiorentina,Albert Guðmundsson,F,Titolare,0,0,
35,13980086,Fiorentina,Manor Solomon,F,Titolare,0,0,
35,13980086,Fiorentina,Fabiano Parisi,D,Panchina,0,0,
35,13980086,Fiorentina,Pietro Comuzzo,D,Panchina,0,0,
35,13980086,Fiorentina,Riccardo Braschi,F,Panchina,0,0,
35,13980086,Fiorentina,Giovanni Fabbian,M,Panchina,0,0,
35,13980086,Fiorentina,Jacopo Fazzini,F,Panchina,0,0,
35,13980086,Fiorentina,Oliver Christensen,G,Panchina,0,0,
35,13980086,Fiorentina,Luca Lezzerini,G,Panchina,0,0,
35,13980086,Fiorentina,Eddy Kouadio,D,Panchina,0,0,
35,13980086,Fiorentina,Daniele Rugani,D,Panchina,0,0,
35,13980086,Fiorentina,Antonio Pirrò,M,Panchina,0,0,
35,13980086,Fiorentina,Rolando Mandragora,M,Panchina,0,0,
35,13980087,Sassuolo,Stefano Turati,G,Titolare,0,0,
35,13980087,Sassuolo,Sebastian Walukiewicz,D,Titolare,0,0,
35,13980087,Sassuolo,Jay Idzes,D,Titolare,0,0,
35,13980087,Sassuolo,Tarik Muharemović,D,Titolare,0,0,
35,13980087,Sassuolo,Ulisses Garcia,D,Titolare,0,0,
35,13980087,Sassuolo,Ismael Koné,M,Titolare,0,0,
35,13980087,Sassuolo,Nemanja Matić,M,Titolare,0,0,
35,13980087,Sassuolo,Kristian Thorstvedt,M,Titolare,0,0,
35,13980087,Sassuolo,Domenico Berardi,F,Titolare,0,0,
35,13980087,Sassuolo,M'bala Nzola,F,Titolare,0,0,
35,13980087,Sassuolo,Armand Laurienté,F,Titolare,0,0,
35,13980087,Sassuolo,Woyo Coulibaly,D,Panchina,0,0,
35,13980087,Sassuolo,Luca Lipani,M,Panchina,0,0,
35,13980087,Sassuolo,Cristian Volpato,M,Panchina,0,0,
35,13980087,Sassuolo,Andrea Pinamonti,F,Panchina,0,0,
35,13980087,Sassuolo,Alieu Fadera,F,Panchina,0,0,
35,13980087,Sassuolo,Arijanet Murić,G,Panchina,0,0,
35,13980087,Sassuolo,Gioele Zacchi,G,Panchina,0,0,
35,13980087,Sassuolo,Giacomo Satalino,G,Panchina,0,0,
35,13980087,Sassuolo,Filippo Romagna,D,Panchina,0,0,
35,13980087,Sassuolo,Josh Doig,D,Panchina,0,0,
35,13980087,Sassuolo,Pedro Felipe,D,Panchina,0,0,
35,13980087,Sassuolo,Christian Frangella,M,Panchina,0,0,
35,13980087,Sassuolo,Aster Vranckx,M,Panchina,0,0,
35,13980087,Sassuolo,Edoardo Iannoni,M,Panchina,0,0,
35,13980087,Sassuolo,Luca Moro,F,Panchina,0,0,
35,13980087,AC Milan,Mike Maignan,G,Titolare,0,0,
35,13980087,AC Milan,Fikayo Tomori,D,Titolare,0,0,
35,13980087,AC Milan,Matteo Gabbia,D,Titolare,0,0,
35,13980087,AC Milan,Strahinja Pavlović,D,Titolare,0,0,
35,13980087,AC Milan,Alexis Saelemaekers,M,Titolare,0,0,
35,13980087,AC Milan,Youssouf Fofana,M,Titolare,0,0,
35,13980087,AC Milan,Ardon Jashari,M,Titolare,0,0,
35,13980087,AC Milan,Adrien Rabiot,M,Titolare,0,0,
35,13980087,AC Milan,Pervis Estupiñán,M,Titolare,0,0,
35,13980087,AC Milan,Christopher Nkunku,F,Titolare,0,0,
35,13980087,AC Milan,Rafael Leão,F,Titolare,0,0,
35,13980087,AC Milan,Zachary Athekame,D,Panchina,0,0,
35,13980087,AC Milan,Ruben Loftus-Cheek,M,Panchina,0,0,
35,13980087,AC Milan,Santiago Giménez,F,Panchina,0,0,
35,13980087,AC Milan,Christian Pulišić,F,Panchina,0,0,
35,13980087,AC Milan,Samuele Ricci,M,Panchina,0,0,
35,13980087,AC Milan,Matteo Pittarella,G,Panchina,0,0,
35,13980087,AC Milan,Pietro Terracciano,G,Panchina,0,0,
35,13980087,AC Milan,Koni De Winter,D,Panchina,0,0,
35,13980087,AC Milan,Davide Bartesaghi,M,Panchina,0,0,
35,13980087,AC Milan,Niclas Füllkrug,F,Panchina,0,0,
35,13980091,Juventus,Michele Di Gregorio,G,Titolare,0,0,
35,13980091,Juventus,Pierre Kalulu,D,Titolare,0,0,
35,13980091,Juventus,Bremer,D,Titolare,0,0,
35,13980091,Juventus,Lloyd Kelly,D,Titolare,0,0,
35,13980091,Juventus,Weston McKennie,M,Titolare,0,0,
35,13980091,Juventus,Manuel Locatelli,M,Titolare,0,0,
35,13980091,Juventus,Khéphren Thuram,M,Titolare,0,0,
35,13980091,Juventus,Andrea Cambiaso,M,Titolare,0,0,
35,13980091,Juventus,Francisco Conceição,F,Titolare,0,0,
35,13980091,Juventus,Kenan Yıldız,F,Titolare,0,0,
35,13980091,Juventus,Jonathan David,F,Titolare,0,0,
35,13980091,Juventus,Dušan Vlahović,F,Panchina,0,0,
35,13980091,Juventus,Fabio Miretti,M,Panchina,0,0,
35,13980091,Juventus,Jérémie Boga,F,Panchina,0,0,
35,13980091,Juventus,Teun Koopmeiners,M,Panchina,0,0,
35,13980091,Juventus,Edon Zhegrova,F,Panchina,0,0,
35,13980091,Juventus,Mattia Perin,G,Panchina,0,0,
35,13980091,Juventus,Carlo Pinsoglio,G,Panchina,0,0,
35,13980091,Juventus,Emil Holm,D,Panchina,0,0,
35,13980091,Juventus,Federico Gatti,D,Panchina,0,0,
35,13980091,Juventus,Filip Kostić,M,Panchina,0,0,
35,13980091,Juventus,Vasilije Adžić,M,Panchina,0,0,
35,13980091,Juventus,Loïs Openda,F,Panchina,0,0,
35,13980091,Hellas Verona,Lorenzo Montipò,G,Titolare,0,0,
35,13980091,Hellas Verona,Victor Nelsson,D,Titolare,0,0,
35,13980091,Hellas Verona,Andrias Edmundsson,D,Titolare,0,0,
35,13980091,Hellas Verona,Martin Frese,D,Titolare,0,0,
35,13980091,Hellas Verona,Rafik Belghali,M,Titolare,0,0,
35,13980091,Hellas Verona,Jean Daniel Akpa-Akpro,M,Titolare,0,0,
35,13980091,Hellas Verona,Roberto Gagliardini,M,Titolare,0,0,
35,13980091,Hellas Verona,Antoine Bernede,M,Titolare,0,0,
35,13980091,Hellas Verona,Domagoj Bradarić,M,Titolare,0,0,
35,13980091,Hellas Verona,Tomáš Suslov,F,Titolare,0,0,
35,13980091,Hellas Verona,Kieron Bowie,F,Titolare,0,0,
35,13980091,Hellas Verona,Tobias Slotsager,D,Panchina,0,0,
35,13980091,Hellas Verona,Sandi Lovrić,M,Panchina,0,0,
35,13980091,Hellas Verona,Abdou Harroui,M,Panchina,0,0,
35,13980091,Hellas Verona,Giacomo Toniolo,G,Panchina,0,0,
35,13980091,Hellas Verona,Simone Perilli,G,Panchina,0,0,
35,13980091,Hellas Verona,Fallou Cham,D,Panchina,0,0,
35,13980091,Hellas Verona,Pol Lirola,D,Panchina,0,0,
35,13980091,Hellas Verona,Isaac,F,Panchina,0,0,
35,13980091,Hellas Verona,Amin Sarr,F,Panchina,0,0,
35,13980091,Hellas Verona,Ioan Vermesan,F,Panchina,0,0,
35,13980091,Hellas Verona,Junior Ajayi,F,Panchina,0,0,
35,13980094,Cremonese,Emil Audero,G,Titolare,0,0,
35,13980094,Cremonese,Filippo Terracciano,D,Titolare,0,0,
35,13980094,Cremonese,Federico Baschirotto,D,Titolare,0,0,
35,13980094,Cremonese,Sebastiano Luperto,D,Titolare,0,0,
35,13980094,Cremonese,Romano Floriani Mussolini,M,Titolare,0,0,
35,13980094,Cremonese,Alberto Grassi,M,Titolare,0,0,
35,13980094,Cremonese,Youssef Maleh,M,Titolare,0,0,
35,13980094,Cremonese,Giuseppe Pezzella,M,Titolare,0,0,
35,13980094,Cremonese,Federico Bonazzoli,F,Titolare,0,0,
35,13980094,Cremonese,Antonio Sanabria,F,Titolare,0,0,
35,13980094,Cremonese,Alessio Zerbin,M,Titolare,0,0,
35,13980094,Cremonese,Matteo Bianchetti,D,Panchina,0,0,
35,13980094,Cremonese,Martín Payero,M,Panchina,0,0,
35,13980094,Cremonese,Warren Bondo,M,Panchina,0,0,
35,13980094,Cremonese,Jamie Vardy,F,Panchina,0,0,
35,13980094,Cremonese,Tommaso Barbieri,M,Panchina,0,0,
35,13980094,Cremonese,Marco Silvestri,G,Panchina,0,0,
35,13980094,Cremonese,Lapo Nava,G,Panchina,0,0,
35,13980094,Cremonese,Mikayil Faye,D,Panchina,0,0,
35,13980094,Cremonese,Federico Ceccherini,D,Panchina,0,0,
35,13980094,Cremonese,Francesco Folino,D,Panchina,0,0,
35,13980094,Cremonese,Michele Collocolo,M,Panchina,0,0,
35,13980094,Cremonese,Morten Thorsby,M,Panchina,0,0,
35,13980094,Cremonese,Milan Đurić,F,Panchina,0,0,
35,13980094,Cremonese,David Okereke,F,Panchina,0,0,
35,13980094,Lazio,Edoardo Motta,G,Titolare,0,0,
35,13980094,Lazio,Adam Marušić,D,Titolare,0,0,
35,13980094,Lazio,Alessio Romagnoli,D,Titolare,0,0,
35,13980094,Lazio,Oliver Provstgaard,D,Titolare,0,0,
35,13980094,Lazio,Nuno Tavares,D,Titolare,0,0,
35,13980094,Lazio,Toma Bašić,M,Titolare,0,0,
35,13980094,Lazio,Patric,D,Titolare,0,0,
35,13980094,Lazio,Kenneth Taylor,M,Titolare,0,0,
35,13980094,Lazio,Gustav Isaksen,F,Titolare,0,0,
35,13980094,Lazio,Daniel Maldini,F,Titolare,0,0,
35,13980094,Lazio,Mattia Zaccagni,F,Titolare,0,0,
35,13980094,Lazio,Nicolò Rovella,M,Panchina,0,0,
35,13980094,Lazio,Tijjani Noslin,F,Panchina,0,0,
35,13980094,Lazio,Pedro,F,Panchina,0,0,
35,13980094,Lazio,Fisayo Dele-Bashiru,M,Panchina,0,0,
35,13980094,Lazio,Boulaye Dia,F,Panchina,0,0,
35,13980094,Lazio,Nicolo Pannozzo,G,Panchina,0,0,
35,13980094,Lazio,Giacomo Giacomone,G,Panchina,0,0,
35,13980094,Lazio,Luca Pellegrini,D,Panchina,0,0,
35,13980094,Lazio,Manuel Lazzari,D,Panchina,0,0,
35,13980094,Lazio,Reda Belahyane,M,Panchina,0,0,
35,13980094,Lazio,Adrian Przyborek,M,Panchina,0,0,
35,13980094,Lazio,Petar Ratkov,F,Panchina,0,0,
35,13980095,Udinese,Maduka Okoye,G,Titolare,0,0,
35,13980095,Udinese,Thomas Kristensen,D,Titolare,0,0,
35,13980095,Udinese,Christian Kabasele,D,Titolare,0,0,
35,13980095,Udinese,Oumar Solet,D,Titolare,0,0,
35,13980095,Udinese,Kingsley Ehizibue,M,Titolare,0,0,
35,13980095,Udinese,Lennon Miller,M,Titolare,0,0,
35,13980095,Udinese,Arthur Atta,M,Titolare,0,0,
35,13980095,Udinese,Hassane Kamara,M,Titolare,0,0,
35,13980095,Udinese,Nicolò Zaniolo,F,Titolare,0,0,
35,13980095,Udinese,Jürgen Ekkelenkamp,M,Titolare,0,0,
35,13980095,Udinese,Adam Buksa,F,Titolare,0,0,
35,13980095,Udinese,Oier Zarraga,M,Panchina,0,0,
35,13980095,Udinese,Idrissa Gueye,F,Panchina,0,0,
35,13980095,Udinese,Jakub Piotrowski,M,Panchina,0,0,
35,13980095,Udinese,Branimir Mlačić,D,Panchina,0,0,
35,13980095,Udinese,Juan Arizala,M,Panchina,0,0,
35,13980095,Udinese,Daniele Padelli,G,Panchina,0,0,
35,13980095,Udinese,Alessandro Nunziante,G,Panchina,0,0,
35,13980095,Udinese,Răzvan Sava,G,Panchina,0,0,
35,13980095,Udinese,Abdoulaye Camara,M,Panchina,0,0,
35,13980095,Udinese,Vakoun Issouf Bayo,F,Panchina,0,0,
35,13980095,Udinese,Giulio Vinciati,F,Panchina,0,0,
35,13980095,Torino,Alberto Paleari,G,Titolare,0,0,
35,13980095,Torino,Luca Marianucci,D,Titolare,0,0,
35,13980095,Torino,Saúl Coco,D,Titolare,0,0,
35,13980095,Torino,Enzo Ebosse,D,Titolare,0,0,
35,13980095,Torino,Valentino Lazaro,M,Titolare,0,0,
35,13980095,Torino,Cesare Casadei,M,Titolare,0,0,
35,13980095,Torino,Emirhan İlkhan,M,Titolare,0,0,
35,13980095,Torino,Gvidas Gineitis,M,Titolare,0,0,
35,13980095,Torino,Rafael Obrador,M,Titolare,0,0,
35,13980095,Torino,Nikola Vlašić,M,Titolare,0,0,
35,13980095,Torino,Giovanni Simeone,F,Titolare,0,0,
35,13980095,Torino,Matteo Prati,M,Panchina,0,0,
35,13980095,Torino,Sandro Kulenović,F,Panchina,0,0,
35,13980095,Torino,Cristiano Biraghi,D,Panchina,0,0,
35,13980095,Torino,Alieu Njie,F,Panchina,0,0,
35,13980095,Torino,Franco Israel,G,Panchina,0,0,
35,13980095,Torino,Lapo Siviero,G,Panchina,0,0,
35,13980095,Torino,Niels Nkounkou,D,Panchina,0,0,
35,13980095,Torino,Adrien Tameze,D,Panchina,0,0,
35,13980095,Torino,Guillermo Maripán,D,Panchina,0,0,
35,13980095,Torino,Zanos Savva,M,Panchina,0,0,
35,13980095,Torino,Ivan Ilić,M,Panchina,0,0,
35,13980097,Pisa,Adrian Šemper,G,Titolare,0,0,
35,13980097,Pisa,Simone Canestrelli,D,Titolare,0,0,
35,13980097,Pisa,Antonio Caracciolo,D,Titolare,0,0,
35,13980097,Pisa,Rosen Bozhinov,D,Titolare,0,0,
35,13980097,Pisa,Mehdi Léris,M,Titolare,0,0,
35,13980097,Pisa,Isak Vural,M,Titolare,0,0,
35,13980097,Pisa,Ebenezer Akinsanmiro,M,Titolare,0,0,
35,13980097,Pisa,Michel Aebischer,M,Titolare,0,0,
35,13980097,Pisa,Samuele Angori,M,Titolare,0,0,
35,13980097,Pisa,Stefano Moreo,F,Titolare,0,0,
35,13980097,Pisa,Filip Stojilković,F,Titolare,0,0,
35,13980097,Pisa,Idrissa Touré,M,Panchina,0,0,
35,13980097,Pisa,Gabriele Piccinini,M,Panchina,0,0,
35,13980097,Pisa,Henrik Wendel Meister,F,Panchina,0,0,
35,13980097,Pisa,Juan Cuadrado,M,Panchina,0,0,
35,13980097,Pisa,Rafiu Durosinmi,F,Panchina,0,0,
35,13980097,Pisa,Nícolas,G,Panchina,0,0,
35,13980097,Pisa,Simone Scuffet,G,Panchina,0,0,
35,13980097,Pisa,Raúl Albiol,D,Panchina,0,0,
35,13980097,Pisa,Francesco Coppola,D,Panchina,0,0,
35,13980097,Pisa,Arturo Calabresi,D,Panchina,0,0,
35,13980097,Pisa,Lorran,M,Panchina,0,0,
35,13980097,Pisa,Malthe Højholt,M,Panchina,0,0,
35,13980097,Pisa,Felipe Loyola,M,Panchina,0,0,
35,13980097,Pisa,Calvin Stengs,M,Panchina,0,0,
35,13980097,Pisa,Samuel Iling Junior,M,Panchina,0,0,
35,13980097,Lecce,Wladimiro Falcone,G,Titolare,0,0,
35,13980097,Lecce,Danilo Veiga,D,Titolare,0,0,
35,13980097,Lecce,Jamil Siebert,D,Titolare,0,0,
35,13980097,Lecce,Tiago Gabriel,D,Titolare,0,0,
35,13980097,Lecce,Antonino Gallo,D,Titolare,0,0,
35,13980097,Lecce,Ylber Ramadani,M,Titolare,0,0,
35,13980097,Lecce,Oumar Ngom,M,Titolare,0,0,
35,13980097,Lecce,Santiago Pierotti,F,Titolare,0,0,
35,13980097,Lecce,Lassana Coulibaly,M,Titolare,0,0,
35,13980097,Lecce,Lameck Banda,M,Titolare,0,0,
35,13980097,Lecce,Walid Cheddira,F,Titolare,0,0,
35,13980097,Lecce,Gaby Jean,D,Panchina,0,0,
35,13980097,Lecce,Francesco Camarda,F,Panchina,0,0,
35,13980097,Lecce,Omri Gandelman,M,Panchina,0,0,
35,13980097,Lecce,Christian Früchtl,G,Panchina,0,0,
35,13980097,Lecce,Jasper Samooja,G,Panchina,0,0,
35,13980097,Lecce,Corrie Ndaba,D,Panchina,0,0,
35,13980097,Lecce,Matías Pérez,D,Panchina,0,0,
35,13980097,Lecce,Alex Sala,M,Panchina,0,0,
35,13980097,Lecce,Olaf Gorter,M,Panchina,0,0,
35,13980097,Lecce,Filip Marchwiński,M,Panchina,0,0,
35,13980097,Lecce,Þórir Jóhann Helgason,M,Panchina,0,0,
35,13980097,Lecce,Niko Kovač,M,Panchina,0,0,
35,13980097,Lecce,N'Dri Konan,F,Panchina,0,0,
35,13980097,Lecce,Nikola Štulić,F,Panchina,0,0,
36,13980059,Hellas Verona,Lorenzo Montipò,G,Titolare,0,0,
36,13980059,Hellas Verona,Victor Nelsson,D,Titolare,0,0,
36,13980059,Hellas Verona,Andrias Edmundsson,D,Titolare,0,0,
36,13980059,Hellas Verona,Nicolás Valentini,D,Titolare,0,0,
36,13980059,Hellas Verona,Rafik Belghali,M,Titolare,0,0,
36,13980059,Hellas Verona,Jean Daniel Akpa-Akpro,M,Titolare,0,0,
36,13980059,Hellas Verona,Roberto Gagliardini,M,Titolare,0,0,
36,13980059,Hellas Verona,Antoine Bernede,M,Titolare,0,0,
36,13980059,Hellas Verona,Martin Frese,D,Titolare,0,0,
36,13980059,Hellas Verona,Tomáš Suslov,F,Titolare,0,0,
36,13980059,Hellas Verona,Kieron Bowie,F,Titolare,0,0,
36,13980059,Hellas Verona,Sandi Lovrić,M,Panchina,0,0,
36,13980059,Hellas Verona,Isaac,F,Panchina,0,0,
36,13980059,Hellas Verona,Ioan Vermesan,F,Panchina,0,0,
36,13980059,Hellas Verona,Giacomo Toniolo,G,Panchina,0,0,
36,13980059,Hellas Verona,Simone Perilli,G,Panchina,0,0,
36,13980059,Hellas Verona,Pol Lirola,D,Panchina,0,0,
36,13980059,Hellas Verona,Tobias Slotsager,D,Panchina,0,0,
36,13980059,Hellas Verona,Fallou Cham,D,Panchina,0,0,
36,13980059,Hellas Verona,Domagoj Bradarić,M,Panchina,0,0,
36,13980059,Hellas Verona,Davide De Battisti,M,Panchina,0,0,
36,13980059,Hellas Verona,Moatasem Al-Musrati,M,Panchina,0,0,
36,13980059,Hellas Verona,Abdou Harroui,M,Panchina,0,0,
36,13980059,Hellas Verona,Amin Sarr,F,Panchina,0,0,
36,13980059,Hellas Verona,Junior Ajayi,F,Panchina,0,0,
36,13980059,Como,Jean Butez,G,Titolare,0,0,
36,13980059,Como,Mërgim Vojvoda,D,Titolare,0,0,
36,13980059,Como,Diego Carlos,D,Titolare,0,0,
36,13980059,Como,Marc Kempf,D,Titolare,0,0,
36,13980059,Como,Álex Valle,D,Titolare,0,0,
36,13980059,Como,Máximo Perrone,M,Titolare,0,0,
36,13980059,Como,Lucas Da Cunha,M,Titolare,0,0,
36,13980059,Como,Assane Diao,M,Titolare,0,0,
36,13980059,Como,Nico Paz,M,Titolare,0,0,
36,13980059,Como,Jesús Rodriguez,M,Titolare,0,0,
36,13980059,Como,Anastasios Douvikas,F,Titolare,0,0,
36,13980059,Como,Alberto Moreno,D,Panchina,0,0,
36,13980059,Como,Ivan Smolčić,D,Panchina,0,0,
36,13980059,Como,Maxence Caqueret,M,Panchina,0,0,
36,13980059,Como,Martin Baturina,M,Panchina,0,0,
36,13980059,Como,Ignace Van der Brempt,D,Panchina,0,0,
36,13980059,Como,Mauro Vigorito,G,Panchina,0,0,
36,13980059,Como,Nikola Čavlina,G,Panchina,0,0,
36,13980059,Como,Noel Törnqvist,G,Panchina,0,0,
36,13980059,Como,Edoardo Goldaniga,D,Panchina,0,0,
36,13980059,Como,Adrian Lahdo,M,Panchina,0,0,
36,13980059,Como,Sergi Roberto,M,Panchina,0,0,
36,13980059,Como,Nicolas-Gerrit Kühn,F,Panchina,0,0,
36,13980059,Como,Álvaro Morata,F,Panchina,0,0,
36,13980062,Parma,Zion Suzuki,G,Titolare,0,0,
36,13980062,Parma,Alessandro Circati,D,Titolare,0,0,
36,13980062,Parma,Mariano Troilo,D,Titolare,0,0,
36,13980062,Parma,Lautaro Valenti,D,Titolare,0,0,
36,13980062,Parma,Enrico Delprato,D,Titolare,0,0,
36,13980062,Parma,Christian Ordoñez,M,Titolare,0,0,
36,13980062,Parma,Hans Nicolussi Caviglia,M,Titolare,0,0,
36,13980062,Parma,Mandela Keita,M,Titolare,0,0,
36,13980062,Parma,Emanuele Valeri,M,Titolare,0,0,
36,13980062,Parma,Nesta Elphege,F,Titolare,0,0,
36,13980062,Parma,Gabriel Strefezza,F,Titolare,0,0,
36,13980062,Parma,Mateo Pellegrino,F,Panchina,0,0,
36,13980062,Parma,Sascha Britschgi,D,Panchina,0,0,
36,13980062,Parma,Franco Carboni,M,Panchina,0,0,
36,13980062,Parma,Nahuel Estévez,M,Panchina,0,0,
36,13980062,Parma,Pontus Almqvist,F,Panchina,0,0,
36,13980062,Parma,Edoardo Corvi,G,Panchina,0,0,
36,13980062,Parma,Filippo Rinaldi,G,Panchina,0,0,
36,13980062,Parma,Abdoulaye Ndiaye,D,Panchina,0,0,
36,13980062,Parma,Dominik Drobnic ,D,Panchina,0,0,
36,13980062,Parma,Oliver Sørensen,M,Panchina,0,0,
36,13980062,Parma,Daniel Mikołajewski,F,Panchina,0,0,
36,13980062,Parma,Jacob Ondrejka,F,Panchina,0,0,
36,13980062,AS Roma,Mile Svilar,G,Titolare,0,0,
36,13980062,AS Roma,Gianluca Mancini,D,Titolare,0,0,
36,13980062,AS Roma,Evan Ndicka,D,Titolare,0,0,
36,13980062,AS Roma,Mario Hermoso,D,Titolare,0,0,
36,13980062,AS Roma,Zeki Çelik,D,Titolare,0,0,
36,13980062,AS Roma,Bryan Cristante,M,Titolare,0,0,
36,13980062,AS Roma,Manu Koné,M,Titolare,0,0,
36,13980062,AS Roma,Wesley,M,Titolare,0,0,
36,13980062,AS Roma,Matías Soulé,F,Titolare,0,0,
36,13980062,AS Roma,Paulo Dybala,F,Titolare,0,0,
36,13980062,AS Roma,Donyell Malen,F,Titolare,0,0,
36,13980062,AS Roma,Daniele Ghilardi,D,Panchina,0,0,
36,13980062,AS Roma,Niccolò Pisilli,M,Panchina,0,0,
36,13980062,AS Roma,Neil El Aynaoui,M,Panchina,0,0,
36,13980062,AS Roma,Devyne Rensch,M,Panchina,0,0,
36,13980062,AS Roma,Lorenzo Venturino,F,Panchina,0,0,
36,13980062,AS Roma,Pierluigi Gollini,G,Panchina,0,0,
36,13980062,AS Roma,Giorgio De Marzi,G,Panchina,0,0,
36,13980062,AS Roma,Kostas Tsimikas,D,Panchina,0,0,
36,13980062,AS Roma,Jan Ziółkowski,D,Panchina,0,0,
36,13980062,AS Roma,Angeliño,M,Panchina,0,0,
36,13980062,AS Roma,Robinio Vaz,F,Panchina,0,0,
36,13980073,Torino,Alberto Paleari,G,Titolare,0,0,
36,13980073,Torino,Luca Marianucci,D,Titolare,0,0,
36,13980073,Torino,Saúl Coco,D,Titolare,0,0,
36,13980073,Torino,Enzo Ebosse,D,Titolare,0,0,
36,13980073,Torino,Valentino Lazaro,M,Titolare,0,0,
36,13980073,Torino,Matteo Prati,M,Titolare,0,0,
36,13980073,Torino,Gvidas Gineitis,M,Titolare,0,0,
36,13980073,Torino,Rafael Obrador,M,Titolare,0,0,
36,13980073,Torino,Nikola Vlašić,M,Titolare,0,0,
36,13980073,Torino,Alieu Njie,F,Titolare,0,0,
36,13980073,Torino,Giovanni Simeone,F,Titolare,0,0,
36,13980073,Torino,Marcus Pedersen,M,Panchina,0,0,
36,13980073,Torino,Duván Zapata,F,Panchina,0,0,
36,13980073,Torino,Emirhan İlkhan,M,Panchina,0,0,
36,13980073,Torino,Niels Nkounkou,D,Panchina,0,0,
36,13980073,Torino,Sandro Kulenović,F,Panchina,0,0,
36,13980073,Torino,Lapo Siviero,G,Panchina,0,0,
36,13980073,Torino,Franco Israel,G,Panchina,0,0,
36,13980073,Torino,Adrien Tameze,D,Panchina,0,0,
36,13980073,Torino,Cristiano Biraghi,D,Panchina,0,0,
36,13980073,Torino,Guillermo Maripán,D,Panchina,0,0,
36,13980073,Torino,Zanos Savva,M,Panchina,0,0,
36,13980073,Torino,Ivan Ilić,M,Panchina,0,0,
36,13980073,Torino,Cesare Casadei,M,Panchina,0,0,
36,13980073,Torino,Tommaso Gabellini,F,Panchina,0,0,
36,13980073,Torino,Che Adams,F,Panchina,0,0,
36,13980073,Sassuolo,Arijanet Murić,G,Titolare,0,0,
36,13980073,Sassuolo,Woyo Coulibaly,D,Titolare,0,0,
36,13980073,Sassuolo,Sebastian Walukiewicz,D,Titolare,0,0,
36,13980073,Sassuolo,Tarik Muharemović,D,Titolare,0,0,
36,13980073,Sassuolo,Josh Doig,D,Titolare,0,0,
36,13980073,Sassuolo,Luca Lipani,M,Titolare,0,0,
36,13980073,Sassuolo,Nemanja Matić,M,Titolare,0,0,
36,13980073,Sassuolo,Kristian Thorstvedt,M,Titolare,0,0,
36,13980073,Sassuolo,Cristian Volpato,M,Titolare,0,0,
36,13980073,Sassuolo,Andrea Pinamonti,F,Titolare,0,0,
36,13980073,Sassuolo,Armand Laurienté,F,Titolare,0,0,
36,13980073,Sassuolo,Ismael Koné,M,Panchina,0,0,
36,13980073,Sassuolo,Domenico Berardi,F,Panchina,0,0,
36,13980073,Sassuolo,Ulisses Garcia,D,Panchina,0,0,
36,13980073,Sassuolo,M'bala Nzola,F,Panchina,0,0,
36,13980073,Sassuolo,Darryl Bakola,M,Panchina,0,0,
36,13980073,Sassuolo,Giacomo Satalino,G,Panchina,0,0,
36,13980073,Sassuolo,Gioele Zacchi,G,Panchina,0,0,
36,13980073,Sassuolo,Pedro Felipe,D,Panchina,0,0,
36,13980073,Sassuolo,Filippo Romagna,D,Panchina,0,0,
36,13980073,Sassuolo,Christian Frangella,M,Panchina,0,0,
36,13980073,Sassuolo,Aster Vranckx,M,Panchina,0,0,
36,13980073,Sassuolo,Edoardo Iannoni,M,Panchina,0,0,
36,13980073,Sassuolo,Luca Moro,F,Panchina,0,0,
36,13980085,Fiorentina,David De Gea,G,Titolare,0,0,
36,13980085,Fiorentina,Dodô,M,Titolare,0,0,
36,13980085,Fiorentina,Marin Pongračić,D,Titolare,0,0,
36,13980085,Fiorentina,Luca Ranieri,D,Titolare,0,0,
36,13980085,Fiorentina,Robin Gosens,D,Titolare,0,0,
36,13980085,Fiorentina,Rolando Mandragora,M,Titolare,0,0,
36,13980085,Fiorentina,Nicolò Fagioli,M,Titolare,0,0,
36,13980085,Fiorentina,Cher Ndour,M,Titolare,0,0,
36,13980085,Fiorentina,Fabiano Parisi,D,Titolare,0,0,
36,13980085,Fiorentina,Riccardo Braschi,F,Titolare,0,0,
36,13980085,Fiorentina,Manor Solomon,F,Titolare,0,0,
36,13980085,Fiorentina,Roberto Piccoli,F,Panchina,0,0,
36,13980085,Fiorentina,Marco Brescianini,M,Panchina,0,0,
36,13980085,Fiorentina,Giovanni Fabbian,M,Panchina,0,0,
36,13980085,Fiorentina,Albert Guðmundsson,F,Panchina,0,0,
36,13980085,Fiorentina,Luca Lezzerini,G,Panchina,0,0,
36,13980085,Fiorentina,Oliver Christensen,G,Panchina,0,0,
36,13980085,Fiorentina,Pietro Comuzzo,D,Panchina,0,0,
36,13980085,Fiorentina,Eman Košpo,D,Panchina,0,0,
36,13980085,Fiorentina,Eddy Kouadio,D,Panchina,0,0,
36,13980085,Fiorentina,Luís Balbo,D,Panchina,0,0,
36,13980085,Fiorentina,Niccolò Fortini,D,Panchina,0,0,
36,13980085,Fiorentina,Daniele Rugani,D,Panchina,0,0,
36,13980085,Fiorentina,Jack Harrison,F,Panchina,0,0,
36,13980085,Fiorentina,Jacopo Fazzini,F,Panchina,0,0,
36,13980085,Genoa,Justin Bijlow,G,Titolare,0,0,
36,13980085,Genoa,Alessandro Marcandalli,D,Titolare,0,0,
36,13980085,Genoa,Leo Østigård,D,Titolare,0,0,
36,13980085,Genoa,Nils Zätterström,D,Titolare,0,0,
36,13980085,Genoa,Mikael Ellertsson,M,Titolare,0,0,
36,13980085,Genoa,Alexsandro Amorim,M,Titolare,0,0,
36,13980085,Genoa,Morten Frendrup,M,Titolare,0,0,
36,13980085,Genoa,Aarón Martín,M,Titolare,0,0,
36,13980085,Genoa,Jeff Ekhator,F,Titolare,0,0,
36,13980085,Genoa,Vitinha,F,Titolare,0,0,
36,13980085,Genoa,Lorenzo Colombo,F,Titolare,0,0,
36,13980085,Genoa,Caleb Ekuban,F,Panchina,0,0,
36,13980085,Genoa,Wedtoin Latif Ouedraogo,D,Panchina,0,0,
36,13980085,Genoa,Ruslan Malinovskyi,M,Panchina,0,0,
36,13980085,Genoa,Mamedi Doucoure,D,Panchina,0,0,
36,13980085,Genoa,Patrizio Masini,M,Panchina,0,0,
36,13980085,Genoa,Daniele Sommariva,G,Panchina,0,0,
36,13980085,Genoa,Nicola Leali,G,Panchina,0,0,
36,13980085,Genoa,Johan Vásquez,D,Panchina,0,0,
36,13980085,Genoa,Jacopo Grossi,M,Panchina,0,0,
36,13980085,Genoa,Jean Onana,M,Panchina,0,0,
36,13980085,Genoa,Stefano Sabelli,M,Panchina,0,0,
36,13980088,Cagliari,Elia Caprile,G,Titolare,0,0,
36,13980088,Cagliari,Marco Palestra,M,Titolare,0,0,
36,13980088,Cagliari,Zé Pedro,D,Titolare,0,0,
36,13980088,Cagliari,Alberto Dossena,D,Titolare,0,0,
36,13980088,Cagliari,Juan Rodríguez,D,Titolare,0,0,
36,13980088,Cagliari,Adam Obert,D,Titolare,0,0,
36,13980088,Cagliari,Michel Adopo,M,Titolare,0,0,
36,13980088,Cagliari,Gianluca Gaetano,M,Titolare,0,0,
36,13980088,Cagliari,Michael Folorunsho,M,Titolare,0,0,
36,13980088,Cagliari,Sebastiano Esposito,F,Titolare,0,0,
36,13980088,Cagliari,Paul Mendy,F,Titolare,0,0,
36,13980088,Cagliari,Gabriele Zappa,D,Panchina,0,0,
36,13980088,Cagliari,Sulemana,M,Panchina,0,0,
36,13980088,Cagliari,Agustín Albarracín,M,Panchina,0,0,
36,13980088,Cagliari,Yael Trepy,F,Panchina,0,0,
36,13980088,Cagliari,Andrea Belotti,F,Panchina,0,0,
36,13980088,Cagliari,Giuseppe Ciocci,G,Panchina,0,0,
36,13980088,Cagliari,Alen Sherri,G,Panchina,0,0,
36,13980088,Cagliari,Othniël Raterink,D,Panchina,0,0,
36,13980088,Cagliari,Yerry Mina,D,Panchina,0,0,
36,13980088,Cagliari,Alessandro Deiola,M,Panchina,0,0,
36,13980088,Cagliari,Roberto Malfitano,M,Panchina,0,0,
36,13980088,Cagliari,Semih Kılıçsoy,F,Panchina,0,0,
36,13980088,Udinese,Maduka Okoye,G,Titolare,0,0,
36,13980088,Udinese,Branimir Mlačić,D,Titolare,0,0,
36,13980088,Udinese,Thomas Kristensen,D,Titolare,0,0,
36,13980088,Udinese,Oumar Solet,D,Titolare,0,0,
36,13980088,Udinese,Kingsley Ehizibue,M,Titolare,0,0,
36,13980088,Udinese,Jakub Piotrowski,M,Titolare,0,0,
36,13980088,Udinese,Jesper Karlström,M,Titolare,0,0,
36,13980088,Udinese,Hassane Kamara,M,Titolare,0,0,
36,13980088,Udinese,Nicolò Zaniolo,F,Titolare,0,0,
36,13980088,Udinese,Adam Buksa,F,Titolare,0,0,
36,13980088,Udinese,Arthur Atta,M,Titolare,0,0,
36,13980088,Udinese,Nicolò Bertola,D,Panchina,0,0,
36,13980088,Udinese,Lennon Miller,M,Panchina,0,0,
36,13980088,Udinese,Keinan Davis,F,Panchina,0,0,
36,13980088,Udinese,Juan Arizala,M,Panchina,0,0,
36,13980088,Udinese,Idrissa Gueye,F,Panchina,0,0,
36,13980088,Udinese,Răzvan Sava,G,Panchina,0,0,
36,13980088,Udinese,Daniele Padelli,G,Panchina,0,0,
36,13980088,Udinese,Alessandro Nunziante,G,Panchina,0,0,
36,13980088,Udinese,Oier Zarraga,M,Panchina,0,0,
36,13980088,Udinese,Jordan Zemura,M,Panchina,0,0,
36,13980088,Udinese,Abdoulaye Camara,M,Panchina,0,0,
36,13980088,Udinese,Vakoun Issouf Bayo,F,Panchina,0,0,
36,13980089,SSC Napoli,Vanja Milinković-Savić,G,Titolare,0,0,
36,13980089,SSC Napoli,Giovanni Di Lorenzo,D,Titolare,0,0,
36,13980089,SSC Napoli,Amir Rrahmani,D,Titolare,0,0,
36,13980089,SSC Napoli,Alessandro Buongiorno,D,Titolare,0,0,
36,13980089,SSC Napoli,Matteo Politano,M,Titolare,0,0,
36,13980089,SSC Napoli,Stanislav Lobotka,M,Titolare,0,0,
36,13980089,SSC Napoli,Scott McTominay,M,Titolare,0,0,
36,13980089,SSC Napoli,Miguel Gutiérrez,D,Titolare,0,0,
36,13980089,SSC Napoli,Giovane,F,Titolare,0,0,
36,13980089,SSC Napoli,Alisson Santos,F,Titolare,0,0,
36,13980089,SSC Napoli,Rasmus Højlund,F,Titolare,0,0,
36,13980089,SSC Napoli,Eljif Elmas,M,Panchina,0,0,
36,13980089,SSC Napoli,Billy Gilmour,M,Panchina,0,0,
36,13980089,SSC Napoli,Leonardo Spinazzola,D,Panchina,0,0,
36,13980089,SSC Napoli,Pasquale Mazzocchi,M,Panchina,0,0,
36,13980089,SSC Napoli,Nikita Contini,G,Panchina,0,0,
36,13980089,SSC Napoli,Alex Meret,G,Panchina,0,0,
36,13980089,SSC Napoli,Juan Jesus,D,Panchina,0,0,
36,13980089,SSC Napoli,Mathías Olivera,D,Panchina,0,0,
36,13980089,SSC Napoli,Sam Beukema,D,Panchina,0,0,
36,13980089,SSC Napoli,Frank Anguissa,M,Panchina,0,0,
36,13980089,SSC Napoli,Antonio Vergara,F,Panchina,0,0,
36,13980089,Bologna,Massimo Pessina,G,Titolare,0,0,
36,13980089,Bologna,João Mário,D,Titolare,0,0,
36,13980089,Bologna,Eivind Helland,D,Titolare,0,0,
36,13980089,Bologna,Jhon Lucumí,D,Titolare,0,0,
36,13980089,Bologna,Juan Miranda,D,Titolare,0,0,
36,13980089,Bologna,Tommaso Pobega,M,Titolare,0,0,
36,13980089,Bologna,Remo Freuler,M,Titolare,0,0,
36,13980089,Bologna,Lewis Ferguson,M,Titolare,0,0,
36,13980089,Bologna,Riccardo Orsolini,M,Titolare,0,0,
36,13980089,Bologna,Santiago Castro,F,Titolare,0,0,
36,13980089,Bologna,Federico Bernardeschi,F,Titolare,0,0,
36,13980089,Bologna,Nadir Zortea,D,Panchina,0,0,
36,13980089,Bologna,Jonathan Rowe,F,Panchina,0,0,
36,13980089,Bologna,Simon Sohm,M,Panchina,0,0,
36,13980089,Bologna,Torbjørn Heggem,D,Panchina,0,0,
36,13980089,Bologna,Nikola Moro,M,Panchina,0,0,
36,13980089,Bologna,Federico Ravaglia,G,Panchina,0,0,
36,13980089,Bologna,Łukasz Skorupski,G,Panchina,0,0,
36,13980089,Bologna,Lorenzo De Silvestri,D,Panchina,0,0,
36,13980089,Bologna,Charalampos Lykogiannis,D,Panchina,0,0,
36,13980089,Bologna,Jens Odgaard,M,Panchina,0,0,
36,13980089,Bologna,Benjamín Domínguez,M,Panchina,0,0,
36,13980089,Bologna,Thijs Dallinga,F,Panchina,0,0,
36,13980090,Lazio,Edoardo Motta,G,Titolare,0,0,
36,13980090,Lazio,Adam Marušić,D,Titolare,0,0,
36,13980090,Lazio,Mario Gila,D,Titolare,0,0,
36,13980090,Lazio,Alessio Romagnoli,D,Titolare,0,0,
36,13980090,Lazio,Luca Pellegrini,D,Titolare,0,0,
36,13980090,Lazio,Fisayo Dele-Bashiru,M,Titolare,0,0,
36,13980090,Lazio,Nicolò Rovella,M,Titolare,0,0,
36,13980090,Lazio,Toma Bašić,M,Titolare,0,0,
36,13980090,Lazio,Matteo Cancellieri,F,Titolare,0,0,
36,13980090,Lazio,Tijjani Noslin,F,Titolare,0,0,
36,13980090,Lazio,Pedro,F,Titolare,0,0,
36,13980090,Lazio,Patric,D,Panchina,0,0,
36,13980090,Lazio,Oliver Provstgaard,D,Panchina,0,0,
36,13980090,Lazio,Gustav Isaksen,F,Panchina,0,0,
36,13980090,Lazio,Boulaye Dia,F,Panchina,0,0,
36,13980090,Lazio,Manuel Lazzari,D,Panchina,0,0,
36,13980090,Lazio,Alessio Furlanetto,G,Panchina,0,0,
36,13980090,Lazio,Giacomo Giacomone,G,Panchina,0,0,
36,13980090,Lazio,Nuno Tavares,D,Panchina,0,0,
36,13980090,Lazio,Samuel Gigot,D,Panchina,0,0,
36,13980090,Lazio,Elseid Hysaj,D,Panchina,0,0,
36,13980090,Lazio,Reda Belahyane,M,Panchina,0,0,
36,13980090,Lazio,Adrian Przyborek,M,Panchina,0,0,
36,13980090,Lazio,Kenneth Taylor,M,Panchina,0,0,
36,13980090,Lazio,Daniel Maldini,F,Panchina,0,0,
36,13980090,Lazio,Petar Ratkov,F,Panchina,0,0,
36,13980090,Inter,Josep Martínez,G,Titolare,0,0,
36,13980090,Inter,Yann Bisseck,D,Titolare,0,0,
36,13980090,Inter,Francesco Acerbi,D,Titolare,0,0,
36,13980090,Inter,Alessandro Bastoni,D,Titolare,0,0,
36,13980090,Inter,Andy Diouf,M,Titolare,0,0,
36,13980090,Inter,Nicolò Barella,M,Titolare,0,0,
36,13980090,Inter,Petar Sučić,M,Titolare,0,0,
36,13980090,Inter,Henrikh Mkhitaryan,M,Titolare,0,0,
36,13980090,Inter,Carlos Augusto,D,Titolare,0,0,
36,13980090,Inter,Marcus Thuram,F,Titolare,0,0,
36,13980090,Inter,Lautaro Martínez,F,Titolare,0,0,
36,13980090,Inter,Davide Frattesi,M,Panchina,0,0,
36,13980090,Inter,Ange-Yoan Bonny,F,Panchina,0,0,
36,13980090,Inter,Denzel Dumfries,M,Panchina,0,0,
36,13980090,Inter,Luís Henrique,M,Panchina,0,0,
36,13980090,Inter,Mattia Mosconi,F,Panchina,0,0,
36,13980090,Inter,Yann Sommer,G,Panchina,0,0,
36,13980090,Inter,Raffaele Di Gennaro,G,Panchina,0,0,
36,13980090,Inter,Manuel Akanji,D,Panchina,0,0,
36,13980090,Inter,Matteo Darmian,D,Panchina,0,0,
36,13980090,Inter,Stefan de Vrij,D,Panchina,0,0,
36,13980090,Inter,Piotr Zieliński,M,Panchina,0,0,
36,13980090,Inter,Matteo Cocchi,M,Panchina,0,0,
36,13980090,Inter,Federico Dimarco,M,Panchina,0,0,
36,13980092,Lecce,Wladimiro Falcone,G,Titolare,0,0,
36,13980092,Lecce,Danilo Veiga,D,Titolare,0,0,
36,13980092,Lecce,Jamil Siebert,D,Titolare,0,0,
36,13980092,Lecce,Tiago Gabriel,D,Titolare,0,0,
36,13980092,Lecce,Antonino Gallo,D,Titolare,0,0,
36,13980092,Lecce,Ylber Ramadani,M,Titolare,0,0,
36,13980092,Lecce,Oumar Ngom,M,Titolare,0,0,
36,13980092,Lecce,Santiago Pierotti,F,Titolare,0,0,
36,13980092,Lecce,Lassana Coulibaly,M,Titolare,0,0,
36,13980092,Lecce,Lameck Banda,M,Titolare,0,0,
36,13980092,Lecce,Walid Cheddira,F,Titolare,0,0,
36,13980092,Lecce,Gaby Jean,D,Panchina,0,0,
36,13980092,Lecce,Þórir Jóhann Helgason,M,Panchina,0,0,
36,13980092,Lecce,Francesco Camarda,F,Panchina,0,0,
36,13980092,Lecce,N'Dri Konan,F,Panchina,0,0,
36,13980092,Lecce,Jasper Samooja,G,Panchina,0,0,
36,13980092,Lecce,Christian Früchtl,G,Panchina,0,0,
36,13980092,Lecce,Matías Pérez,D,Panchina,0,0,
36,13980092,Lecce,Corrie Ndaba,D,Panchina,0,0,
36,13980092,Lecce,Omri Gandelman,M,Panchina,0,0,
36,13980092,Lecce,Olaf Gorter,M,Panchina,0,0,
36,13980092,Lecce,Niko Kovač,M,Panchina,0,0,
36,13980092,Lecce,Filip Marchwiński,M,Panchina,0,0,
36,13980092,Lecce,Alex Sala,M,Panchina,0,0,
36,13980092,Lecce,Nikola Štulić,F,Panchina,0,0,
36,13980092,Juventus,Michele Di Gregorio,G,Titolare,0,0,
36,13980092,Juventus,Pierre Kalulu,D,Titolare,0,0,
36,13980092,Juventus,Bremer,D,Titolare,0,0,
36,13980092,Juventus,Lloyd Kelly,D,Titolare,0,0,
36,13980092,Juventus,Andrea Cambiaso,M,Titolare,0,0,
36,13980092,Juventus,Manuel Locatelli,M,Titolare,0,0,
36,13980092,Juventus,Teun Koopmeiners,M,Titolare,0,0,
36,13980092,Juventus,Francisco Conceição,F,Titolare,0,0,
36,13980092,Juventus,Weston McKennie,M,Titolare,0,0,
36,13980092,Juventus,Kenan Yıldız,F,Titolare,0,0,
36,13980092,Juventus,Dušan Vlahović,F,Titolare,0,0,
36,13980092,Juventus,Emil Holm,D,Panchina,0,0,
36,13980092,Juventus,Jonathan David,F,Panchina,0,0,
36,13980092,Juventus,Jérémie Boga,F,Panchina,0,0,
36,13980092,Juventus,Edon Zhegrova,F,Panchina,0,0,
36,13980092,Juventus,Federico Gatti,D,Panchina,0,0,
36,13980092,Juventus,Mattia Perin,G,Panchina,0,0,
36,13980092,Juventus,Carlo Pinsoglio,G,Panchina,0,0,
36,13980092,Juventus,Vasilije Adžić,M,Panchina,0,0,
36,13980092,Juventus,Filip Kostić,M,Panchina,0,0,
36,13980092,Juventus,Fabio Miretti,M,Panchina,0,0,
36,13980092,Juventus,Khéphren Thuram,M,Panchina,0,0,
36,13980092,Juventus,Loïs Openda,F,Panchina,0,0,
36,13980093,Cremonese,Emil Audero,G,Titolare,0,0,
36,13980093,Cremonese,Filippo Terracciano,D,Titolare,0,0,
36,13980093,Cremonese,Matteo Bianchetti,D,Titolare,0,0,
36,13980093,Cremonese,Sebastiano Luperto,D,Titolare,0,0,
36,13980093,Cremonese,Giuseppe Pezzella,M,Titolare,0,0,
36,13980093,Cremonese,Tommaso Barbieri,M,Titolare,0,0,
36,13980093,Cremonese,Alberto Grassi,M,Titolare,0,0,
36,13980093,Cremonese,Youssef Maleh,M,Titolare,0,0,
36,13980093,Cremonese,Jari Vandeputte,M,Titolare,0,0,
36,13980093,Cremonese,Federico Bonazzoli,F,Titolare,0,0,
36,13980093,Cremonese,Jamie Vardy,F,Titolare,0,0,
36,13980093,Cremonese,Alessio Zerbin,M,Panchina,0,0,
36,13980093,Cremonese,Morten Thorsby,M,Panchina,0,0,
36,13980093,Cremonese,David Okereke,F,Panchina,0,0,
36,13980093,Cremonese,Antonio Sanabria,F,Panchina,0,0,
36,13980093,Cremonese,Francesco Folino,D,Panchina,0,0,
36,13980093,Cremonese,Lapo Nava,G,Panchina,0,0,
36,13980093,Cremonese,Marco Silvestri,G,Panchina,0,0,
36,13980093,Cremonese,Federico Ceccherini,D,Panchina,0,0,
36,13980093,Cremonese,Mikayil Faye,D,Panchina,0,0,
36,13980093,Cremonese,Warren Bondo,M,Panchina,0,0,
36,13980093,Cremonese,Michele Collocolo,M,Panchina,0,0,
36,13980093,Cremonese,Milan Đurić,F,Panchina,0,0,
36,13980093,Pisa,Adrian Šemper,G,Titolare,0,0,
36,13980093,Pisa,Simone Canestrelli,D,Titolare,0,0,
36,13980093,Pisa,Antonio Caracciolo,D,Titolare,0,0,
36,13980093,Pisa,Rosen Bozhinov,D,Titolare,0,0,
36,13980093,Pisa,Idrissa Touré,M,Titolare,0,0,
36,13980093,Pisa,Ebenezer Akinsanmiro,M,Titolare,0,0,
36,13980093,Pisa,Felipe Loyola,M,Titolare,0,0,
36,13980093,Pisa,Mehdi Léris,M,Titolare,0,0,
36,13980093,Pisa,Stefano Moreo,F,Titolare,0,0,
36,13980093,Pisa,Isak Vural,M,Titolare,0,0,
36,13980093,Pisa,Filip Stojilković,F,Titolare,0,0,
36,13980093,Pisa,Arturo Calabresi,D,Panchina,0,0,
36,13980093,Pisa,Samuele Angori,M,Panchina,0,0,
36,13980093,Pisa,Malthe Højholt,M,Panchina,0,0,
36,13980093,Pisa,Henrik Wendel Meister,F,Panchina,0,0,
36,13980093,Pisa,Gabriele Piccinini,M,Panchina,0,0,
36,13980093,Pisa,Nícolas,G,Panchina,0,0,
36,13980093,Pisa,Simone Scuffet,G,Panchina,0,0,
36,13980093,Pisa,Raúl Albiol,D,Panchina,0,0,
36,13980093,Pisa,Michel Aebischer,M,Panchina,0,0,
36,13980093,Pisa,Juan Cuadrado,M,Panchina,0,0,
36,13980093,Pisa,Samuel Iling Junior,M,Panchina,0,0,
36,13980093,Pisa,Marius Marin,M,Panchina,0,0,
36,13980093,Pisa,Lorran,M,Panchina,0,0,
36,13980093,Pisa,Rafiu Durosinmi,F,Panchina,0,0,
36,13980096,AC Milan,Mike Maignan,G,Titolare,0,0,
36,13980096,AC Milan,Koni De Winter,D,Titolare,0,0,
36,13980096,AC Milan,Matteo Gabbia,D,Titolare,0,0,
36,13980096,AC Milan,Strahinja Pavlović,D,Titolare,0,0,
36,13980096,AC Milan,Alexis Saelemaekers,M,Titolare,0,0,
36,13980096,AC Milan,Ruben Loftus-Cheek,M,Titolare,0,0,
36,13980096,AC Milan,Samuele Ricci,M,Titolare,0,0,
36,13980096,AC Milan,Adrien Rabiot,M,Titolare,0,0,
36,13980096,AC Milan,Davide Bartesaghi,M,Titolare,0,0,
36,13980096,AC Milan,Santiago Giménez,F,Titolare,0,0,
36,13980096,AC Milan,Rafael Leão,F,Titolare,0,0,
36,13980096,AC Milan,Christopher Nkunku,F,Panchina,0,0,
36,13980096,AC Milan,Zachary Athekame,D,Panchina,0,0,
36,13980096,AC Milan,Youssouf Fofana,M,Panchina,0,0,
36,13980096,AC Milan,Niclas Füllkrug,F,Panchina,0,0,
36,13980096,AC Milan,Pervis Estupiñán,M,Panchina,0,0,
36,13980096,AC Milan,Matteo Pittarella,G,Panchina,0,0,
36,13980096,AC Milan,Pietro Terracciano,G,Panchina,0,0,
36,13980096,AC Milan,David Odogu,D,Panchina,0,0,
36,13980096,AC Milan,Ardon Jashari,M,Panchina,0,0,
36,13980096,Atalanta,Marco Carnesecchi,G,Titolare,0,0,
36,13980096,Atalanta,Giorgio Scalvini,D,Titolare,0,0,
36,13980096,Atalanta,Isak Hien,D,Titolare,0,0,
36,13980096,Atalanta,Sead Kolašinac,D,Titolare,0,0,
36,13980096,Atalanta,Davide Zappacosta,M,Titolare,0,0,
36,13980096,Atalanta,Marten de Roon,M,Titolare,0,0,
36,13980096,Atalanta,Éderson,M,Titolare,0,0,
36,13980096,Atalanta,Nicola Zalewski,M,Titolare,0,0,
36,13980096,Atalanta,Charles De Ketelaere,F,Titolare,0,0,
36,13980096,Atalanta,Giacomo Raspadori,F,Titolare,0,0,
36,13980096,Atalanta,Nikola Krstović,F,Titolare,0,0,
36,13980096,Atalanta,Odilon Kossounou,D,Panchina,0,0,
36,13980096,Atalanta,Raoul Bellanova,M,Panchina,0,0,
36,13980096,Atalanta,Honest Ahanor,D,Panchina,0,0,
36,13980096,Atalanta,Mario Pašalić,M,Panchina,0,0,
36,13980096,Atalanta,Francesco Rossi,G,Panchina,0,0,
36,13980096,Atalanta,Marco Sportiello,G,Panchina,0,0,
36,13980096,Atalanta,Relja Obrić,D,Panchina,0,0,
36,13980096,Atalanta,Mitchel Bakker,D,Panchina,0,0,
36,13980096,Atalanta,Lazar Samardžić,M,Panchina,0,0,
36,13980096,Atalanta,Yunus Musah,M,Panchina,0,0,
36,13980096,Atalanta,Gianluca Scamacca,F,Panchina,0,0,
36,13980096,Atalanta,Kamaldeen Sulemana,F,Panchina,0,0,
36,13980096,Atalanta,Dominic Vavassori,F,Panchina,0,0,
37,13980058,Atalanta,Marco Carnesecchi,G,Titolare,0,0,
37,13980058,Atalanta,Giorgio Scalvini,D,Titolare,0,0,
37,13980058,Atalanta,Berat Djimsiti,D,Titolare,0,0,
37,13980058,Atalanta,Honest Ahanor,D,Titolare,0,0,
37,13980058,Atalanta,Davide Zappacosta,M,Titolare,0,0,
37,13980058,Atalanta,Marten de Roon,M,Titolare,0,0,
37,13980058,Atalanta,Éderson,M,Titolare,0,0,
37,13980058,Atalanta,Nicola Zalewski,M,Titolare,0,0,
37,13980058,Atalanta,Charles De Ketelaere,F,Titolare,0,0,
37,13980058,Atalanta,Giacomo Raspadori,F,Titolare,0,0,
37,13980058,Atalanta,Nikola Krstović,F,Titolare,0,0,
37,13980058,Atalanta,Mario Pašalić,M,Panchina,0,0,
37,13980058,Atalanta,Yunus Musah,M,Panchina,0,0,
37,13980058,Atalanta,Kamaldeen Sulemana,F,Panchina,0,0,
37,13980058,Atalanta,Mitchel Bakker,D,Panchina,0,0,
37,13980058,Atalanta,Sead Kolašinac,D,Panchina,0,0,
37,13980058,Atalanta,Francesco Rossi,G,Panchina,0,0,
37,13980058,Atalanta,Marco Sportiello,G,Panchina,0,0,
37,13980058,Atalanta,Relja Obrić,D,Panchina,0,0,
37,13980058,Atalanta,Lazar Samardžić,M,Panchina,0,0,
37,13980058,Atalanta,Raoul Bellanova,M,Panchina,0,0,
37,13980058,Atalanta,Gianluca Scamacca,F,Panchina,0,0,
37,13980058,Atalanta,Dominic Vavassori,F,Panchina,0,0,
37,13980058,Bologna,Łukasz Skorupski,G,Titolare,0,0,
37,13980058,Bologna,João Mário,D,Titolare,0,0,
37,13980058,Bologna,Eivind Helland,D,Titolare,0,0,
37,13980058,Bologna,Torbjørn Heggem,D,Titolare,0,0,
37,13980058,Bologna,Juan Miranda,D,Titolare,0,0,
37,13980058,Bologna,Lewis Ferguson,M,Titolare,0,0,
37,13980058,Bologna,Remo Freuler,M,Titolare,0,0,
37,13980058,Bologna,Tommaso Pobega,M,Titolare,0,0,
37,13980058,Bologna,Federico Bernardeschi,F,Titolare,0,0,
37,13980058,Bologna,Santiago Castro,F,Titolare,0,0,
37,13980058,Bologna,Jonathan Rowe,F,Titolare,0,0,
37,13980058,Bologna,Nikola Moro,M,Panchina,0,0,
37,13980058,Bologna,Riccardo Orsolini,M,Panchina,0,0,
37,13980058,Bologna,Thijs Dallinga,F,Panchina,0,0,
37,13980058,Bologna,Benjamín Domínguez,M,Panchina,0,0,
37,13980058,Bologna,Federico Ravaglia,G,Panchina,0,0,
37,13980058,Bologna,Massimo Pessina,G,Panchina,0,0,
37,13980058,Bologna,Charalampos Lykogiannis,D,Panchina,0,0,
37,13980058,Bologna,Lorenzo De Silvestri,D,Panchina,0,0,
37,13980058,Bologna,Nadir Zortea,D,Panchina,0,0,
37,13980058,Bologna,Bodin Tomašević,D,Panchina,0,0,
37,13980058,Bologna,Simon Sohm,M,Panchina,0,0,
37,13980058,Bologna,Jens Odgaard,M,Panchina,0,0,
37,13980060,Cagliari,Elia Caprile,G,Titolare,0,0,
37,13980060,Cagliari,Gabriele Zappa,D,Titolare,0,0,
37,13980060,Cagliari,Yerry Mina,D,Titolare,0,0,
37,13980060,Cagliari,Alberto Dossena,D,Titolare,0,0,
37,13980060,Cagliari,Adam Obert,D,Titolare,0,0,
37,13980060,Cagliari,Michel Adopo,M,Titolare,0,0,
37,13980060,Cagliari,Gianluca Gaetano,M,Titolare,0,0,
37,13980060,Cagliari,Alessandro Deiola,M,Titolare,0,0,
37,13980060,Cagliari,Marco Palestra,M,Titolare,0,0,
37,13980060,Cagliari,Sebastiano Esposito,F,Titolare,0,0,
37,13980060,Cagliari,Paul Mendy,F,Titolare,0,0,
37,13980060,Cagliari,Sulemana,M,Panchina,0,0,
37,13980060,Cagliari,Michael Folorunsho,M,Panchina,0,0,
37,13980060,Cagliari,Juan Rodríguez,D,Panchina,0,0,
37,13980060,Cagliari,Andrea Belotti,F,Panchina,0,0,
37,13980060,Cagliari,Giuseppe Ciocci,G,Panchina,0,0,
37,13980060,Cagliari,Alen Sherri,G,Panchina,0,0,
37,13980060,Cagliari,Agustín Albarracín,M,Panchina,0,0,
37,13980060,Cagliari,Gennaro Borrelli,F,Panchina,0,0,
37,13980060,Cagliari,Semih Kılıçsoy,F,Panchina,0,0,
37,13980060,Torino,Alberto Paleari,G,Titolare,0,0,
37,13980060,Torino,Luca Marianucci,D,Titolare,0,0,
37,13980060,Torino,Saúl Coco,D,Titolare,0,0,
37,13980060,Torino,Enzo Ebosse,D,Titolare,0,0,
37,13980060,Torino,Marcus Pedersen,M,Titolare,0,0,
37,13980060,Torino,Emirhan İlkhan,M,Titolare,0,0,
37,13980060,Torino,Matteo Prati,M,Titolare,0,0,
37,13980060,Torino,Rafael Obrador,M,Titolare,0,0,
37,13980060,Torino,Giovanni Simeone,F,Titolare,0,0,
37,13980060,Torino,Nikola Vlašić,M,Titolare,0,0,
37,13980060,Torino,Duván Zapata,F,Titolare,0,0,
37,13980060,Torino,Guillermo Maripán,D,Panchina,0,0,
37,13980060,Torino,Cesare Casadei,M,Panchina,0,0,
37,13980060,Torino,Che Adams,F,Panchina,0,0,
37,13980060,Torino,Alieu Njie,F,Panchina,0,0,
37,13980060,Torino,Sandro Kulenović,F,Panchina,0,0,
37,13980060,Torino,Franco Israel,G,Panchina,0,0,
37,13980060,Torino,Lapo Siviero,G,Panchina,0,0,
37,13980060,Torino,Niels Nkounkou,D,Panchina,0,0,
37,13980060,Torino,Cristiano Biraghi,D,Panchina,0,0,
37,13980060,Torino,Mattia Pellini,D,Panchina,0,0,
37,13980060,Torino,Valentino Lazaro,M,Panchina,0,0,
37,13980060,Torino,Zanos Savva,M,Panchina,0,0,
37,13980060,Torino,Wisdom Acquah,M,Panchina,0,0,
37,13980060,Torino,Ivan Ilić,M,Panchina,0,0,
37,13980060,Torino,Sergiu Perciun,M,Panchina,0,0,
37,13980063,AS Roma,Mile Svilar,G,Titolare,0,0,
37,13980063,AS Roma,Gianluca Mancini,D,Titolare,0,0,
37,13980063,AS Roma,Evan Ndicka,D,Titolare,0,0,
37,13980063,AS Roma,Mario Hermoso,D,Titolare,0,0,
37,13980063,AS Roma,Zeki Çelik,D,Titolare,0,0,
37,13980063,AS Roma,Bryan Cristante,M,Titolare,0,0,
37,13980063,AS Roma,Neil El Aynaoui,M,Titolare,0,0,
37,13980063,AS Roma,Wesley,M,Titolare,0,0,
37,13980063,AS Roma,Paulo Dybala,F,Titolare,0,0,
37,13980063,AS Roma,Niccolò Pisilli,M,Titolare,0,0,
37,13980063,AS Roma,Donyell Malen,F,Titolare,0,0,
37,13980063,AS Roma,Devyne Rensch,M,Panchina,0,0,
37,13980063,AS Roma,Stephan El Shaarawy,F,Panchina,0,0,
37,13980063,AS Roma,Jan Ziółkowski,D,Panchina,0,0,
37,13980063,AS Roma,Matías Soulé,F,Panchina,0,0,
37,13980063,AS Roma,Artem Dovbyk,F,Panchina,0,0,
37,13980063,AS Roma,Pierluigi Gollini,G,Panchina,0,0,
37,13980063,AS Roma,Giorgio De Marzi,G,Panchina,0,0,
37,13980063,AS Roma,Daniele Ghilardi,D,Panchina,0,0,
37,13980063,AS Roma,Kostas Tsimikas,D,Panchina,0,0,
37,13980063,AS Roma,Angeliño,M,Panchina,0,0,
37,13980063,AS Roma,Robinio Vaz,F,Panchina,0,0,
37,13980063,Lazio,Alessio Furlanetto,G,Titolare,0,0,
37,13980063,Lazio,Adam Marušić,D,Titolare,0,0,
37,13980063,Lazio,Mario Gila,D,Titolare,0,0,
37,13980063,Lazio,Oliver Provstgaard,D,Titolare,0,0,
37,13980063,Lazio,Nuno Tavares,D,Titolare,0,0,
37,13980063,Lazio,Toma Bašić,M,Titolare,0,0,
37,13980063,Lazio,Nicolò Rovella,M,Titolare,0,0,
37,13980063,Lazio,Kenneth Taylor,M,Titolare,0,0,
37,13980063,Lazio,Matteo Cancellieri,F,Titolare,0,0,
37,13980063,Lazio,Boulaye Dia,F,Titolare,0,0,
37,13980063,Lazio,Tijjani Noslin,F,Titolare,0,0,
37,13980063,Lazio,Fisayo Dele-Bashiru,M,Panchina,0,0,
37,13980063,Lazio,Daniel Maldini,F,Panchina,0,0,
37,13980063,Lazio,Gustav Isaksen,F,Panchina,0,0,
37,13980063,Lazio,Manuel Lazzari,D,Panchina,0,0,
37,13980063,Lazio,Pedro,F,Panchina,0,0,
37,13980063,Lazio,Giacomo Giacomone,G,Panchina,0,0,
37,13980063,Lazio,Nicolo Pannozzo,G,Panchina,0,0,
37,13980063,Lazio,Samuel Gigot,D,Panchina,0,0,
37,13980063,Lazio,Luca Pellegrini,D,Panchina,0,0,
37,13980063,Lazio,Elseid Hysaj,D,Panchina,0,0,
37,13980063,Lazio,Adrian Przyborek,M,Panchina,0,0,
37,13980063,Lazio,Danilo Cataldi,M,Panchina,0,0,
37,13980063,Lazio,Reda Belahyane,M,Panchina,0,0,
37,13980063,Lazio,Petar Ratkov,F,Panchina,0,0,
37,13980065,Pisa,Adrian Šemper,G,Titolare,0,0,
37,13980065,Pisa,Arturo Calabresi,D,Titolare,0,0,
37,13980065,Pisa,Antonio Caracciolo,D,Titolare,0,0,
37,13980065,Pisa,Simone Canestrelli,D,Titolare,0,0,
37,13980065,Pisa,Mehdi Léris,M,Titolare,0,0,
37,13980065,Pisa,Michel Aebischer,M,Titolare,0,0,
37,13980065,Pisa,Malthe Højholt,M,Titolare,0,0,
37,13980065,Pisa,Ebenezer Akinsanmiro,M,Titolare,0,0,
37,13980065,Pisa,Samuele Angori,M,Titolare,0,0,
37,13980065,Pisa,Stefano Moreo,F,Titolare,0,0,
37,13980065,Pisa,Filip Stojilković,F,Titolare,0,0,
37,13980065,Pisa,Gabriele Piccinini,M,Panchina,0,0,
37,13980065,Pisa,Henrik Wendel Meister,F,Panchina,0,0,
37,13980065,Pisa,Juan Cuadrado,M,Panchina,0,0,
37,13980065,Pisa,Idrissa Touré,M,Panchina,0,0,
37,13980065,Pisa,Isak Vural,M,Panchina,0,0,
37,13980065,Pisa,Simone Scuffet,G,Panchina,0,0,
37,13980065,Pisa,Nícolas,G,Panchina,0,0,
37,13980065,Pisa,Raúl Albiol,D,Panchina,0,0,
37,13980065,Pisa,Marius Marin,M,Panchina,0,0,
37,13980065,Pisa,Calvin Stengs,M,Panchina,0,0,
37,13980065,Pisa,Brando Bettazzi,M,Panchina,0,0,
37,13980065,Pisa,Samuel Iling Junior,M,Panchina,0,0,
37,13980065,Pisa,Rafiu Durosinmi,F,Panchina,0,0,
37,13980065,SSC Napoli,Alex Meret,G,Titolare,0,0,
37,13980065,SSC Napoli,Sam Beukema,D,Titolare,0,0,
37,13980065,SSC Napoli,Amir Rrahmani,D,Titolare,0,0,
37,13980065,SSC Napoli,Alessandro Buongiorno,D,Titolare,0,0,
37,13980065,SSC Napoli,Giovanni Di Lorenzo,D,Titolare,0,0,
37,13980065,SSC Napoli,Stanislav Lobotka,M,Titolare,0,0,
37,13980065,SSC Napoli,Scott McTominay,M,Titolare,0,0,
37,13980065,SSC Napoli,Leonardo Spinazzola,D,Titolare,0,0,
37,13980065,SSC Napoli,Eljif Elmas,M,Titolare,0,0,
37,13980065,SSC Napoli,Rasmus Højlund,F,Titolare,0,0,
37,13980065,SSC Napoli,Alisson Santos,F,Titolare,0,0,
37,13980065,SSC Napoli,Mathías Olivera,D,Panchina,0,0,
37,13980065,SSC Napoli,Kevin De Bruyne,M,Panchina,0,0,
37,13980065,SSC Napoli,Miguel Gutiérrez,D,Panchina,0,0,
37,13980065,SSC Napoli,Antonio Vergara,F,Panchina,0,0,
37,13980065,SSC Napoli,Pasquale Mazzocchi,M,Panchina,0,0,
37,13980065,SSC Napoli,Nikita Contini,G,Panchina,0,0,
37,13980065,SSC Napoli,Vanja Milinković-Savić,G,Panchina,0,0,
37,13980065,SSC Napoli,Juan Jesus,D,Panchina,0,0,
37,13980065,SSC Napoli,Frank Anguissa,M,Panchina,0,0,
37,13980065,SSC Napoli,Billy Gilmour,M,Panchina,0,0,
37,13980065,SSC Napoli,Giovane,F,Panchina,0,0,
37,13980067,Inter,Yann Sommer,G,Titolare,0,0,
37,13980067,Inter,Matteo Darmian,D,Titolare,0,0,
37,13980067,Inter,Stefan de Vrij,D,Titolare,0,0,
37,13980067,Inter,Francesco Acerbi,D,Titolare,0,0,
37,13980067,Inter,Luís Henrique,M,Titolare,0,0,
37,13980067,Inter,Andy Diouf,M,Titolare,0,0,
37,13980067,Inter,Petar Sučić,M,Titolare,0,0,
37,13980067,Inter,Henrikh Mkhitaryan,M,Titolare,0,0,
37,13980067,Inter,Carlos Augusto,D,Titolare,0,0,
37,13980067,Inter,Ange-Yoan Bonny,F,Titolare,0,0,
37,13980067,Inter,Lautaro Martínez,F,Titolare,0,0,
37,13980067,Inter,Piotr Zieliński,M,Panchina,0,0,
37,13980067,Inter,Federico Dimarco,M,Panchina,0,0,
37,13980067,Inter,Francesco Pio Esposito,F,Panchina,0,0,
37,13980067,Inter,Mattia Mosconi,F,Panchina,0,0,
37,13980067,Inter,Raffaele Di Gennaro,G,Panchina,0,0,
37,13980067,Inter,Josep Martínez,G,Panchina,0,0,
37,13980067,Inter,Manuel Akanji,D,Panchina,0,0,
37,13980067,Inter,Alessandro Bastoni,D,Panchina,0,0,
37,13980067,Inter,Yann Bisseck,D,Panchina,0,0,
37,13980067,Inter,Nicolò Barella,M,Panchina,0,0,
37,13980067,Inter,Denzel Dumfries,M,Panchina,0,0,
37,13980067,Inter,Matteo Cocchi,M,Panchina,0,0,
37,13980067,Inter,Davide Frattesi,M,Panchina,0,0,
37,13980067,Inter,Hakan Çalhanoğlu,M,Panchina,0,0,
37,13980067,Inter,Marcus Thuram,F,Panchina,0,0,
37,13980067,Hellas Verona,Lorenzo Montipò,G,Titolare,0,0,
37,13980067,Hellas Verona,Rafik Belghali,M,Titolare,0,0,
37,13980067,Hellas Verona,Victor Nelsson,D,Titolare,0,0,
37,13980067,Hellas Verona,Andrias Edmundsson,D,Titolare,0,0,
37,13980067,Hellas Verona,Nicolás Valentini,D,Titolare,0,0,
37,13980067,Hellas Verona,Martin Frese,D,Titolare,0,0,
37,13980067,Hellas Verona,Sandi Lovrić,M,Titolare,0,0,
37,13980067,Hellas Verona,Roberto Gagliardini,M,Titolare,0,0,
37,13980067,Hellas Verona,Antoine Bernede,M,Titolare,0,0,
37,13980067,Hellas Verona,Tomáš Suslov,F,Titolare,0,0,
37,13980067,Hellas Verona,Kieron Bowie,F,Titolare,0,0,
37,13980067,Hellas Verona,Abdou Harroui,M,Panchina,0,0,
37,13980067,Hellas Verona,Jean Daniel Akpa-Akpro,M,Panchina,0,0,
37,13980067,Hellas Verona,Amin Sarr,F,Panchina,0,0,
37,13980067,Hellas Verona,Domagoj Bradarić,M,Panchina,0,0,
37,13980067,Hellas Verona,Ioan Vermesan,F,Panchina,0,0,
37,13980067,Hellas Verona,Giacomo Toniolo,G,Panchina,0,0,
37,13980067,Hellas Verona,Simone Perilli,G,Panchina,0,0,
37,13980067,Hellas Verona,Fallou Cham,D,Panchina,0,0,
37,13980067,Hellas Verona,Tobias Slotsager,D,Panchina,0,0,
37,13980067,Hellas Verona,Pol Lirola,D,Panchina,0,0,
37,13980067,Hellas Verona,Armel Bella-Kotchap,D,Panchina,0,0,
37,13980067,Hellas Verona,Cheikh Niasse,M,Panchina,0,0,
37,13980067,Hellas Verona,Moatasem Al-Musrati,M,Panchina,0,0,
37,13980067,Hellas Verona,Junior Ajayi,F,Panchina,0,0,
37,13980067,Hellas Verona,Isaac,F,Panchina,0,0,
37,13980068,Genoa,Justin Bijlow,G,Titolare,0,0,
37,13980068,Genoa,Mikael Ellertsson,M,Titolare,0,0,
37,13980068,Genoa,Alessandro Marcandalli,D,Titolare,0,0,
37,13980068,Genoa,Sebastian Otoa,D,Titolare,0,0,
37,13980068,Genoa,Johan Vásquez,D,Titolare,0,0,
37,13980068,Genoa,Morten Frendrup,M,Titolare,0,0,
37,13980068,Genoa,Alexsandro Amorim,M,Titolare,0,0,
37,13980068,Genoa,Ruslan Malinovskyi,M,Titolare,0,0,
37,13980068,Genoa,Tommaso Baldanzi,M,Titolare,0,0,
37,13980068,Genoa,Vitinha,F,Titolare,0,0,
37,13980068,Genoa,Lorenzo Colombo,F,Titolare,0,0,
37,13980068,Genoa,Jeff Ekhator,F,Panchina,0,0,
37,13980068,Genoa,Caleb Ekuban,F,Panchina,0,0,
37,13980068,Genoa,Aarón Martín,M,Panchina,0,0,
37,13980068,Genoa,Daniele Sommariva,G,Panchina,0,0,
37,13980068,Genoa,Nicola Leali,G,Panchina,0,0,
37,13980068,Genoa,Lukas Klisys,D,Panchina,0,0,
37,13980068,Genoa,Nils Zätterström,D,Panchina,0,0,
37,13980068,Genoa,Wedtoin Latif Ouedraogo,D,Panchina,0,0,
37,13980068,Genoa,Mamedi Doucoure,D,Panchina,0,0,
37,13980068,Genoa,Jacopo Grossi,M,Panchina,0,0,
37,13980068,Genoa,Stefano Sabelli,M,Panchina,0,0,
37,13980068,Genoa,Patrizio Masini,M,Panchina,0,0,
37,13980068,Genoa,Gael Lafont,M,Panchina,0,0,
37,13980068,AC Milan,Mike Maignan,G,Titolare,0,0,
37,13980068,AC Milan,Fikayo Tomori,D,Titolare,0,0,
37,13980068,AC Milan,Matteo Gabbia,D,Titolare,0,0,
37,13980068,AC Milan,Strahinja Pavlović,D,Titolare,0,0,
37,13980068,AC Milan,Zachary Athekame,D,Titolare,0,0,
37,13980068,AC Milan,Youssouf Fofana,M,Titolare,0,0,
37,13980068,AC Milan,Ardon Jashari,M,Titolare,0,0,
37,13980068,AC Milan,Adrien Rabiot,M,Titolare,0,0,
37,13980068,AC Milan,Davide Bartesaghi,M,Titolare,0,0,
37,13980068,AC Milan,Santiago Giménez,F,Titolare,0,0,
37,13980068,AC Milan,Christopher Nkunku,F,Titolare,0,0,
37,13980068,AC Milan,Samuele Ricci,M,Panchina,0,0,
37,13980068,AC Milan,Niclas Füllkrug,F,Panchina,0,0,
37,13980068,AC Milan,Koni De Winter,D,Panchina,0,0,
37,13980068,AC Milan,Christian Pulišić,F,Panchina,0,0,
37,13980068,AC Milan,Ruben Loftus-Cheek,M,Panchina,0,0,
37,13980068,AC Milan,Pietro Terracciano,G,Panchina,0,0,
37,13980068,AC Milan,Lorenzo Torriani,G,Panchina,0,0,
37,13980068,AC Milan,David Odogu,D,Panchina,0,0,
37,13980068,AC Milan,Valeri Ivanov Vladimirov ,D,Panchina,0,0,
37,13980068,AC Milan,Luka Modrić,M,Panchina,0,0,
37,13980068,AC Milan,Jacopo Sardo,M,Panchina,0,0,
37,13980068,AC Milan,Cheveyo Mul-Balentien,F,Panchina,0,0,
37,13980069,Como,Jean Butez,G,Titolare,0,0,
37,13980069,Como,Ignace Van der Brempt,D,Titolare,0,0,
37,13980069,Como,Jacobo Ramón,D,Titolare,0,0,
37,13980069,Como,Marc Kempf,D,Titolare,0,0,
37,13980069,Como,Alberto Moreno,D,Titolare,0,0,
37,13980069,Como,Lucas Da Cunha,M,Titolare,0,0,
37,13980069,Como,Máximo Perrone,M,Titolare,0,0,
37,13980069,Como,Maxence Caqueret,M,Titolare,0,0,
37,13980069,Como,Martin Baturina,M,Titolare,0,0,
37,13980069,Como,Assane Diao,M,Titolare,0,0,
37,13980069,Como,Anastasios Douvikas,F,Titolare,0,0,
37,13980069,Como,Jesús Rodriguez,M,Panchina,0,0,
37,13980069,Como,Ivan Smolčić,D,Panchina,0,0,
37,13980069,Como,Diego Carlos,D,Panchina,0,0,
37,13980069,Como,Sergi Roberto,M,Panchina,0,0,
37,13980069,Como,Álvaro Morata,F,Panchina,0,0,
37,13980069,Como,Mauro Vigorito,G,Panchina,0,0,
37,13980069,Como,Noel Törnqvist,G,Panchina,0,0,
37,13980069,Como,Nikola Čavlina,G,Panchina,0,0,
37,13980069,Como,Edoardo Goldaniga,D,Panchina,0,0,
37,13980069,Como,Mërgim Vojvoda,D,Panchina,0,0,
37,13980069,Como,Adrian Lahdo,M,Panchina,0,0,
37,13980069,Como,Riccardo Cassano,M,Panchina,0,0,
37,13980069,Como,Nicolas-Gerrit Kühn,F,Panchina,0,0,
37,13980069,Parma,Zion Suzuki,G,Titolare,0,0,
37,13980069,Parma,Alessandro Circati,D,Titolare,0,0,
37,13980069,Parma,Mariano Troilo,D,Titolare,0,0,
37,13980069,Parma,Lautaro Valenti,D,Titolare,0,0,
37,13980069,Parma,Enrico Delprato,D,Titolare,0,0,
37,13980069,Parma,Mandela Keita,M,Titolare,0,0,
37,13980069,Parma,Hans Nicolussi Caviglia,M,Titolare,0,0,
37,13980069,Parma,Christian Ordoñez,M,Titolare,0,0,
37,13980069,Parma,Franco Carboni,M,Titolare,0,0,
37,13980069,Parma,Mateo Pellegrino,F,Titolare,0,0,
37,13980069,Parma,Gabriel Strefezza,F,Titolare,0,0,
37,13980069,Parma,Nesta Elphege,F,Panchina,0,0,
37,13980069,Parma,Oliver Sørensen,M,Panchina,0,0,
37,13980069,Parma,Nahuel Estévez,M,Panchina,0,0,
37,13980069,Parma,Emanuele Valeri,M,Panchina,0,0,
37,13980069,Parma,Daniel Mikołajewski,F,Panchina,0,0,
37,13980069,Parma,Edoardo Corvi,G,Panchina,0,0,
37,13980069,Parma,Gianluca Astaldi,G,Panchina,0,0,
37,13980069,Parma,Abdoulaye Ndiaye,D,Panchina,0,0,
37,13980069,Parma,Marlon Mena,D,Panchina,0,0,
37,13980069,Parma,Edoardo Tigani,M,Panchina,0,0,
37,13980069,Parma,Alessandro Cardinali,M,Panchina,0,0,
37,13980069,Parma,Pontus Almqvist,F,Panchina,0,0,
37,13980075,Juventus,Michele Di Gregorio,G,Titolare,0,0,
37,13980075,Juventus,Pierre Kalulu,D,Titolare,0,0,
37,13980075,Juventus,Bremer,D,Titolare,0,0,
37,13980075,Juventus,Lloyd Kelly,D,Titolare,0,0,
37,13980075,Juventus,Andrea Cambiaso,M,Titolare,0,0,
37,13980075,Juventus,Manuel Locatelli,M,Titolare,0,0,
37,13980075,Juventus,Teun Koopmeiners,M,Titolare,0,0,
37,13980075,Juventus,Francisco Conceição,F,Titolare,0,0,
37,13980075,Juventus,Weston McKennie,M,Titolare,0,0,
37,13980075,Juventus,Kenan Yıldız,F,Titolare,0,0,
37,13980075,Juventus,Dušan Vlahović,F,Titolare,0,0,
37,13980075,Juventus,Jérémie Boga,F,Panchina,0,0,
37,13980075,Juventus,Khéphren Thuram,M,Panchina,0,0,
37,13980075,Juventus,Edon Zhegrova,F,Panchina,0,0,
37,13980075,Juventus,Federico Gatti,D,Panchina,0,0,
37,13980075,Juventus,Fabio Miretti,M,Panchina,0,0,
37,13980075,Juventus,Mattia Perin,G,Panchina,0,0,
37,13980075,Juventus,Carlo Pinsoglio,G,Panchina,0,0,
37,13980075,Juventus,Emil Holm,D,Panchina,0,0,
37,13980075,Juventus,Juan Cabal,D,Panchina,0,0,
37,13980075,Juventus,Filip Kostić,M,Panchina,0,0,
37,13980075,Juventus,Vasilije Adžić,M,Panchina,0,0,
37,13980075,Juventus,Loïs Openda,F,Panchina,0,0,
37,13980075,Juventus,Arkadiusz Milik,F,Panchina,0,0,
37,13980075,Juventus,Jonathan David,F,Panchina,0,0,
37,13980075,Fiorentina,David De Gea,G,Titolare,0,0,
37,13980075,Fiorentina,Dodô,M,Titolare,0,0,
37,13980075,Fiorentina,Marin Pongračić,D,Titolare,0,0,
37,13980075,Fiorentina,Luca Ranieri,D,Titolare,0,0,
37,13980075,Fiorentina,Robin Gosens,D,Titolare,0,0,
37,13980075,Fiorentina,Cher Ndour,M,Titolare,0,0,
37,13980075,Fiorentina,Nicolò Fagioli,M,Titolare,0,0,
37,13980075,Fiorentina,Marco Brescianini,M,Titolare,0,0,
37,13980075,Fiorentina,Fabiano Parisi,D,Titolare,0,0,
37,13980075,Fiorentina,Roberto Piccoli,F,Titolare,0,0,
37,13980075,Fiorentina,Manor Solomon,F,Titolare,0,0,
37,13980075,Fiorentina,Jack Harrison,F,Panchina,0,0,
37,13980075,Fiorentina,Pietro Comuzzo,D,Panchina,0,0,
37,13980075,Fiorentina,Rolando Mandragora,M,Panchina,0,0,
37,13980075,Fiorentina,Albert Guðmundsson,F,Panchina,0,0,
37,13980075,Fiorentina,Luís Balbo,D,Panchina,0,0,
37,13980075,Fiorentina,Luca Lezzerini,G,Panchina,0,0,
37,13980075,Fiorentina,Oliver Christensen,G,Panchina,0,0,
37,13980075,Fiorentina,Daniele Rugani,D,Panchina,0,0,
37,13980075,Fiorentina,Niccolò Fortini,D,Panchina,0,0,
37,13980075,Fiorentina,Giovanni Fabbian,M,Panchina,0,0,
37,13980075,Fiorentina,Riccardo Braschi,F,Panchina,0,0,
37,13980075,Fiorentina,Jacopo Fazzini,F,Panchina,0,0,
37,13980076,Udinese,Maduka Okoye,G,Titolare,0,0,
37,13980076,Udinese,Thomas Kristensen,D,Titolare,0,0,
37,13980076,Udinese,Christian Kabasele,D,Titolare,0,0,
37,13980076,Udinese,Oumar Solet,D,Titolare,0,0,
37,13980076,Udinese,Juan Arizala,M,Titolare,0,0,
37,13980076,Udinese,Lennon Miller,M,Titolare,0,0,
37,13980076,Udinese,Jesper Karlström,M,Titolare,0,0,
37,13980076,Udinese,Arthur Atta,M,Titolare,0,0,
37,13980076,Udinese,Hassane Kamara,M,Titolare,0,0,
37,13980076,Udinese,Adam Buksa,F,Titolare,0,0,
37,13980076,Udinese,Keinan Davis,F,Titolare,0,0,
37,13980076,Udinese,Nicolò Bertola,D,Panchina,0,0,
37,13980076,Udinese,Jordan Zemura,M,Panchina,0,0,
37,13980076,Udinese,Idrissa Gueye,F,Panchina,0,0,
37,13980076,Udinese,Vakoun Issouf Bayo,F,Panchina,0,0,
37,13980076,Udinese,Abdoulaye Camara,M,Panchina,0,0,
37,13980076,Udinese,Daniele Padelli,G,Panchina,0,0,
37,13980076,Udinese,Răzvan Sava,G,Panchina,0,0,
37,13980076,Udinese,Alessandro Nunziante,G,Panchina,0,0,
37,13980076,Udinese,Branimir Mlačić,D,Panchina,0,0,
37,13980076,Udinese,Jakub Piotrowski,M,Panchina,0,0,
37,13980076,Udinese,Oier Zarraga,M,Panchina,0,0,
37,13980076,Cremonese,Emil Audero,G,Titolare,0,0,
37,13980076,Cremonese,Filippo Terracciano,D,Titolare,0,0,
37,13980076,Cremonese,Matteo Bianchetti,D,Titolare,0,0,
37,13980076,Cremonese,Sebastiano Luperto,D,Titolare,0,0,
37,13980076,Cremonese,Tommaso Barbieri,M,Titolare,0,0,
37,13980076,Cremonese,Morten Thorsby,M,Titolare,0,0,
37,13980076,Cremonese,Alberto Grassi,M,Titolare,0,0,
37,13980076,Cremonese,Youssef Maleh,M,Titolare,0,0,
37,13980076,Cremonese,Giuseppe Pezzella,M,Titolare,0,0,
37,13980076,Cremonese,Federico Bonazzoli,F,Titolare,0,0,
37,13980076,Cremonese,Jamie Vardy,F,Titolare,0,0,
37,13980076,Cremonese,Romano Floriani Mussolini,M,Panchina,0,0,
37,13980076,Cremonese,David Okereke,F,Panchina,0,0,
37,13980076,Cremonese,Jari Vandeputte,M,Panchina,0,0,
37,13980076,Cremonese,Michele Collocolo,M,Panchina,0,0,
37,13980076,Cremonese,Milan Đurić,F,Panchina,0,0,
37,13980076,Cremonese,Marco Cassin,G,Panchina,0,0,
37,13980076,Cremonese,Marco Silvestri,G,Panchina,0,0,
37,13980076,Cremonese,Lapo Nava,G,Panchina,0,0,
37,13980076,Cremonese,Francesco Folino,D,Panchina,0,0,
37,13980076,Cremonese,Mikayil Faye,D,Panchina,0,0,
37,13980076,Cremonese,Alessio Zerbin,M,Panchina,0,0,
37,13980076,Cremonese,Martín Payero,M,Panchina,0,0,
37,13980076,Cremonese,Antonio Sanabria,F,Panchina,0,0,
37,13980078,Sassuolo,Stefano Turati,G,Titolare,0,0,
37,13980078,Sassuolo,Woyo Coulibaly,D,Titolare,0,0,
37,13980078,Sassuolo,Pedro Felipe,D,Titolare,0,0,
37,13980078,Sassuolo,Tarik Muharemović,D,Titolare,0,0,
37,13980078,Sassuolo,Ulisses Garcia,D,Titolare,0,0,
37,13980078,Sassuolo,Kristian Thorstvedt,M,Titolare,0,0,
37,13980078,Sassuolo,Nemanja Matić,M,Titolare,0,0,
37,13980078,Sassuolo,Ismael Koné,M,Titolare,0,0,
37,13980078,Sassuolo,Domenico Berardi,F,Titolare,0,0,
37,13980078,Sassuolo,M'bala Nzola,F,Titolare,0,0,
37,13980078,Sassuolo,Armand Laurienté,F,Titolare,0,0,
37,13980078,Sassuolo,Luca Lipani,M,Panchina,0,0,
37,13980078,Sassuolo,Andrea Pinamonti,F,Panchina,0,0,
37,13980078,Sassuolo,Darryl Bakola,M,Panchina,0,0,
37,13980078,Sassuolo,Cristian Volpato,M,Panchina,0,0,
37,13980078,Sassuolo,Christian Frangella,M,Panchina,0,0,
37,13980078,Sassuolo,Arijanet Murić,G,Panchina,0,0,
37,13980078,Sassuolo,Gioele Zacchi,G,Panchina,0,0,
37,13980078,Sassuolo,Giacomo Satalino,G,Panchina,0,0,
37,13980078,Sassuolo,Josh Doig,D,Panchina,0,0,
37,13980078,Sassuolo,Tommaso Macchioni,D,Panchina,0,0,
37,13980078,Sassuolo,Edoardo Iannoni,M,Panchina,0,0,
37,13980078,Sassuolo,Alieu Fadera,F,Panchina,0,0,
37,13980078,Sassuolo,Luca Moro,F,Panchina,0,0,
37,13980078,Lecce,Wladimiro Falcone,G,Titolare,0,0,
37,13980078,Lecce,Danilo Veiga,D,Titolare,0,0,
37,13980078,Lecce,Jamil Siebert,D,Titolare,0,0,
37,13980078,Lecce,Tiago Gabriel,D,Titolare,0,0,
37,13980078,Lecce,Antonino Gallo,D,Titolare,0,0,
37,13980078,Lecce,Ylber Ramadani,M,Titolare,0,0,
37,13980078,Lecce,Oumar Ngom,M,Titolare,0,0,
37,13980078,Lecce,Santiago Pierotti,F,Titolare,0,0,
37,13980078,Lecce,Lassana Coulibaly,M,Titolare,0,0,
37,13980078,Lecce,Lameck Banda,M,Titolare,0,0,
37,13980078,Lecce,Walid Cheddira,F,Titolare,0,0,
37,13980078,Lecce,Gaby Jean,D,Panchina,0,0,
37,13980078,Lecce,Omri Gandelman,M,Panchina,0,0,
37,13980078,Lecce,Francesco Camarda,F,Panchina,0,0,
37,13980078,Lecce,N'Dri Konan,F,Panchina,0,0,
37,13980078,Lecce,Nikola Štulić,F,Panchina,0,0,
37,13980078,Lecce,Jasper Samooja,G,Panchina,0,0,
37,13980078,Lecce,Christian Früchtl,G,Panchina,0,0,
37,13980078,Lecce,Corrie Ndaba,D,Panchina,0,0,
37,13980078,Lecce,Matías Pérez,D,Panchina,0,0,
37,13980078,Lecce,Kialonda Gaspar,D,Panchina,0,0,
37,13980078,Lecce,Þórir Jóhann Helgason,M,Panchina,0,0,
37,13980078,Lecce,Sadik Fofana,M,Panchina,0,0,
37,13980078,Lecce,Olaf Gorter,M,Panchina,0,0,
37,13980078,Lecce,Alex Sala,M,Panchina,0,0,
37,13980078,Lecce,Filip Marchwiński,M,Panchina,0,0,
38,13980061,SSC Napoli,Alex Meret,G,Titolare,0,0,
38,13980061,SSC Napoli,Giovanni Di Lorenzo,D,Titolare,0,0,
38,13980061,SSC Napoli,Amir Rrahmani,D,Titolare,0,0,
38,13980061,SSC Napoli,Mathías Olivera,D,Titolare,0,0,
38,13980061,SSC Napoli,Matteo Politano,M,Titolare,0,0,
38,13980061,SSC Napoli,Stanislav Lobotka,M,Titolare,0,0,
38,13980061,SSC Napoli,Scott McTominay,M,Titolare,0,0,
38,13980061,SSC Napoli,Miguel Gutiérrez,D,Titolare,0,0,
38,13980061,SSC Napoli,Eljif Elmas,M,Titolare,0,0,
38,13980061,SSC Napoli,Rasmus Højlund,F,Titolare,0,0,
38,13980061,SSC Napoli,Alisson Santos,F,Titolare,0,0,
38,13980061,SSC Napoli,Kevin De Bruyne,M,Panchina,0,0,
38,13980061,SSC Napoli,Billy Gilmour,M,Panchina,0,0,
38,13980061,SSC Napoli,Juan Jesus,D,Panchina,0,0,
38,13980061,SSC Napoli,Nikita Contini,G,Panchina,0,0,
38,13980061,SSC Napoli,Pasquale Mazzocchi,M,Panchina,0,0,
38,13980061,SSC Napoli,Vanja Milinković-Savić,G,Panchina,0,0,
38,13980061,SSC Napoli,Sam Beukema,D,Panchina,0,0,
38,13980061,SSC Napoli,Frank Anguissa,M,Panchina,0,0,
38,13980061,SSC Napoli,Giovane,F,Panchina,0,0,
38,13980061,SSC Napoli,Antonio Vergara,F,Panchina,0,0,
38,13980061,Udinese,Maduka Okoye,G,Titolare,0,0,
38,13980061,Udinese,Thomas Kristensen,D,Titolare,0,0,
38,13980061,Udinese,Christian Kabasele,D,Titolare,0,0,
38,13980061,Udinese,Oumar Solet,D,Titolare,0,0,
38,13980061,Udinese,Kingsley Ehizibue,M,Titolare,0,0,
38,13980061,Udinese,Jesper Karlström,M,Titolare,0,0,
38,13980061,Udinese,Lennon Miller,M,Titolare,0,0,
38,13980061,Udinese,Jordan Zemura,M,Titolare,0,0,
38,13980061,Udinese,Jakub Piotrowski,M,Titolare,0,0,
38,13980061,Udinese,Arthur Atta,M,Titolare,0,0,
38,13980061,Udinese,Keinan Davis,F,Titolare,0,0,
38,13980061,Udinese,Idrissa Gueye,F,Panchina,0,0,
38,13980061,Udinese,Nicolò Bertola,D,Panchina,0,0,
38,13980061,Udinese,Adam Buksa,F,Panchina,0,0,
38,13980061,Udinese,Branimir Mlačić,D,Panchina,0,0,
38,13980061,Udinese,Oier Zarraga,M,Panchina,0,0,
38,13980061,Udinese,Alessandro Nunziante,G,Panchina,0,0,
38,13980061,Udinese,Răzvan Sava,G,Panchina,0,0,
38,13980061,Udinese,Daniele Padelli,G,Panchina,0,0,
38,13980061,Udinese,Abdoulaye Camara,M,Panchina,0,0,
38,13980061,Udinese,Vakoun Issouf Bayo,F,Panchina,0,0,
38,13980064,Hellas Verona,Lorenzo Montipò,G,Titolare,0,0,
38,13980064,Hellas Verona,Victor Nelsson,D,Titolare,0,0,
38,13980064,Hellas Verona,Andrias Edmundsson,D,Titolare,0,0,
38,13980064,Hellas Verona,Nicolás Valentini,D,Titolare,0,0,
38,13980064,Hellas Verona,Rafik Belghali,M,Titolare,0,0,
38,13980064,Hellas Verona,Jean Daniel Akpa-Akpro,M,Titolare,0,0,
38,13980064,Hellas Verona,Sandi Lovrić,M,Titolare,0,0,
38,13980064,Hellas Verona,Abdou Harroui,M,Titolare,0,0,
38,13980064,Hellas Verona,Martin Frese,D,Titolare,0,0,
38,13980064,Hellas Verona,Tomáš Suslov,F,Titolare,0,0,
38,13980064,Hellas Verona,Kieron Bowie,F,Titolare,0,0,
38,13980064,Hellas Verona,Armel Bella-Kotchap,D,Panchina,0,0,
38,13980064,Hellas Verona,Moatasem Al-Musrati,M,Panchina,0,0,
38,13980064,Hellas Verona,Domagoj Bradarić,M,Panchina,0,0,
38,13980064,Hellas Verona,Amin Sarr,F,Panchina,0,0,
38,13980064,Hellas Verona,Ioan Vermesan,F,Panchina,0,0,
38,13980064,Hellas Verona,Simone Perilli,G,Panchina,0,0,
38,13980064,Hellas Verona,Giacomo Toniolo,G,Panchina,0,0,
38,13980064,Hellas Verona,Tobias Slotsager,D,Panchina,0,0,
38,13980064,Hellas Verona,Pol Lirola,D,Panchina,0,0,
38,13980064,Hellas Verona,Fallou Cham,D,Panchina,0,0,
38,13980064,Hellas Verona,Antoine Bernede,M,Panchina,0,0,
38,13980064,Hellas Verona,Luca Szimionas,M,Panchina,0,0,
38,13980064,Hellas Verona,Cheikh Niasse,M,Panchina,0,0,
38,13980064,Hellas Verona,Junior Ajayi,F,Panchina,0,0,
38,13980064,Hellas Verona,Isaac,F,Panchina,0,0,
38,13980064,AS Roma,Mile Svilar,G,Titolare,0,0,
38,13980064,AS Roma,Gianluca Mancini,D,Titolare,0,0,
38,13980064,AS Roma,Daniele Ghilardi,D,Titolare,0,0,
38,13980064,AS Roma,Mario Hermoso,D,Titolare,0,0,
38,13980064,AS Roma,Zeki Çelik,D,Titolare,0,0,
38,13980064,AS Roma,Bryan Cristante,M,Titolare,0,0,
38,13980064,AS Roma,Niccolò Pisilli,M,Titolare,0,0,
38,13980064,AS Roma,Devyne Rensch,M,Titolare,0,0,
38,13980064,AS Roma,Matías Soulé,F,Titolare,0,0,
38,13980064,AS Roma,Paulo Dybala,F,Titolare,0,0,
38,13980064,AS Roma,Donyell Malen,F,Titolare,0,0,
38,13980064,AS Roma,Jan Ziółkowski,D,Panchina,0,0,
38,13980064,AS Roma,Neil El Aynaoui,M,Panchina,0,0,
38,13980064,AS Roma,Manu Koné,M,Panchina,0,0,
38,13980064,AS Roma,Stephan El Shaarawy,F,Panchina,0,0,
38,13980064,AS Roma,Robinio Vaz,F,Panchina,0,0,
38,13980064,AS Roma,Pierluigi Gollini,G,Panchina,0,0,
38,13980064,AS Roma,Radosław Żelezny,G,Panchina,0,0,
38,13980064,AS Roma,Giorgio De Marzi,G,Panchina,0,0,
38,13980064,AS Roma,Mohamed Seck,D,Panchina,0,0,
38,13980064,AS Roma,Angeliño,M,Panchina,0,0,
38,13980064,AS Roma,Lorenzo Venturino,F,Panchina,0,0,
38,13980064,AS Roma,Artem Dovbyk,F,Panchina,0,0,
38,13980066,Lecce,Wladimiro Falcone,G,Titolare,0,0,
38,13980066,Lecce,Danilo Veiga,D,Titolare,0,0,
38,13980066,Lecce,Jamil Siebert,D,Titolare,0,0,
38,13980066,Lecce,Tiago Gabriel,D,Titolare,0,0,
38,13980066,Lecce,Antonino Gallo,D,Titolare,0,0,
38,13980066,Lecce,Ylber Ramadani,M,Titolare,0,0,
38,13980066,Lecce,Oumar Ngom,M,Titolare,0,0,
38,13980066,Lecce,Santiago Pierotti,F,Titolare,0,0,
38,13980066,Lecce,Lassana Coulibaly,M,Titolare,0,0,
38,13980066,Lecce,Lameck Banda,M,Titolare,0,0,
38,13980066,Lecce,Walid Cheddira,F,Titolare,0,0,
38,13980066,Lecce,Omri Gandelman,M,Panchina,0,0,
38,13980066,Lecce,N'Dri Konan,F,Panchina,0,0,
38,13980066,Lecce,Gaby Jean,D,Panchina,0,0,
38,13980066,Lecce,Nikola Štulić,F,Panchina,0,0,
38,13980066,Lecce,Kialonda Gaspar,D,Panchina,0,0,
38,13980066,Lecce,Christian Früchtl,G,Panchina,0,0,
38,13980066,Lecce,Jasper Samooja,G,Panchina,0,0,
38,13980066,Lecce,Corrie Ndaba,D,Panchina,0,0,
38,13980066,Lecce,Matías Pérez,D,Panchina,0,0,
38,13980066,Lecce,Olaf Gorter,M,Panchina,0,0,
38,13980066,Lecce,Sadik Fofana,M,Panchina,0,0,
38,13980066,Lecce,Filip Marchwiński,M,Panchina,0,0,
38,13980066,Lecce,Þórir Jóhann Helgason,M,Panchina,0,0,
38,13980066,Lecce,Alex Sala,M,Panchina,0,0,
38,13980066,Lecce,Francesco Camarda,F,Panchina,0,0,
38,13980066,Genoa,Nicola Leali,G,Titolare,0,0,
38,13980066,Genoa,Alessandro Marcandalli,D,Titolare,0,0,
38,13980066,Genoa,Sebastian Otoa,D,Titolare,0,0,
38,13980066,Genoa,Nils Zätterström,D,Titolare,0,0,
38,13980066,Genoa,Stefano Sabelli,M,Titolare,0,0,
38,13980066,Genoa,Morten Frendrup,M,Titolare,0,0,
38,13980066,Genoa,Alexsandro Amorim,M,Titolare,0,0,
38,13980066,Genoa,Patrizio Masini,M,Titolare,0,0,
38,13980066,Genoa,Aarón Martín,M,Titolare,0,0,
38,13980066,Genoa,Mikael Ellertsson,M,Titolare,0,0,
38,13980066,Genoa,Lorenzo Colombo,F,Titolare,0,0,
38,13980066,Genoa,Brooke Norton-Cuffy,D,Panchina,0,0,
38,13980066,Genoa,Wedtoin Latif Ouedraogo,D,Panchina,0,0,
38,13980066,Genoa,Jacopo Grossi,M,Panchina,0,0,
38,13980066,Genoa,Gael Lafont,M,Panchina,0,0,
38,13980066,Genoa,Filippo Carbone,M,Panchina,0,0,
38,13980066,Genoa,Justin Bijlow,G,Panchina,0,0,
38,13980066,Genoa,Daniele Sommariva,G,Panchina,0,0,
38,13980066,Genoa,Johan Vásquez,D,Panchina,0,0,
38,13980066,Genoa,Mamedi Doucoure,D,Panchina,0,0,
38,13980066,Genoa,Elia Spicuglia,M,Panchina,0,0,
38,13980066,Genoa,Marco Romano,M,Panchina,0,0,
38,13980070,Cremonese,Emil Audero,G,Titolare,0,0,
38,13980070,Cremonese,Filippo Terracciano,D,Titolare,0,0,
38,13980070,Cremonese,Matteo Bianchetti,D,Titolare,0,0,
38,13980070,Cremonese,Sebastiano Luperto,D,Titolare,0,0,
38,13980070,Cremonese,Alessio Zerbin,M,Titolare,0,0,
38,13980070,Cremonese,Morten Thorsby,M,Titolare,0,0,
38,13980070,Cremonese,Alberto Grassi,M,Titolare,0,0,
38,13980070,Cremonese,Youssef Maleh,M,Titolare,0,0,
38,13980070,Cremonese,Giuseppe Pezzella,M,Titolare,0,0,
38,13980070,Cremonese,Federico Bonazzoli,F,Titolare,0,0,
38,13980070,Cremonese,Jamie Vardy,F,Titolare,0,0,
38,13980070,Cremonese,Jari Vandeputte,M,Panchina,0,0,
38,13980070,Cremonese,Michele Collocolo,M,Panchina,0,0,
38,13980070,Cremonese,Romano Floriani Mussolini,M,Panchina,0,0,
38,13980070,Cremonese,Tommaso Barbieri,M,Panchina,0,0,
38,13980070,Cremonese,Simone Lottici Tessadri,M,Panchina,0,0,
38,13980070,Cremonese,Lapo Nava,G,Panchina,0,0,
38,13980070,Cremonese,Marco Silvestri,G,Panchina,0,0,
38,13980070,Cremonese,Francesco Folino,D,Panchina,0,0,
38,13980070,Cremonese,Federico Ceccherini,D,Panchina,0,0,
38,13980070,Cremonese,Tommaso Vigilati,D,Panchina,0,0,
38,13980070,Cremonese,David Okereke,F,Panchina,0,0,
38,13980070,Cremonese,Milan Đurić,F,Panchina,0,0,
38,13980070,Como,Jean Butez,G,Titolare,0,0,
38,13980070,Como,Ivan Smolčić,D,Titolare,0,0,
38,13980070,Como,Jacobo Ramón,D,Titolare,0,0,
38,13980070,Como,Marc Kempf,D,Titolare,0,0,
38,13980070,Como,Alberto Moreno,D,Titolare,0,0,
38,13980070,Como,Lucas Da Cunha,M,Titolare,0,0,
38,13980070,Como,Máximo Perrone,M,Titolare,0,0,
38,13980070,Como,Assane Diao,M,Titolare,0,0,
38,13980070,Como,Martin Baturina,M,Titolare,0,0,
38,13980070,Como,Jesús Rodriguez,M,Titolare,0,0,
38,13980070,Como,Anastasios Douvikas,F,Titolare,0,0,
38,13980070,Como,Maxence Caqueret,M,Panchina,0,0,
38,13980070,Como,Ignace Van der Brempt,D,Panchina,0,0,
38,13980070,Como,Mërgim Vojvoda,D,Panchina,0,0,
38,13980070,Como,Sergi Roberto,M,Panchina,0,0,
38,13980070,Como,Álvaro Morata,F,Panchina,0,0,
38,13980070,Como,Mauro Vigorito,G,Panchina,0,0,
38,13980070,Como,Noel Törnqvist,G,Panchina,0,0,
38,13980070,Como,Diego Carlos,D,Panchina,0,0,
38,13980070,Como,Edoardo Goldaniga,D,Panchina,0,0,
38,13980070,Como,Riccardo Cassano,M,Panchina,0,0,
38,13980070,Como,Nico Paz,M,Panchina,0,0,
38,13980070,Como,Adrian Lahdo,M,Panchina,0,0,
38,13980070,Como,Nicolas-Gerrit Kühn,F,Panchina,0,0,
38,13980070,Como,Samuele Pisati,F,Panchina,0,0,
38,13980071,AC Milan,Mike Maignan,G,Titolare,0,0,
38,13980071,AC Milan,Fikayo Tomori,D,Titolare,0,0,
38,13980071,AC Milan,Matteo Gabbia,D,Titolare,0,0,
38,13980071,AC Milan,Strahinja Pavlović,D,Titolare,0,0,
38,13980071,AC Milan,Alexis Saelemaekers,M,Titolare,0,0,
38,13980071,AC Milan,Youssouf Fofana,M,Titolare,0,0,
38,13980071,AC Milan,Ardon Jashari,M,Titolare,0,0,
38,13980071,AC Milan,Adrien Rabiot,M,Titolare,0,0,
38,13980071,AC Milan,Davide Bartesaghi,M,Titolare,0,0,
38,13980071,AC Milan,Santiago Giménez,F,Titolare,0,0,
38,13980071,AC Milan,Christopher Nkunku,F,Titolare,0,0,
38,13980071,AC Milan,Christian Pulišić,F,Panchina,0,0,
38,13980071,AC Milan,Zachary Athekame,D,Panchina,0,0,
38,13980071,AC Milan,Niclas Füllkrug,F,Panchina,0,0,
38,13980071,AC Milan,Luka Modrić,M,Panchina,0,0,
38,13980071,AC Milan,Rafael Leão,F,Panchina,0,0,
38,13980071,AC Milan,Matteo Pittarella,G,Panchina,0,0,
38,13980071,AC Milan,Lorenzo Torriani,G,Panchina,0,0,
38,13980071,AC Milan,Valeri Ivanov Vladimirov ,D,Panchina,0,0,
38,13980071,AC Milan,Koni De Winter,D,Panchina,0,0,
38,13980071,AC Milan,David Odogu,D,Panchina,0,0,
38,13980071,AC Milan,Samuele Ricci,M,Panchina,0,0,
38,13980071,AC Milan,Jacopo Sardo,M,Panchina,0,0,
38,13980071,AC Milan,Pervis Estupiñán,M,Panchina,0,0,
38,13980071,AC Milan,Ruben Loftus-Cheek,M,Panchina,0,0,
38,13980071,AC Milan,Cheveyo Mul-Balentien,F,Panchina,0,0,
38,13980071,Cagliari,Elia Caprile,G,Titolare,0,0,
38,13980071,Cagliari,Zé Pedro,D,Titolare,0,0,
38,13980071,Cagliari,Yerry Mina,D,Titolare,0,0,
38,13980071,Cagliari,Juan Rodríguez,D,Titolare,0,0,
38,13980071,Cagliari,Gabriele Zappa,D,Titolare,0,0,
38,13980071,Cagliari,Michel Adopo,M,Titolare,0,0,
38,13980071,Cagliari,Gianluca Gaetano,M,Titolare,0,0,
38,13980071,Cagliari,Alessandro Deiola,M,Titolare,0,0,
38,13980071,Cagliari,Adam Obert,D,Titolare,0,0,
38,13980071,Cagliari,Gennaro Borrelli,F,Titolare,0,0,
38,13980071,Cagliari,Sebastiano Esposito,F,Titolare,0,0,
38,13980071,Cagliari,Alberto Dossena,D,Panchina,0,0,
38,13980071,Cagliari,Marco Palestra,M,Panchina,0,0,
38,13980071,Cagliari,Sulemana,M,Panchina,0,0,
38,13980071,Cagliari,Paul Mendy,F,Panchina,0,0,
38,13980071,Cagliari,Mattia Felici,F,Panchina,0,0,
38,13980071,Cagliari,Giuseppe Ciocci,G,Panchina,0,0,
38,13980071,Cagliari,Alen Sherri,G,Panchina,0,0,
38,13980071,Cagliari,Othniël Raterink,D,Panchina,0,0,
38,13980071,Cagliari,Nicola Grandu,D,Panchina,0,0,
38,13980071,Cagliari,Agustín Albarracín,M,Panchina,0,0,
38,13980071,Cagliari,Alessandro Sabino Russo,M,Panchina,0,0,
38,13980071,Cagliari,Ivan Sulev,M,Panchina,0,0,
38,13980071,Cagliari,Luca Mazzitelli,M,Panchina,0,0,
38,13980071,Cagliari,Andrea Belotti,F,Panchina,0,0,
38,13980071,Cagliari,Yael Trepy,F,Panchina,0,0,
38,13980072,Lazio,Alessio Furlanetto,G,Titolare,0,0,
38,13980072,Lazio,Adam Marušić,D,Titolare,0,0,
38,13980072,Lazio,Mario Gila,D,Titolare,0,0,
38,13980072,Lazio,Alessio Romagnoli,D,Titolare,0,0,
38,13980072,Lazio,Luca Pellegrini,D,Titolare,0,0,
38,13980072,Lazio,Fisayo Dele-Bashiru,M,Titolare,0,0,
38,13980072,Lazio,Toma Bašić,M,Titolare,0,0,
38,13980072,Lazio,Reda Belahyane,M,Titolare,0,0,
38,13980072,Lazio,Matteo Cancellieri,F,Titolare,0,0,
38,13980072,Lazio,Tijjani Noslin,F,Titolare,0,0,
38,13980072,Lazio,Pedro,F,Titolare,0,0,
38,13980072,Lazio,Oliver Provstgaard,D,Panchina,0,0,
38,13980072,Lazio,Boulaye Dia,F,Panchina,0,0,
38,13980072,Lazio,Daniel Maldini,F,Panchina,0,0,
38,13980072,Lazio,Manuel Lazzari,D,Panchina,0,0,
38,13980072,Lazio,Adrian Przyborek,M,Panchina,0,0,
38,13980072,Lazio,Nicolo Pannozzo,G,Panchina,0,0,
38,13980072,Lazio,Giacomo Giacomone,G,Panchina,0,0,
38,13980072,Lazio,Samuel Gigot,D,Panchina,0,0,
38,13980072,Lazio,Elseid Hysaj,D,Panchina,0,0,
38,13980072,Lazio,Patric,D,Panchina,0,0,
38,13980072,Lazio,Valerio Farcomeni,M,Panchina,0,0,
38,13980072,Lazio,Gustav Isaksen,F,Panchina,0,0,
38,13980072,Lazio,Petar Ratkov,F,Panchina,0,0,
38,13980072,Pisa,Adrian Šemper,G,Titolare,0,0,
38,13980072,Pisa,Arturo Calabresi,D,Titolare,0,0,
38,13980072,Pisa,Simone Canestrelli,D,Titolare,0,0,
38,13980072,Pisa,Rosen Bozhinov,D,Titolare,0,0,
38,13980072,Pisa,Mehdi Léris,M,Titolare,0,0,
38,13980072,Pisa,Michel Aebischer,M,Titolare,0,0,
38,13980072,Pisa,Ebenezer Akinsanmiro,M,Titolare,0,0,
38,13980072,Pisa,Isak Vural,M,Titolare,0,0,
38,13980072,Pisa,Samuele Angori,M,Titolare,0,0,
38,13980072,Pisa,Stefano Moreo,F,Titolare,0,0,
38,13980072,Pisa,Filip Stojilković,F,Titolare,0,0,
38,13980072,Pisa,Malthe Højholt,M,Panchina,0,0,
38,13980072,Pisa,Felipe Loyola,M,Panchina,0,0,
38,13980072,Pisa,Gabriele Piccinini,M,Panchina,0,0,
38,13980072,Pisa,Juan Cuadrado,M,Panchina,0,0,
38,13980072,Pisa,Brando Bettazzi,M,Panchina,0,0,
38,13980072,Pisa,Simone Scuffet,G,Panchina,0,0,
38,13980072,Pisa,Nícolas,G,Panchina,0,0,
38,13980072,Pisa,Raúl Albiol,D,Panchina,0,0,
38,13980072,Pisa,Calvin Stengs,M,Panchina,0,0,
38,13980072,Pisa,Samuel Iling Junior,M,Panchina,0,0,
38,13980072,Pisa,Idrissa Touré,M,Panchina,0,0,
38,13980072,Pisa,Henrik Wendel Meister,F,Panchina,0,0,
38,13980072,Pisa,Rafiu Durosinmi,F,Panchina,0,0,
38,13980074,Parma,Edoardo Corvi,G,Titolare,0,0,
38,13980074,Parma,Alessandro Circati,D,Titolare,0,0,
38,13980074,Parma,Mariano Troilo,D,Titolare,0,0,
38,13980074,Parma,Lautaro Valenti,D,Titolare,0,0,
38,13980074,Parma,Sascha Britschgi,D,Titolare,0,0,
38,13980074,Parma,Christian Ordoñez,M,Titolare,0,0,
38,13980074,Parma,Hans Nicolussi Caviglia,M,Titolare,0,0,
38,13980074,Parma,Mandela Keita,M,Titolare,0,0,
38,13980074,Parma,Emanuele Valeri,M,Titolare,0,0,
38,13980074,Parma,Mateo Pellegrino,F,Titolare,0,0,
38,13980074,Parma,Daniel Mikołajewski,F,Titolare,0,0,
38,13980074,Parma,Alessandro Cardinali,M,Panchina,0,0,
38,13980074,Parma,Abdoulaye Ndiaye,D,Panchina,0,0,
38,13980074,Parma,Oliver Sørensen,M,Panchina,0,0,
38,13980074,Parma,Pontus Almqvist,F,Panchina,0,0,
38,13980074,Parma,Franco Carboni,M,Panchina,0,0,
38,13980074,Parma,Zion Suzuki,G,Panchina,0,0,
38,13980074,Parma,Alessandro Mazzocchi,G,Panchina,0,0,
38,13980074,Parma,Marlon Mena,D,Panchina,0,0,
38,13980074,Parma,Enrico Delprato,D,Panchina,0,0,
38,13980074,Parma,Elia Plicco,M,Panchina,0,0,
38,13980074,Parma,Edoardo Tigani,M,Panchina,0,0,
38,13980074,Parma,Nahuel Estévez,M,Panchina,0,0,
38,13980074,Sassuolo,Stefano Turati,G,Titolare,0,0,
38,13980074,Sassuolo,Woyo Coulibaly,D,Titolare,0,0,
38,13980074,Sassuolo,Tommaso Macchioni,D,Titolare,0,0,
38,13980074,Sassuolo,Jay Idzes,D,Titolare,0,0,
38,13980074,Sassuolo,Ulisses Garcia,D,Titolare,0,0,
38,13980074,Sassuolo,Kristian Thorstvedt,M,Titolare,0,0,
38,13980074,Sassuolo,Luca Lipani,M,Titolare,0,0,
38,13980074,Sassuolo,Ismael Koné,M,Titolare,0,0,
38,13980074,Sassuolo,Domenico Berardi,F,Titolare,0,0,
38,13980074,Sassuolo,Andrea Pinamonti,F,Titolare,0,0,
38,13980074,Sassuolo,Armand Laurienté,F,Titolare,0,0,
38,13980074,Sassuolo,Pedro Felipe,D,Panchina,0,0,
38,13980074,Sassuolo,Nemanja Matić,M,Panchina,0,0,
38,13980074,Sassuolo,M'bala Nzola,F,Panchina,0,0,
38,13980074,Sassuolo,Gioele Zacchi,G,Panchina,0,0,
38,13980074,Sassuolo,Cristian Volpato,M,Panchina,0,0,
38,13980074,Sassuolo,Giacomo Satalino,G,Panchina,0,0,
38,13980074,Sassuolo,Arijanet Murić,G,Panchina,0,0,
38,13980074,Sassuolo,Giorgio Vezzosi,D,Panchina,0,0,
38,13980074,Sassuolo,Tarik Muharemović,D,Panchina,0,0,
38,13980074,Sassuolo,Josh Doig,D,Panchina,0,0,
38,13980074,Sassuolo,Christian Frangella,M,Panchina,0,0,
38,13980074,Sassuolo,Edoardo Iannoni,M,Panchina,0,0,
38,13980074,Sassuolo,Jeffrey Baffoh Nana,M,Panchina,0,0,
38,13980074,Sassuolo,Alieu Fadera,F,Panchina,0,0,
38,13980074,Sassuolo,Luca Moro,F,Panchina,0,0,
38,13980077,Torino,Alberto Paleari,G,Titolare,0,0,
38,13980077,Torino,Saúl Coco,D,Titolare,0,0,
38,13980077,Torino,Ardian Ismajli,D,Titolare,0,0,
38,13980077,Torino,Enzo Ebosse,D,Titolare,0,0,
38,13980077,Torino,Marcus Pedersen,M,Titolare,0,0,
38,13980077,Torino,Emirhan İlkhan,M,Titolare,0,0,
38,13980077,Torino,Gvidas Gineitis,M,Titolare,0,0,
38,13980077,Torino,Rafael Obrador,M,Titolare,0,0,
38,13980077,Torino,Nikola Vlašić,M,Titolare,0,0,
38,13980077,Torino,Giovanni Simeone,F,Titolare,0,0,
38,13980077,Torino,Duván Zapata,F,Titolare,0,0,
38,13980077,Torino,Cesare Casadei,M,Panchina,0,0,
38,13980077,Torino,Che Adams,F,Panchina,0,0,
38,13980077,Torino,Niels Nkounkou,D,Panchina,0,0,
38,13980077,Torino,Alieu Njie,F,Panchina,0,0,
38,13980077,Torino,Matteo Prati,M,Panchina,0,0,
38,13980077,Torino,Lapo Siviero,G,Panchina,0,0,
38,13980077,Torino,Franco Israel,G,Panchina,0,0,
38,13980077,Torino,Cristiano Biraghi,D,Panchina,0,0,
38,13980077,Torino,Mattia Pellini,D,Panchina,0,0,
38,13980077,Torino,Adrien Tameze,D,Panchina,0,0,
38,13980077,Torino,Valentino Lazaro,M,Panchina,0,0,
38,13980077,Torino,Ivan Ilić,M,Panchina,0,0,
38,13980077,Torino,Sandro Kulenović,F,Panchina,0,0,
38,13980077,Torino,Tommaso Gabellini,F,Panchina,0,0,
38,13980077,Juventus,Mattia Perin,G,Titolare,0,0,
38,13980077,Juventus,Pierre Kalulu,D,Titolare,0,0,
38,13980077,Juventus,Federico Gatti,D,Titolare,0,0,
38,13980077,Juventus,Lloyd Kelly,D,Titolare,0,0,
38,13980077,Juventus,Weston McKennie,M,Titolare,0,0,
38,13980077,Juventus,Manuel Locatelli,M,Titolare,0,0,
38,13980077,Juventus,Khéphren Thuram,M,Titolare,0,0,
38,13980077,Juventus,Andrea Cambiaso,M,Titolare,0,0,
38,13980077,Juventus,Francisco Conceição,F,Titolare,0,0,
38,13980077,Juventus,Jérémie Boga,F,Titolare,0,0,
38,13980077,Juventus,Dušan Vlahović,F,Titolare,0,0,
38,13980077,Juventus,Jonathan David,F,Panchina,0,0,
38,13980077,Juventus,Emil Holm,D,Panchina,0,0,
38,13980077,Juventus,Teun Koopmeiners,M,Panchina,0,0,
38,13980077,Juventus,Fabio Miretti,M,Panchina,0,0,
38,13980077,Juventus,Edon Zhegrova,F,Panchina,0,0,
38,13980077,Juventus,Michele Di Gregorio,G,Panchina,0,0,
38,13980077,Juventus,Carlo Pinsoglio,G,Panchina,0,0,
38,13980077,Juventus,Juan Cabal,D,Panchina,0,0,
38,13980077,Juventus,Filip Kostić,M,Panchina,0,0,
38,13980077,Juventus,Vasilije Adžić,M,Panchina,0,0,
38,13980077,Juventus,Arkadiusz Milik,F,Panchina,0,0,
38,13980077,Juventus,Loïs Openda,F,Panchina,0,0,
38,13980077,Juventus,Kenan Yıldız,F,Panchina,0,0,
38,13980079,Bologna,Łukasz Skorupski,G,Titolare,0,0,
38,13980079,Bologna,Lorenzo De Silvestri,D,Titolare,0,0,
38,13980079,Bologna,Eivind Helland,D,Titolare,0,0,
38,13980079,Bologna,Jhon Lucumí,D,Titolare,0,0,
38,13980079,Bologna,Juan Miranda,D,Titolare,0,0,
38,13980079,Bologna,Lewis Ferguson,M,Titolare,0,0,
38,13980079,Bologna,Remo Freuler,M,Titolare,0,0,
38,13980079,Bologna,Tommaso Pobega,M,Titolare,0,0,
38,13980079,Bologna,Federico Bernardeschi,F,Titolare,0,0,
38,13980079,Bologna,Santiago Castro,F,Titolare,0,0,
38,13980079,Bologna,Jonathan Rowe,F,Titolare,0,0,
38,13980079,Bologna,Nadir Zortea,D,Panchina,0,0,
38,13980079,Bologna,Nikola Moro,M,Panchina,0,0,
38,13980079,Bologna,Jens Odgaard,M,Panchina,0,0,
38,13980079,Bologna,Torbjørn Heggem,D,Panchina,0,0,
38,13980079,Bologna,Thijs Dallinga,F,Panchina,0,0,
38,13980079,Bologna,Massimo Pessina,G,Panchina,0,0,
38,13980079,Bologna,Federico Ravaglia,G,Panchina,0,0,
38,13980079,Bologna,Charalampos Lykogiannis,D,Panchina,0,0,
38,13980079,Bologna,João Mário,D,Panchina,0,0,
38,13980079,Bologna,Simon Sohm,M,Panchina,0,0,
38,13980079,Bologna,Benjamín Domínguez,M,Panchina,0,0,
38,13980079,Inter,Josep Martínez,G,Titolare,0,0,
38,13980079,Inter,Yann Bisseck,D,Titolare,0,0,
38,13980079,Inter,Stefan de Vrij,D,Titolare,0,0,
38,13980079,Inter,Carlos Augusto,D,Titolare,0,0,
38,13980079,Inter,Andy Diouf,M,Titolare,0,0,
38,13980079,Inter,Nicolò Barella,M,Titolare,0,0,
38,13980079,Inter,Petar Sučić,M,Titolare,0,0,
38,13980079,Inter,Piotr Zieliński,M,Titolare,0,0,
38,13980079,Inter,Federico Dimarco,M,Titolare,0,0,
38,13980079,Inter,Francesco Pio Esposito,F,Titolare,0,0,
38,13980079,Inter,Lautaro Martínez,F,Titolare,0,0,
38,13980079,Inter,Henrikh Mkhitaryan,M,Panchina,0,0,
38,13980079,Inter,Luís Henrique,M,Panchina,0,0,
38,13980079,Inter,Ange-Yoan Bonny,F,Panchina,0,0,
38,13980079,Inter,Matteo Cocchi,M,Panchina,0,0,
38,13980079,Inter,Luka Topalović,M,Panchina,0,0,
38,13980079,Inter,Raffaele Di Gennaro,G,Panchina,0,0,
38,13980079,Inter,Yann Sommer,G,Panchina,0,0,
38,13980079,Inter,Francesco Acerbi,D,Panchina,0,0,
38,13980079,Inter,Matteo Darmian,D,Panchina,0,0,
38,13980079,Inter,Alessandro Bastoni,D,Panchina,0,0,
38,13980079,Inter,Iwo Kaczmarski,M,Panchina,0,0,
38,13980079,Inter,Mattia Mosconi,F,Panchina,0,0,
38,13980080,Fiorentina,Oliver Christensen,G,Titolare,0,0,
38,13980080,Fiorentina,Dodô,M,Titolare,0,0,
38,13980080,Fiorentina,Pietro Comuzzo,D,Titolare,0,0,
38,13980080,Fiorentina,Daniele Rugani,D,Titolare,0,0,
38,13980080,Fiorentina,Robin Gosens,D,Titolare,0,0,
38,13980080,Fiorentina,Giovanni Fabbian,M,Titolare,0,0,
38,13980080,Fiorentina,Rolando Mandragora,M,Titolare,0,0,
38,13980080,Fiorentina,Marco Brescianini,M,Titolare,0,0,
38,13980080,Fiorentina,Jack Harrison,F,Titolare,0,0,
38,13980080,Fiorentina,Roberto Piccoli,F,Titolare,0,0,
38,13980080,Fiorentina,Albert Guðmundsson,F,Titolare,0,0,
38,13980080,Fiorentina,Marin Pongračić,D,Panchina,0,0,
38,13980080,Fiorentina,Cher Ndour,M,Panchina,0,0,
38,13980080,Fiorentina,Luís Balbo,D,Panchina,0,0,
38,13980080,Fiorentina,Manor Solomon,F,Panchina,0,0,
38,13980080,Fiorentina,Luca Lezzerini,G,Panchina,0,0,
38,13980080,Fiorentina,David De Gea,G,Panchina,0,0,
38,13980080,Fiorentina,Niccolò Fortini,D,Panchina,0,0,
38,13980080,Fiorentina,Nicolò Fagioli,M,Panchina,0,0,
38,13980080,Fiorentina,Giorgio Puzzoli,M,Panchina,0,0,
38,13980080,Fiorentina,Riccardo Braschi,F,Panchina,0,0,
38,13980080,Atalanta,Marco Sportiello,G,Titolare,0,0,
38,13980080,Atalanta,Giorgio Scalvini,D,Titolare,0,0,
38,13980080,Atalanta,Isak Hien,D,Titolare,0,0,
38,13980080,Atalanta,Honest Ahanor,D,Titolare,0,0,
38,13980080,Atalanta,Raoul Bellanova,M,Titolare,0,0,
38,13980080,Atalanta,Marten de Roon,M,Titolare,0,0,
38,13980080,Atalanta,Mario Pašalić,M,Titolare,0,0,
38,13980080,Atalanta,Yunus Musah,M,Titolare,0,0,
38,13980080,Atalanta,Lazar Samardžić,M,Titolare,0,0,
38,13980080,Atalanta,Kamaldeen Sulemana,F,Titolare,0,0,
38,13980080,Atalanta,Giacomo Raspadori,F,Titolare,0,0,
38,13980080,Atalanta,Davide Zappacosta,M,Panchina,0,0,
38,13980080,Atalanta,Charles De Ketelaere,F,Panchina,0,0,
38,13980080,Atalanta,Berat Djimsiti,D,Panchina,0,0,
38,13980080,Atalanta,Dominic Vavassori,F,Panchina,0,0,
38,13980080,Atalanta,Gianluca Scamacca,F,Panchina,0,0,
38,13980080,Atalanta,Francesco Rossi,G,Panchina,0,0,
38,13980080,Atalanta,Marco Carnesecchi,G,Panchina,0,0,
38,13980080,Atalanta,Relja Obrić,D,Panchina,0,0,
38,13980080,Atalanta,Sead Kolašinac,D,Panchina,0,0,
38,13980080,Atalanta,Mitchel Bakker,D,Panchina,0,0,
38,13980080,Atalanta,Éderson,M,Panchina,0,0,
38,13980080,Atalanta,Nicola Zalewski,M,Panchina,0,0,
38,13980080,Atalanta,Nikola Krstović,F,Panchina,0,0,
